0.000000000000000000e+00,0.000000000000000000e+00,0.000000000000000000e+00,0.000000000000000000e+00,0.000000000000000000e+00,0.000000000000000000e+00,0.000000000000000000e+00,0.000000000000000000e+00,0.000000000000000000e+00,0.000000000000000000e+00,0.000000000000000000e+00,0.000000000000000000e+00,0.000000000000000000e+00,0.000000000000000000e+00,0.000000000000000000e+00,0.000000000000000000e+00,0.000000000000000000e+00,0.000000000000000000e+00,0.000000000000000000e+00,0.000000000000000000e+00,0.000000000000000000e+00,0.000000000000000000e+00,0.000000000000000000e+00,0.000000000000000000e+00,0.000000000000000000e+00,0.000000000000000000e+00,0.000000000000000000e+00,0.000000000000000000e+00,0.000000000000000000e+00,2.130793807155082850e-18,1.965638530158457401e-17,1.235237791139412681e-16,5.656213025528668654e-16,2.013100598610968397e-15,5.911184749817881869e-15,1.509124226919574748e-14,3.500817349771210578e-14,7.646402702114712436e-14,1.616671809835360091e-13,3.378659081085063739e-13,7.098526789911942959e-13,1.555737631217145863e-12,3.869356807797684368e-12,1.088681201477618464e-11,3.114585527285264199e-11,8.614646018441516739e-11,2.325046165095206656e-10,6.264430498220512199e-10,1.716159668268066992e-09,4.836886303725465858e-09,1.412274289301846583e-08,4.289470630405730632e-08,1.358920923194023863e-07,0.000000000000000000e+00,0.000000000000000000e+00,0.000000000000000000e+00,0.000000000000000000e+00,0.000000000000000000e+00,0.000000000000000000e+00,0.000000000000000000e+00,0.000000000000000000e+00,0.000000000000000000e+00,0.000000000000000000e+00,0.000000000000000000e+00,0.000000000000000000e+00,0.000000000000000000e+00,0.000000000000000000e+00,0.000000000000000000e+00,0.000000000000000000e+00,0.000000000000000000e+00,0.000000000000000000e+00,0.000000000000000000e+00,0.000000000000000000e+00,0.000000000000000000e+00,0.000000000000000000e+00,0.000000000000000000e+00,0.000000000000000000e+00,0.000000000000000000e+00,0.000000000000000000e+00,0.000000000000000000e+00,0.000000000000000000e+00,0.000000000000000000e+00,0.000000000000000000e+00,0.000000000000000000e+00,0.000000000000000000e+00,0.000000000000000000e+00,0.000000000000000000e+00,0.000000000000000000e+00,0.000000000000000000e+00,0.000000000000000000e+00,0.000000000000000000e+00,0.000000000000000000e+00,0.000000000000000000e+00,0.000000000000000000e+00,0.000000000000000000e+00,0.000000000000000000e+00,0.000000000000000000e+00,0.000000000000000000e+00,0.000000000000000000e+00,0.000000000000000000e+00
1.880894856754836893e-150,5.550741417709538210e-148,1.408381686049995276e-144,1.609545028842712923e-140,6.335862365859734824e-136,7.161512701225384407e-131,1.999075864964200819e-125,1.198657588131886817e-119,1.345004906592780835e-113,2.457856976609275491e-107,6.332331915761479789e-101,1.980853015885231346e-94,6.468166223588673486e-88,1.892192920173446634e-81,4.266568940923821491e-75,6.421512786153331725e-69,5.642055857237067116e-63,2.564044930059866011e-57,5.437867707784478486e-52,4.952108675529447332e-47,1.822501399768140251e-42,2.611023432812995658e-38,1.437511483454951139e-34,3.074738798565852936e-31,2.641700064597913658e-28,9.616331602040979578e-26,1.590792435394929806e-23,1.299215953429677070e-21,5.749209152947415676e-20,1.103262911817563208e-18,9.579237437356883719e-18,5.906145181482597577e-17,2.782999170453056240e-16,1.051093238601369036e-15,3.302842729813380501e-15,8.964142803496685169e-15,2.182757505215649928e-14,4.938967740262208489e-14,1.069878300603343221e-13,2.271729963709253473e-13,4.813357290274996932e-13,1.030941212110221773e-12,2.252734880325732724e-12,5.080115350226761092e-12,1.259840616064985793e-11,3.720374424972264851e-11,1.181402894767264666e-10,3.629056394089915052e-10,1.074064287607309554e-09,3.149909807990679562e-09,9.373020124361263540e-09,2.871190691299576285e-08,9.126782027325108436e-08,0.000000000000000000e+00,0.000000000000000000e+00,0.000000000000000000e+00,0.000000000000000000e+00,0.000000000000000000e+00,0.000000000000000000e+00,0.000000000000000000e+00,0.000000000000000000e+00,0.000000000000000000e+00,0.000000000000000000e+00,0.000000000000000000e+00,0.000000000000000000e+00,0.000000000000000000e+00,0.000000000000000000e+00,0.000000000000000000e+00,0.000000000000000000e+00,0.000000000000000000e+00,0.000000000000000000e+00,0.000000000000000000e+00,0.000000000000000000e+00,0.000000000000000000e+00,0.000000000000000000e+00,0.000000000000000000e+00,0.000000000000000000e+00,0.000000000000000000e+00,0.000000000000000000e+00,0.000000000000000000e+00,0.000000000000000000e+00,0.000000000000000000e+00,0.000000000000000000e+00,0.000000000000000000e+00,0.000000000000000000e+00,0.000000000000000000e+00,0.000000000000000000e+00,0.000000000000000000e+00,0.000000000000000000e+00,0.000000000000000000e+00,0.000000000000000000e+00,0.000000000000000000e+00,0.000000000000000000e+00,0.000000000000000000e+00,0.000000000000000000e+00,0.000000000000000000e+00,0.000000000000000000e+00,0.000000000000000000e+00,0.000000000000000000e+00,0.000000000000000000e+00
1.866686340195611473e-150,5.509994052130753866e-148,1.398459296744883156e-144,1.598775532474007338e-140,6.296015069437644196e-136,7.119622710561607223e-131,1.988315084948458297e-125,1.191953588478006444e-119,1.339036001146055212e-113,2.447997885136548228e-107,6.304731941566006913e-101,1.972623489406016079e-94,6.441271888236921793e-88,1.883780379806305170e-81,4.244851381727900948e-75,6.386618633093857412e-69,5.599434945772602843e-63,2.540354593793543691e-57,5.378217155454254388e-52,4.891168373056573653e-47,1.798253419396865326e-42,2.575864245136394883e-38,1.419123026390926341e-34,3.039544655816772844e-31,2.616665750428079332e-28,9.547062310348255323e-26,1.583003448333942572e-23,1.295273114359903940e-21,5.732411083689880569e-20,1.095624684449350035e-18,9.424599879086702172e-18,5.747892356451373829e-17,2.692235617068530300e-16,1.018296207165540225e-15,3.220453320113360390e-15,8.809908731524858508e-15,2.160612342194975444e-14,4.916179143517806071e-14,1.069177662118501977e-13,2.276299644498784045e-13,4.831211968173004662e-13,1.035843372333465243e-12,2.264766295582285769e-12,5.094775872104832584e-12,1.236826757256403305e-11,3.568101868228270552e-11,1.139585874770375070e-10,3.555636512188181511e-10,1.064523671331298157e-09,3.141957878637150293e-09,9.378740063324476599e-09,2.877087109035151746e-08,9.151251423589556978e-08,0.000000000000000000e+00,0.000000000000000000e+00,0.000000000000000000e+00,0.000000000000000000e+00,0.000000000000000000e+00,0.000000000000000000e+00,0.000000000000000000e+00,0.000000000000000000e+00,0.000000000000000000e+00,0.000000000000000000e+00,0.000000000000000000e+00,0.000000000000000000e+00,0.000000000000000000e+00,0.000000000000000000e+00,0.000000000000000000e+00,0.000000000000000000e+00,0.000000000000000000e+00,0.000000000000000000e+00,0.000000000000000000e+00,0.000000000000000000e+00,0.000000000000000000e+00,0.000000000000000000e+00,0.000000000000000000e+00,0.000000000000000000e+00,0.000000000000000000e+00,0.000000000000000000e+00,0.000000000000000000e+00,0.000000000000000000e+00,0.000000000000000000e+00,0.000000000000000000e+00,0.000000000000000000e+00,0.000000000000000000e+00,0.000000000000000000e+00,0.000000000000000000e+00,0.000000000000000000e+00,0.000000000000000000e+00,0.000000000000000000e+00,0.000000000000000000e+00,0.000000000000000000e+00,0.000000000000000000e+00,0.000000000000000000e+00,0.000000000000000000e+00,0.000000000000000000e+00,0.000000000000000000e+00,0.000000000000000000e+00,0.000000000000000000e+00,0.000000000000000000e+00
1.856827521382674621e-150,5.485856166931466274e-148,1.391792271551358335e-144,1.591729348123941046e-140,6.270857106500486878e-136,7.094408944069102919e-131,1.980874922804803915e-125,1.188920311320945338e-119,1.335388331807150357e-113,2.440826994760444682e-107,6.293296155237777210e-101,1.968291130803602424e-94,6.427967849742370442e-88,1.879651120516120704e-81,4.233579086208853830e-75,6.355224512501030503e-69,5.568744115852217962e-63,2.520608947053041878e-57,5.327165398512312157e-52,4.836389399273512254e-47,1.775881612280516391e-42,2.542648130580640067e-38,1.401347028406070170e-34,3.004929372723812954e-31,2.591381475005885721e-28,9.474592491934581475e-26,1.574551255787259002e-23,1.290962320207515027e-21,5.718230430250262499e-20,1.090139589780235025e-18,9.304345950706448364e-18,5.611503018239606274e-17,2.607146336356361269e-16,9.852522450560939030e-16,3.131664070961102912e-15,8.630269358445513921e-15,2.131554888481815812e-14,4.877596910917717687e-14,1.065131475489618418e-13,2.273947794997191320e-13,4.834756536649683887e-13,1.037727338995501895e-12,2.270335532522150713e-12,5.103342360346981034e-12,1.222905225665561957e-11,3.453562866169531237e-11,1.101757595519539856e-10,3.471147774725426563e-10,1.047771052951924830e-09,3.107138566377792769e-09,9.296634506842274005e-09,2.854985995841764641e-08,9.085187004586196706e-08,0.000000000000000000e+00,0.000000000000000000e+00,0.000000000000000000e+00,0.000000000000000000e+00,0.000000000000000000e+00,0.000000000000000000e+00,0.000000000000000000e+00,0.000000000000000000e+00,0.000000000000000000e+00,0.000000000000000000e+00,0.000000000000000000e+00,0.000000000000000000e+00,0.000000000000000000e+00,0.000000000000000000e+00,0.000000000000000000e+00,0.000000000000000000e+00,0.000000000000000000e+00,0.000000000000000000e+00,0.000000000000000000e+00,0.000000000000000000e+00,0.000000000000000000e+00,0.000000000000000000e+00,0.000000000000000000e+00,0.000000000000000000e+00,0.000000000000000000e+00,0.000000000000000000e+00,0.000000000000000000e+00,0.000000000000000000e+00,0.000000000000000000e+00,0.000000000000000000e+00,0.000000000000000000e+00,0.000000000000000000e+00,0.000000000000000000e+00,0.000000000000000000e+00,0.000000000000000000e+00,0.000000000000000000e+00,0.000000000000000000e+00,0.000000000000000000e+00,0.000000000000000000e+00,0.000000000000000000e+00,0.000000000000000000e+00,0.000000000000000000e+00,0.000000000000000000e+00,0.000000000000000000e+00,0.000000000000000000e+00,0.000000000000000000e+00,0.000000000000000000e+00
1.894855102273162245e-150,5.594750049310687739e-148,1.418582879202577766e-144,1.621446229153806490e-140,6.380011035644278208e-136,7.209056929851592192e-131,2.011835503137934369e-125,1.206050948819285293e-119,1.353007321366251645e-113,2.471778348769608299e-107,6.365396486500159968e-101,1.989770489835545849e-94,6.485329772813795743e-88,1.893889941766728775e-81,4.259571257461572530e-75,6.393395316769762129e-69,5.588946852962172324e-63,2.528819643230417094e-57,5.334488596546851386e-52,4.836539468596481012e-47,1.774014405231195565e-42,2.537515930857734717e-38,1.397488907729616115e-34,2.995630353492908400e-31,2.582643488926862255e-28,9.443161325930612127e-26,1.569490918915924208e-23,1.287088603762782603e-21,5.702882609148653778e-20,1.088115947325478117e-18,9.300008667214381836e-18,5.615948589188079341e-17,2.608668438792982596e-16,9.837457046479825013e-16,3.116785007468102428e-15,8.561108291689162123e-15,2.108644831043995287e-14,4.815209585549903734e-14,1.049996213620888778e-13,2.239472300008527537e-13,4.758570900301654455e-13,1.020989051259855376e-12,2.233261137429262697e-12,5.033505357214337469e-12,1.235643212546907371e-11,3.574156016484013224e-11,1.118372618600497334e-10,3.413167877276288091e-10,1.007558361476367381e-09,2.951715354424241251e-09,8.779195737241968996e-09,2.688713584097445923e-08,8.545761098118270158e-08,0.000000000000000000e+00,0.000000000000000000e+00,0.000000000000000000e+00,0.000000000000000000e+00,0.000000000000000000e+00,0.000000000000000000e+00,0.000000000000000000e+00,0.000000000000000000e+00,0.000000000000000000e+00,0.000000000000000000e+00,0.000000000000000000e+00,0.000000000000000000e+00,0.000000000000000000e+00,0.000000000000000000e+00,0.000000000000000000e+00,0.000000000000000000e+00,0.000000000000000000e+00,0.000000000000000000e+00,0.000000000000000000e+00,0.000000000000000000e+00,0.000000000000000000e+00,0.000000000000000000e+00,0.000000000000000000e+00,0.000000000000000000e+00,0.000000000000000000e+00,0.000000000000000000e+00,0.000000000000000000e+00,0.000000000000000000e+00,0.000000000000000000e+00,0.000000000000000000e+00,0.000000000000000000e+00,0.000000000000000000e+00,0.000000000000000000e+00,0.000000000000000000e+00,0.000000000000000000e+00,0.000000000000000000e+00,0.000000000000000000e+00,0.000000000000000000e+00,0.000000000000000000e+00,0.000000000000000000e+00,0.000000000000000000e+00,0.000000000000000000e+00,0.000000000000000000e+00,0.000000000000000000e+00,0.000000000000000000e+00,0.000000000000000000e+00,0.000000000000000000e+00
0.000000000000000000e+00,0.000000000000000000e+00,0.000000000000000000e+00,0.000000000000000000e+00,0.000000000000000000e+00,0.000000000000000000e+00,0.000000000000000000e+00,0.000000000000000000e+00,0.000000000000000000e+00,0.000000000000000000e+00,0.000000000000000000e+00,0.000000000000000000e+00,0.000000000000000000e+00,0.000000000000000000e+00,0.000000000000000000e+00,0.000000000000000000e+00,0.000000000000000000e+00,0.000000000000000000e+00,0.000000000000000000e+00,0.000000000000000000e+00,0.000000000000000000e+00,0.000000000000000000e+00,0.000000000000000000e+00,0.000000000000000000e+00,0.000000000000000000e+00,0.000000000000000000e+00,0.000000000000000000e+00,0.000000000000000000e+00,0.000000000000000000e+00,9.839758156755063075e-19,8.564865586869725400e-18,5.262129355108814357e-17,2.451488849286340252e-16,9.108852096923854363e-16,2.814473877456151807e-15,7.529267858399375745e-15,1.813188052766101303e-14,4.070396657067528077e-14,8.769991928118993981e-14,1.855636455173332527e-13,3.922916946571720735e-13,8.391312562317814259e-13,1.843620049083073727e-12,4.383484391028667600e-12,1.183458440463265527e-11,3.395214850547783480e-11,9.645393413169481447e-11,2.693553471330500596e-10,7.528720954998752039e-10,2.143383919578235685e-09,6.287594296029848550e-09,1.913449298843903537e-08,6.064391249645734807e-08,0.000000000000000000e+00,0.000000000000000000e+00,0.000000000000000000e+00,0.000000000000000000e+00,0.000000000000000000e+00,0.000000000000000000e+00,0.000000000000000000e+00,0.000000000000000000e+00,0.000000000000000000e+00,0.000000000000000000e+00,0.000000000000000000e+00,0.000000000000000000e+00,0.000000000000000000e+00,0.000000000000000000e+00,0.000000000000000000e+00,0.000000000000000000e+00,0.000000000000000000e+00,0.000000000000000000e+00,0.000000000000000000e+00,0.000000000000000000e+00,0.000000000000000000e+00,0.000000000000000000e+00,0.000000000000000000e+00,0.000000000000000000e+00,0.000000000000000000e+00,0.000000000000000000e+00,0.000000000000000000e+00,0.000000000000000000e+00,0.000000000000000000e+00,0.000000000000000000e+00,0.000000000000000000e+00,0.000000000000000000e+00,0.000000000000000000e+00,0.000000000000000000e+00,0.000000000000000000e+00,0.000000000000000000e+00,0.000000000000000000e+00,0.000000000000000000e+00,0.000000000000000000e+00,0.000000000000000000e+00,0.000000000000000000e+00,0.000000000000000000e+00,0.000000000000000000e+00,0.000000000000000000e+00,0.000000000000000000e+00,0.000000000000000000e+00,0.000000000000000000e+00
0.000000000000000000e+00,0.000000000000000000e+00,0.000000000000000000e+00,0.000000000000000000e+00,0.000000000000000000e+00,0.000000000000000000e+00,0.000000000000000000e+00,0.000000000000000000e+00,0.000000000000000000e+00,0.000000000000000000e+00,0.000000000000000000e+00,0.000000000000000000e+00,0.000000000000000000e+00,0.000000000000000000e+00,0.000000000000000000e+00,0.000000000000000000e+00,0.000000000000000000e+00,0.000000000000000000e+00,0.000000000000000000e+00,0.000000000000000000e+00,0.000000000000000000e+00,0.000000000000000000e+00,0.000000000000000000e+00,0.000000000000000000e+00,0.000000000000000000e+00,0.000000000000000000e+00,0.000000000000000000e+00,0.000000000000000000e+00,0.000000000000000000e+00,9.659348936546201480e-19,8.533813103201921930e-18,5.189751640615054802e-17,2.326305867742853771e-16,8.177829866007537908e-16,2.385474503567961930e-15,6.069724012482185960e-15,1.405631601104274743e-14,3.067241541170610024e-14,6.480860988888588839e-14,1.353676703294653066e-13,2.838480667642834119e-13,6.080992993025239769e-13,1.396323578040343231e-12,3.578219943214204504e-12,9.722616024306149101e-12,2.637848148991620240e-11,7.073942800540734315e-11,1.901343359000830596e-10,5.201920329776145472e-10,1.464585178143979420e-09,4.271966051238811396e-09,1.296104558123365157e-08,4.100354684481115532e-08,0.000000000000000000e+00,0.000000000000000000e+00,0.000000000000000000e+00,0.000000000000000000e+00,0.000000000000000000e+00,0.000000000000000000e+00,0.000000000000000000e+00,0.000000000000000000e+00,0.000000000000000000e+00,0.000000000000000000e+00,0.000000000000000000e+00,0.000000000000000000e+00,0.000000000000000000e+00,0.000000000000000000e+00,0.000000000000000000e+00,0.000000000000000000e+00,0.000000000000000000e+00,0.000000000000000000e+00,0.000000000000000000e+00,0.000000000000000000e+00,0.000000000000000000e+00,0.000000000000000000e+00,0.000000000000000000e+00,0.000000000000000000e+00,0.000000000000000000e+00,0.000000000000000000e+00,0.000000000000000000e+00,0.000000000000000000e+00,0.000000000000000000e+00,0.000000000000000000e+00,0.000000000000000000e+00,0.000000000000000000e+00,0.000000000000000000e+00,0.000000000000000000e+00,0.000000000000000000e+00,0.000000000000000000e+00,0.000000000000000000e+00,0.000000000000000000e+00,0.000000000000000000e+00,0.000000000000000000e+00,0.000000000000000000e+00,0.000000000000000000e+00,0.000000000000000000e+00,0.000000000000000000e+00,0.000000000000000000e+00,0.000000000000000000e+00,0.000000000000000000e+00
3.542355344420015189e-148,9.312430098360461640e-146,2.014954863811878516e-142,1.905413834026029360e-138,6.054687119095241347e-134,5.415246906356646837e-129,1.174011562968001955e-123,5.395632803213667857e-118,4.592147190886598056e-112,6.319572197485678376e-106,1.219714460254150253e-99,2.858496017745553825e-93,7.010259862991781176e-87,1.549692388617285711e-80,2.665872889745549104e-74,3.091752476515113305e-68,2.120474414622750950e-62,7.631714172284620148e-57,1.301704677323954421e-51,9.676755151164184456e-47,2.954865238800515068e-42,3.573653559269650598e-38,1.691026592520609971e-34,3.167470693564591269e-31,2.429124825512097228e-28,8.045885077741204188e-26,1.235025706034626325e-23,9.561218285727822414e-22,4.102755560272633919e-20,7.740718793271839683e-19,6.646126510778983646e-18,3.962955074260257354e-17,1.755232814421797706e-16,6.130510630250599793e-16,1.782547557256336831e-15,4.528226758183601631e-15,1.047501183869596900e-14,2.283159121369433470e-14,4.817179031711330325e-14,1.004319144119707972e-13,2.100855873453833573e-13,4.463692567414426433e-13,9.910934994249234511e-13,2.446548553134026067e-12,6.669428402703886282e-12,1.856418955871579373e-11,5.089586038398467325e-11,1.385001647296325771e-10,3.807096138624687312e-10,1.071919633462292421e-09,3.118782643458857005e-09,9.425679585026411232e-09,2.968114408830994692e-08,0.000000000000000000e+00,0.000000000000000000e+00,0.000000000000000000e+00,0.000000000000000000e+00,0.000000000000000000e+00,0.000000000000000000e+00,0.000000000000000000e+00,0.000000000000000000e+00,0.000000000000000000e+00,0.000000000000000000e+00,0.000000000000000000e+00,0.000000000000000000e+00,0.000000000000000000e+00,0.000000000000000000e+00,0.000000000000000000e+00,0.000000000000000000e+00,0.000000000000000000e+00,0.000000000000000000e+00,0.000000000000000000e+00,0.000000000000000000e+00,0.000000000000000000e+00,0.000000000000000000e+00,0.000000000000000000e+00,0.000000000000000000e+00,0.000000000000000000e+00,0.000000000000000000e+00,0.000000000000000000e+00,0.000000000000000000e+00,0.000000000000000000e+00,0.000000000000000000e+00,0.000000000000000000e+00,0.000000000000000000e+00,0.000000000000000000e+00,0.000000000000000000e+00,0.000000000000000000e+00,0.000000000000000000e+00,0.000000000000000000e+00,0.000000000000000000e+00,0.000000000000000000e+00,0.000000000000000000e+00,0.000000000000000000e+00,0.000000000000000000e+00,0.000000000000000000e+00,0.000000000000000000e+00,0.000000000000000000e+00,0.000000000000000000e+00,0.000000000000000000e+00
0.000000000000000000e+00,0.000000000000000000e+00,0.000000000000000000e+00,0.000000000000000000e+00,0.000000000000000000e+00,0.000000000000000000e+00,0.000000000000000000e+00,0.000000000000000000e+00,0.000000000000000000e+00,0.000000000000000000e+00,0.000000000000000000e+00,0.000000000000000000e+00,0.000000000000000000e+00,0.000000000000000000e+00,0.000000000000000000e+00,0.000000000000000000e+00,0.000000000000000000e+00,0.000000000000000000e+00,0.000000000000000000e+00,0.000000000000000000e+00,0.000000000000000000e+00,0.000000000000000000e+00,0.000000000000000000e+00,0.000000000000000000e+00,0.000000000000000000e+00,0.000000000000000000e+00,0.000000000000000000e+00,0.000000000000000000e+00,0.000000000000000000e+00,4.521875789041414222e-19,3.648345766069426820e-18,2.064458068899227253e-17,8.744031379351384079e-17,2.942810458968551551e-16,8.305141265693655120e-16,2.060184554125763686e-15,4.674291591468948327e-15,1.001969769313949316e-14,2.081769121226539773e-14,4.275182654805265758e-14,8.808687183002517726e-14,1.855886850721650441e-13,4.184125313724191243e-13,1.038312926633920935e-12,2.708143436520118711e-12,7.074857536985000298e-12,1.836434528819090736e-11,4.791763038398510792e-11,1.273731069954787461e-10,3.482858679800905505e-10,9.856974478805006737e-10,2.898268053208502033e-09,8.874466428630001841e-09,0.000000000000000000e+00,0.000000000000000000e+00,0.000000000000000000e+00,0.000000000000000000e+00,0.000000000000000000e+00,0.000000000000000000e+00,0.000000000000000000e+00,0.000000000000000000e+00,0.000000000000000000e+00,0.000000000000000000e+00,0.000000000000000000e+00,0.000000000000000000e+00,0.000000000000000000e+00,0.000000000000000000e+00,0.000000000000000000e+00,0.000000000000000000e+00,0.000000000000000000e+00,0.000000000000000000e+00,0.000000000000000000e+00,0.000000000000000000e+00,0.000000000000000000e+00,0.000000000000000000e+00,0.000000000000000000e+00,0.000000000000000000e+00,0.000000000000000000e+00,0.000000000000000000e+00,0.000000000000000000e+00,0.000000000000000000e+00,0.000000000000000000e+00,0.000000000000000000e+00,0.000000000000000000e+00,0.000000000000000000e+00,0.000000000000000000e+00,0.000000000000000000e+00,0.000000000000000000e+00,0.000000000000000000e+00,0.000000000000000000e+00,0.000000000000000000e+00,0.000000000000000000e+00,0.000000000000000000e+00,0.000000000000000000e+00,0.000000000000000000e+00,0.000000000000000000e+00,0.000000000000000000e+00,0.000000000000000000e+00,0.000000000000000000e+00,0.000000000000000000e+00
0.000000000000000000e+00,0.000000000000000000e+00,0.000000000000000000e+00,0.000000000000000000e+00,0.000000000000000000e+00,0.000000000000000000e+00,0.000000000000000000e+00,0.000000000000000000e+00,0.000000000000000000e+00,0.000000000000000000e+00,0.000000000000000000e+00,0.000000000000000000e+00,0.000000000000000000e+00,0.000000000000000000e+00,0.000000000000000000e+00,0.000000000000000000e+00,0.000000000000000000e+00,0.000000000000000000e+00,0.000000000000000000e+00,0.000000000000000000e+00,0.000000000000000000e+00,0.000000000000000000e+00,0.000000000000000000e+00,0.000000000000000000e+00,0.000000000000000000e+00,0.000000000000000000e+00,0.000000000000000000e+00,0.000000000000000000e+00,0.000000000000000000e+00,3.415358409562099129e-19,2.566029784254018162e-18,1.388510637150534460e-17,5.738980064503582761e-17,1.910046602130983456e-16,5.368179185386055848e-16,1.329255432113355272e-15,3.008410407304864837e-15,6.417947052190343132e-15,1.323114762896872616e-14,2.687810815769195823e-14,5.460369163146533922e-14,1.121674361046324383e-13,2.358872690374788934e-13,5.254712693432949984e-13,1.282517859434946106e-12,3.321269344709690936e-12,8.694544547286465534e-12,2.271561191382811105e-11,5.976433104842623705e-11,1.602953444949229746e-10,4.423574033788870211e-10,1.263454221316029255e-09,3.748366455481622582e-09,1.157710903406281128e-08,0.000000000000000000e+00,0.000000000000000000e+00,0.000000000000000000e+00,0.000000000000000000e+00,0.000000000000000000e+00,0.000000000000000000e+00,0.000000000000000000e+00,0.000000000000000000e+00,0.000000000000000000e+00,0.000000000000000000e+00,0.000000000000000000e+00,0.000000000000000000e+00,0.000000000000000000e+00,0.000000000000000000e+00,0.000000000000000000e+00,0.000000000000000000e+00,0.000000000000000000e+00,0.000000000000000000e+00,0.000000000000000000e+00,0.000000000000000000e+00,0.000000000000000000e+00,0.000000000000000000e+00,0.000000000000000000e+00,0.000000000000000000e+00,0.000000000000000000e+00,0.000000000000000000e+00,0.000000000000000000e+00,0.000000000000000000e+00,0.000000000000000000e+00,0.000000000000000000e+00,0.000000000000000000e+00,0.000000000000000000e+00,0.000000000000000000e+00,0.000000000000000000e+00,0.000000000000000000e+00,0.000000000000000000e+00,0.000000000000000000e+00,0.000000000000000000e+00,0.000000000000000000e+00,0.000000000000000000e+00,0.000000000000000000e+00,0.000000000000000000e+00,0.000000000000000000e+00,0.000000000000000000e+00,0.000000000000000000e+00,0.000000000000000000e+00
0.000000000000000000e+00,0.000000000000000000e+00,0.000000000000000000e+00,0.000000000000000000e+00,0.000000000000000000e+00,0.000000000000000000e+00,0.000000000000000000e+00,0.000000000000000000e+00,0.000000000000000000e+00,0.000000000000000000e+00,0.000000000000000000e+00,0.000000000000000000e+00,0.000000000000000000e+00,0.000000000000000000e+00,0.000000000000000000e+00,0.000000000000000000e+00,0.000000000000000000e+00,0.000000000000000000e+00,0.000000000000000000e+00,0.000000000000000000e+00,0.000000000000000000e+00,0.000000000000000000e+00,0.000000000000000000e+00,0.000000000000000000e+00,0.000000000000000000e+00,0.000000000000000000e+00,0.000000000000000000e+00,0.000000000000000000e+00,0.000000000000000000e+00,2.991160834052716068e-19,2.121394705374780307e-18,1.097960558669468809e-17,4.378435408057391116e-17,1.415291873806245907e-16,3.884193951575569888e-16,9.430822269243280899e-16,2.098689378251198618e-15,4.408550716466142254e-15,8.952195066086016035e-15,1.790450699145906694e-14,3.578665311813810649e-14,7.263753711996788577e-14,1.543018922114447589e-13,3.508829324140364785e-13,8.369172990303029823e-13,2.028739953285718982e-12,4.945596734913737808e-12,1.218629599586112062e-11,3.062364338546075916e-11,7.907518470219333624e-11,2.109034315305483327e-10,5.829800904408581856e-10,1.673883561493208814e-09,5.000191266403458762e-09,0.000000000000000000e+00,0.000000000000000000e+00,0.000000000000000000e+00,0.000000000000000000e+00,0.000000000000000000e+00,0.000000000000000000e+00,0.000000000000000000e+00,0.000000000000000000e+00,0.000000000000000000e+00,0.000000000000000000e+00,0.000000000000000000e+00,0.000000000000000000e+00,0.000000000000000000e+00,0.000000000000000000e+00,0.000000000000000000e+00,0.000000000000000000e+00,0.000000000000000000e+00,0.000000000000000000e+00,0.000000000000000000e+00,0.000000000000000000e+00,0.000000000000000000e+00,0.000000000000000000e+00,0.000000000000000000e+00,0.000000000000000000e+00,0.000000000000000000e+00,0.000000000000000000e+00,0.000000000000000000e+00,0.000000000000000000e+00,0.000000000000000000e+00,0.000000000000000000e+00,0.000000000000000000e+00,0.000000000000000000e+00,0.000000000000000000e+00,0.000000000000000000e+00,0.000000000000000000e+00,0.000000000000000000e+00,0.000000000000000000e+00,0.000000000000000000e+00,0.000000000000000000e+00,0.000000000000000000e+00,0.000000000000000000e+00,0.000000000000000000e+00,0.000000000000000000e+00,0.000000000000000000e+00,0.000000000000000000e+00,0.000000000000000000e+00
0.000000000000000000e+00,0.000000000000000000e+00,0.000000000000000000e+00,0.000000000000000000e+00,0.000000000000000000e+00,0.000000000000000000e+00,0.000000000000000000e+00,0.000000000000000000e+00,0.000000000000000000e+00,0.000000000000000000e+00,0.000000000000000000e+00,0.000000000000000000e+00,0.000000000000000000e+00,0.000000000000000000e+00,0.000000000000000000e+00,0.000000000000000000e+00,0.000000000000000000e+00,0.000000000000000000e+00,0.000000000000000000e+00,0.000000000000000000e+00,0.000000000000000000e+00,0.000000000000000000e+00,0.000000000000000000e+00,0.000000000000000000e+00,0.000000000000000000e+00,0.000000000000000000e+00,0.000000000000000000e+00,0.000000000000000000e+00,0.000000000000000000e+00,2.880492501048858179e-19,1.898549532429274146e-18,9.297876933379993300e-18,3.556798961187964197e-17,1.114398774557382864e-16,2.987049779560014342e-16,7.119516830220429576e-16,1.560037885364533797e-15,3.233156737870774938e-15,6.513598135960279904e-15,1.316277668938307871e-14,2.733576911147947690e-14,5.836628101104750048e-14,1.264505067514807917e-13,2.758091018518807862e-13,6.065791696778222510e-13,1.353369721184581927e-12,3.083740826393983930e-12,7.214759873252584768e-12,1.740082693285259451e-11,4.346059230704280357e-11,1.144678192923938009e-10,3.222079587054762772e-10,9.446504890053241551e-10,2.829101103573584049e-09,0.000000000000000000e+00,0.000000000000000000e+00,0.000000000000000000e+00,0.000000000000000000e+00,0.000000000000000000e+00,0.000000000000000000e+00,0.000000000000000000e+00,0.000000000000000000e+00,0.000000000000000000e+00,0.000000000000000000e+00,0.000000000000000000e+00,0.000000000000000000e+00,0.000000000000000000e+00,0.000000000000000000e+00,0.000000000000000000e+00,0.000000000000000000e+00,0.000000000000000000e+00,0.000000000000000000e+00,0.000000000000000000e+00,0.000000000000000000e+00,0.000000000000000000e+00,0.000000000000000000e+00,0.000000000000000000e+00,0.000000000000000000e+00,0.000000000000000000e+00,0.000000000000000000e+00,0.000000000000000000e+00,0.000000000000000000e+00,0.000000000000000000e+00,0.000000000000000000e+00,0.000000000000000000e+00,0.000000000000000000e+00,0.000000000000000000e+00,0.000000000000000000e+00,0.000000000000000000e+00,0.000000000000000000e+00,0.000000000000000000e+00,0.000000000000000000e+00,0.000000000000000000e+00,0.000000000000000000e+00,0.000000000000000000e+00,0.000000000000000000e+00,0.000000000000000000e+00,0.000000000000000000e+00,0.000000000000000000e+00,0.000000000000000000e+00
2.472665067584893413e-99,6.008788651687671588e-98,4.891657774254271878e-96,9.287965374783226423e-94,3.555422609097705892e-91,2.481795622161866331e-88,2.919951522944204150e-85,5.386891605392684281e-82,1.450901702668049916e-78,5.323979239725712640e-75,2.471872194234305983e-71,1.347868577378371362e-67,7.984623310957714522e-64,4.750252089027660386e-60,2.623664883559086565e-56,1.244488381706351338e-52,4.716589075901051631e-49,1.331854862224785962e-45,2.636101409431289756e-42,3.472033261619134032e-39,2.920497939100564047e-36,1.524379003169038386e-33,4.859389129594331639e-31,9.429031478860392551e-29,1.122239846127214711e-26,8.336375225109437597e-25,3.962657839206713340e-23,1.244277710968474166e-21,2.678599364473159205e-20,2.548421909841025514e-19,1.570605374855265614e-18,7.326023482512082562e-18,2.708808341953881416e-17,8.317243043399970069e-17,2.221061000707607110e-16,5.379519699211948023e-16,1.219163539106134636e-15,2.634769426732052311e-15,5.495519774672453759e-15,1.118071393256180398e-14,2.243482289717116830e-14,4.488245807785159054e-14,9.038908394751551371e-14,1.846924335682648298e-13,3.852162520224122746e-13,8.250223135142859737e-13,1.851946388476560560e-12,4.510845802602793579e-12,1.174055073355466807e-11,3.119440218847901480e-11,8.316694903971340507e-11,2.238547527074913110e-10,6.149245277199494322e-10,1.738382098117292874e-09,5.084360345703927593e-09,0.000000000000000000e+00,0.000000000000000000e+00,0.000000000000000000e+00,0.000000000000000000e+00,0.000000000000000000e+00,0.000000000000000000e+00,0.000000000000000000e+00,0.000000000000000000e+00,0.000000000000000000e+00,0.000000000000000000e+00,0.000000000000000000e+00,0.000000000000000000e+00,0.000000000000000000e+00,0.000000000000000000e+00,0.000000000000000000e+00,0.000000000000000000e+00,0.000000000000000000e+00,0.000000000000000000e+00,0.000000000000000000e+00,0.000000000000000000e+00,0.000000000000000000e+00,0.000000000000000000e+00,0.000000000000000000e+00,0.000000000000000000e+00,0.000000000000000000e+00,0.000000000000000000e+00,0.000000000000000000e+00,0.000000000000000000e+00,0.000000000000000000e+00,0.000000000000000000e+00,0.000000000000000000e+00,0.000000000000000000e+00,0.000000000000000000e+00,0.000000000000000000e+00,0.000000000000000000e+00,0.000000000000000000e+00,0.000000000000000000e+00,0.000000000000000000e+00,0.000000000000000000e+00,0.000000000000000000e+00,0.000000000000000000e+00,0.000000000000000000e+00,0.000000000000000000e+00,0.000000000000000000e+00,0.000000000000000000e+00
0.000000000000000000e+00,0.000000000000000000e+00,0.000000000000000000e+00,0.000000000000000000e+00,0.000000000000000000e+00,0.000000000000000000e+00,0.000000000000000000e+00,0.000000000000000000e+00,0.000000000000000000e+00,0.000000000000000000e+00,0.000000000000000000e+00,0.000000000000000000e+00,0.000000000000000000e+00,0.000000000000000000e+00,0.000000000000000000e+00,0.000000000000000000e+00,0.000000000000000000e+00,0.000000000000000000e+00,0.000000000000000000e+00,0.000000000000000000e+00,0.000000000000000000e+00,0.000000000000000000e+00,0.000000000000000000e+00,0.000000000000000000e+00,0.000000000000000000e+00,0.000000000000000000e+00,0.000000000000000000e+00,0.000000000000000000e+00,0.000000000000000000e+00,2.021913868861490200e-19,1.165973166083424527e-18,5.271261527964865005e-18,1.940928932992253653e-17,6.020341945530241406e-17,1.621961151091805307e-16,3.905491503798051302e-16,8.630381800532633461e-16,1.792893513581091656e-15,3.575596246594893584e-15,6.967230690564839483e-15,1.345516060817294667e-14,2.604706876803570722e-14,5.111665308120381189e-14,1.038575883639656202e-13,2.237016803644846580e-13,5.075289784728915215e-13,1.180805594208856003e-12,2.774580448474027399e-12,6.587102294319851897e-12,1.590671335577883007e-11,3.934102227742476326e-11,1.001707014906730177e-10,2.635072024241879668e-10,7.178322161958366425e-10,2.028363190982107154e-09,0.000000000000000000e+00,0.000000000000000000e+00,0.000000000000000000e+00,0.000000000000000000e+00,0.000000000000000000e+00,0.000000000000000000e+00,0.000000000000000000e+00,0.000000000000000000e+00,0.000000000000000000e+00,0.000000000000000000e+00,0.000000000000000000e+00,0.000000000000000000e+00,0.000000000000000000e+00,0.000000000000000000e+00,0.000000000000000000e+00,0.000000000000000000e+00,0.000000000000000000e+00,0.000000000000000000e+00,0.000000000000000000e+00,0.000000000000000000e+00,0.000000000000000000e+00,0.000000000000000000e+00,0.000000000000000000e+00,0.000000000000000000e+00,0.000000000000000000e+00,0.000000000000000000e+00,0.000000000000000000e+00,0.000000000000000000e+00,0.000000000000000000e+00,0.000000000000000000e+00,0.000000000000000000e+00,0.000000000000000000e+00,0.000000000000000000e+00,0.000000000000000000e+00,0.000000000000000000e+00,0.000000000000000000e+00,0.000000000000000000e+00,0.000000000000000000e+00,0.000000000000000000e+00,0.000000000000000000e+00,0.000000000000000000e+00,0.000000000000000000e+00,0.000000000000000000e+00,0.000000000000000000e+00,0.000000000000000000e+00
0.000000000000000000e+00,0.000000000000000000e+00,0.000000000000000000e+00,0.000000000000000000e+00,0.000000000000000000e+00,0.000000000000000000e+00,0.000000000000000000e+00,0.000000000000000000e+00,0.000000000000000000e+00,0.000000000000000000e+00,0.000000000000000000e+00,0.000000000000000000e+00,0.000000000000000000e+00,0.000000000000000000e+00,0.000000000000000000e+00,0.000000000000000000e+00,0.000000000000000000e+00,0.000000000000000000e+00,0.000000000000000000e+00,0.000000000000000000e+00,0.000000000000000000e+00,0.000000000000000000e+00,0.000000000000000000e+00,0.000000000000000000e+00,0.000000000000000000e+00,0.000000000000000000e+00,0.000000000000000000e+00,0.000000000000000000e+00,2.750080102259059685e-20,1.959887382953095029e-19,1.079678416944882267e-18,4.736606553123558705e-18,1.703831193667697650e-17,5.175757051417975557e-17,1.367460397122797496e-16,3.233584735940905870e-16,7.027895400098123559e-16,1.437674774785610756e-15,2.826178014783321669e-15,5.446357861240543731e-15,1.053626242741550482e-14,2.091719183251785139e-14,4.282548570063548823e-14,8.949373424541488214e-14,1.890544561592320334e-13,4.030640706021099760e-13,8.706788157208711667e-13,1.916217677874201767e-12,4.318340038943683388e-12,1.000382621441196420e-11,2.392951584106803108e-11,6.004285688580000844e-11,1.600439984219705166e-10,4.441769610640103973e-10,1.260025698084952097e-09,3.652352391268736038e-09,0.000000000000000000e+00,0.000000000000000000e+00,0.000000000000000000e+00,0.000000000000000000e+00,0.000000000000000000e+00,0.000000000000000000e+00,0.000000000000000000e+00,0.000000000000000000e+00,0.000000000000000000e+00,0.000000000000000000e+00,0.000000000000000000e+00,0.000000000000000000e+00,0.000000000000000000e+00,0.000000000000000000e+00,0.000000000000000000e+00,0.000000000000000000e+00,0.000000000000000000e+00,0.000000000000000000e+00,0.000000000000000000e+00,0.000000000000000000e+00,0.000000000000000000e+00,0.000000000000000000e+00,0.000000000000000000e+00,0.000000000000000000e+00,0.000000000000000000e+00,0.000000000000000000e+00,0.000000000000000000e+00,0.000000000000000000e+00,0.000000000000000000e+00,0.000000000000000000e+00,0.000000000000000000e+00,0.000000000000000000e+00,0.000000000000000000e+00,0.000000000000000000e+00,0.000000000000000000e+00,0.000000000000000000e+00,0.000000000000000000e+00,0.000000000000000000e+00,0.000000000000000000e+00,0.000000000000000000e+00,0.000000000000000000e+00,0.000000000000000000e+00,0.000000000000000000e+00,0.000000000000000000e+00
6.785270925800510841e-79,6.511537923732140107e-78,1.472242535157419874e-76,6.075875554590300552e-75,4.128969123293494389e-73,4.314388455573754937e-71,6.564965908879558228e-69,1.383745462608668721e-66,3.859758613188639516e-64,1.357516938945387062e-61,5.736786134350988567e-59,2.774188713283933995e-56,1.456985175171579376e-53,7.888032673461533016e-51,4.174517441970451361e-48,2.051135412146554964e-45,8.892801191351236693e-43,3.244265175155983280e-40,9.536305576292461152e-38,2.174704404863348712e-35,3.730739772587042489e-33,4.704531893615301060e-31,4.298483622123293098e-29,2.827795063656390129e-27,1.340944706062471785e-25,4.617100396254267420e-24,1.168263537510694200e-22,2.207912616709805184e-21,2.905695784736552781e-20,1.894788461025117592e-19,9.613313188738609772e-19,3.908139256188424031e-18,1.313051007257860919e-17,3.760788261544781062e-17,9.462101676263288912e-17,2.151822207119092718e-16,4.551721028470605137e-16,9.235917721886184195e-16,1.849282961123997619e-15,3.709240650558222610e-15,7.455031289664999702e-15,1.494814498965516351e-14,2.987980351491873102e-14,5.977899939799832126e-14,1.204606091519490333e-13,2.460820253836411631e-13,5.128417854303135156e-13,1.106837814186625012e-12,2.551275140384508073e-12,6.283067981844300241e-12,1.593985780562346526e-11,4.074365122729127401e-11,1.050101073909102787e-10,2.752796793374194123e-10,7.398881764010674097e-10,2.050187186478130501e-09,0.000000000000000000e+00,0.000000000000000000e+00,0.000000000000000000e+00,0.000000000000000000e+00,0.000000000000000000e+00,0.000000000000000000e+00,0.000000000000000000e+00,0.000000000000000000e+00,0.000000000000000000e+00,0.000000000000000000e+00,0.000000000000000000e+00,0.000000000000000000e+00,0.000000000000000000e+00,0.000000000000000000e+00,0.000000000000000000e+00,0.000000000000000000e+00,0.000000000000000000e+00,0.000000000000000000e+00,0.000000000000000000e+00,0.000000000000000000e+00,0.000000000000000000e+00,0.000000000000000000e+00,0.000000000000000000e+00,0.000000000000000000e+00,0.000000000000000000e+00,0.000000000000000000e+00,0.000000000000000000e+00,0.000000000000000000e+00,0.000000000000000000e+00,0.000000000000000000e+00,0.000000000000000000e+00,0.000000000000000000e+00,0.000000000000000000e+00,0.000000000000000000e+00,0.000000000000000000e+00,0.000000000000000000e+00,0.000000000000000000e+00,0.000000000000000000e+00,0.000000000000000000e+00,0.000000000000000000e+00,0.000000000000000000e+00,0.000000000000000000e+00,0.000000000000000000e+00,0.000000000000000000e+00
0.000000000000000000e+00,0.000000000000000000e+00,0.000000000000000000e+00,0.000000000000000000e+00,0.000000000000000000e+00,0.000000000000000000e+00,0.000000000000000000e+00,0.000000000000000000e+00,0.000000000000000000e+00,0.000000000000000000e+00,0.000000000000000000e+00,0.000000000000000000e+00,0.000000000000000000e+00,0.000000000000000000e+00,0.000000000000000000e+00,0.000000000000000000e+00,0.000000000000000000e+00,0.000000000000000000e+00,0.000000000000000000e+00,0.000000000000000000e+00,0.000000000000000000e+00,0.000000000000000000e+00,0.000000000000000000e+00,0.000000000000000000e+00,0.000000000000000000e+00,0.000000000000000000e+00,0.000000000000000000e+00,0.000000000000000000e+00,2.594812124247285039e-20,1.488301652026326883e-19,6.784466564895079586e-19,2.528185955522685622e-18,7.930732856903990398e-18,2.160731214433533848e-17,5.296245411777474767e-17,1.212857110219007980e-16,2.675206360779605696e-16,5.760665527257239104e-16,1.210597245542081245e-15,2.476329372857126664e-15,4.941502632349122709e-15,9.687586729497673790e-15,1.883312623754893886e-14,3.667387515273041280e-14,7.265363694765070432e-14,1.500433924027876880e-13,3.261877033352903582e-13,7.334907371618363673e-13,1.673323848873900410e-12,3.851892813136906520e-12,8.983255428319372823e-12,2.136236758437475312e-11,5.208711151417169228e-11,1.307419764892114252e-10,3.387503072322553550e-10,9.076760734733604271e-10,2.518553699060378343e-09,0.000000000000000000e+00,0.000000000000000000e+00,0.000000000000000000e+00,0.000000000000000000e+00,0.000000000000000000e+00,0.000000000000000000e+00,0.000000000000000000e+00,0.000000000000000000e+00,0.000000000000000000e+00,0.000000000000000000e+00,0.000000000000000000e+00,0.000000000000000000e+00,0.000000000000000000e+00,0.000000000000000000e+00,0.000000000000000000e+00,0.000000000000000000e+00,0.000000000000000000e+00,0.000000000000000000e+00,0.000000000000000000e+00,0.000000000000000000e+00,0.000000000000000000e+00,0.000000000000000000e+00,0.000000000000000000e+00,0.000000000000000000e+00,0.000000000000000000e+00,0.000000000000000000e+00,0.000000000000000000e+00,0.000000000000000000e+00,0.000000000000000000e+00,0.000000000000000000e+00,0.000000000000000000e+00,0.000000000000000000e+00,0.000000000000000000e+00,0.000000000000000000e+00,0.000000000000000000e+00,0.000000000000000000e+00,0.000000000000000000e+00,0.000000000000000000e+00,0.000000000000000000e+00,0.000000000000000000e+00,0.000000000000000000e+00,0.000000000000000000e+00,0.000000000000000000e+00
0.000000000000000000e+00,0.000000000000000000e+00,0.000000000000000000e+00,0.000000000000000000e+00,0.000000000000000000e+00,0.000000000000000000e+00,0.000000000000000000e+00,0.000000000000000000e+00,0.000000000000000000e+00,0.000000000000000000e+00,0.000000000000000000e+00,0.000000000000000000e+00,0.000000000000000000e+00,0.000000000000000000e+00,0.000000000000000000e+00,0.000000000000000000e+00,0.000000000000000000e+00,0.000000000000000000e+00,0.000000000000000000e+00,0.000000000000000000e+00,0.000000000000000000e+00,0.000000000000000000e+00,0.000000000000000000e+00,0.000000000000000000e+00,0.000000000000000000e+00,0.000000000000000000e+00,0.000000000000000000e+00,0.000000000000000000e+00,2.587399774327940518e-20,1.385330737845399949e-19,6.174980669612447982e-19,2.340578252920208532e-18,7.672680497143340814e-18,2.208095055347518144e-17,5.666566223496706364e-17,1.319265256468443132e-16,2.837665137957850045e-16,5.742338308286907540e-16,1.112017112522873022e-15,2.092337732391251589e-15,3.875753962943105926e-15,7.157949346991555484e-15,1.342265616476867775e-14,2.615137814147233837e-14,5.334147203239000065e-14,1.122217829747913768e-13,2.392684307120746152e-13,5.135722414084427134e-13,1.112338748480596209e-12,2.444924541508952892e-12,5.484614041940896733e-12,1.261432525275427689e-11,2.994382734907399366e-11,7.441598309097229085e-11,1.938362001348317097e-10,5.208995706852870612e-10,1.432730314276909863e-09,0.000000000000000000e+00,0.000000000000000000e+00,0.000000000000000000e+00,0.000000000000000000e+00,0.000000000000000000e+00,0.000000000000000000e+00,0.000000000000000000e+00,0.000000000000000000e+00,0.000000000000000000e+00,0.000000000000000000e+00,0.000000000000000000e+00,0.000000000000000000e+00,0.000000000000000000e+00,0.000000000000000000e+00,0.000000000000000000e+00,0.000000000000000000e+00,0.000000000000000000e+00,0.000000000000000000e+00,0.000000000000000000e+00,0.000000000000000000e+00,0.000000000000000000e+00,0.000000000000000000e+00,0.000000000000000000e+00,0.000000000000000000e+00,0.000000000000000000e+00,0.000000000000000000e+00,0.000000000000000000e+00,0.000000000000000000e+00,0.000000000000000000e+00,0.000000000000000000e+00,0.000000000000000000e+00,0.000000000000000000e+00,0.000000000000000000e+00,0.000000000000000000e+00,0.000000000000000000e+00,0.000000000000000000e+00,0.000000000000000000e+00,0.000000000000000000e+00,0.000000000000000000e+00,0.000000000000000000e+00,0.000000000000000000e+00,0.000000000000000000e+00,0.000000000000000000e+00
7.831710453687400572e-64,3.908036262011560675e-63,3.582763246605627844e-62,5.049765502737531431e-61,1.015638205562625919e-59,2.779641016778283740e-58,9.985493485790599445e-57,4.545508629481531149e-55,2.546015015929234547e-53,1.696778273076536634e-51,1.304762629027847542e-49,1.119703332160466162e-47,1.036486296861367593e-45,9.996120640949716890e-44,9.696950917810267355e-42,9.134653493072361774e-40,8.075691132088542212e-38,6.483840386404155973e-36,4.587083158376157568e-34,2.783523129393811054e-32,1.416228625436699188e-30,5.936192295725302874e-29,2.025107287845940044e-27,5.586968728365975472e-26,1.244858922529579741e-24,2.245350859942058323e-23,3.296510301990729392e-22,3.969722462621311123e-21,2.853289731174858983e-20,1.443422261384151660e-19,6.046205191937190741e-19,2.133984993430578207e-18,6.472343864367298022e-18,1.722637133549696836e-17,4.109949640895891431e-17,8.973823494275203335e-17,1.828395341996630312e-16,3.538357402000644190e-16,6.606356186572647882e-16,1.206666995364427401e-15,2.190355909258420563e-15,4.054404829440545062e-15,7.882451547725512693e-15,1.616630896277108612e-14,3.412631407952890155e-14,7.234596605127266099e-14,1.526783857256000347e-13,3.217586151440755993e-13,6.823461008119911510e-13,1.474869110684573874e-12,3.341632727405302006e-12,8.055808908258937927e-12,2.014414567705380290e-11,5.095128988230462985e-11,1.298800305278800415e-10,3.359889836229282471e-10,8.889332477571426296e-10,2.418871075404585901e-09,0.000000000000000000e+00,0.000000000000000000e+00,0.000000000000000000e+00,0.000000000000000000e+00,0.000000000000000000e+00,0.000000000000000000e+00,0.000000000000000000e+00,0.000000000000000000e+00,0.000000000000000000e+00,0.000000000000000000e+00,0.000000000000000000e+00,0.000000000000000000e+00,0.000000000000000000e+00,0.000000000000000000e+00,0.000000000000000000e+00,0.000000000000000000e+00,0.000000000000000000e+00,0.000000000000000000e+00,0.000000000000000000e+00,0.000000000000000000e+00,0.000000000000000000e+00,0.000000000000000000e+00,0.000000000000000000e+00,0.000000000000000000e+00,0.000000000000000000e+00,0.000000000000000000e+00,0.000000000000000000e+00,0.000000000000000000e+00,0.000000000000000000e+00,0.000000000000000000e+00,0.000000000000000000e+00,0.000000000000000000e+00,0.000000000000000000e+00,0.000000000000000000e+00,0.000000000000000000e+00,0.000000000000000000e+00,0.000000000000000000e+00,0.000000000000000000e+00,0.000000000000000000e+00,0.000000000000000000e+00,0.000000000000000000e+00,0.000000000000000000e+00
0.000000000000000000e+00,0.000000000000000000e+00,0.000000000000000000e+00,0.000000000000000000e+00,0.000000000000000000e+00,0.000000000000000000e+00,0.000000000000000000e+00,0.000000000000000000e+00,0.000000000000000000e+00,0.000000000000000000e+00,0.000000000000000000e+00,0.000000000000000000e+00,0.000000000000000000e+00,0.000000000000000000e+00,0.000000000000000000e+00,0.000000000000000000e+00,0.000000000000000000e+00,0.000000000000000000e+00,0.000000000000000000e+00,0.000000000000000000e+00,0.000000000000000000e+00,0.000000000000000000e+00,0.000000000000000000e+00,0.000000000000000000e+00,0.000000000000000000e+00,0.000000000000000000e+00,0.000000000000000000e+00,0.000000000000000000e+00,2.608291616276807132e-20,1.170484057742296952e-19,4.414566940949485025e-19,1.424688862156193966e-18,4.010633892598101945e-18,1.004444704834259694e-17,2.281997082645574444e-17,4.791772627242370434e-17,9.466211671785015120e-17,1.792564215757346024e-16,3.338490931461321608e-16,6.324754145611789752e-16,1.247361803648615488e-15,2.543554893744961339e-15,5.234107543394525880e-15,1.067596168482467145e-14,2.149358416257536907e-14,4.291775475535912697e-14,8.577990313625107111e-14,1.748018057909089843e-13,3.739493010803043795e-13,8.450064613467569763e-13,1.965897671196706953e-12,4.609262430012055229e-12,1.085546289268967979e-11,2.583901992023484539e-11,6.263016458321519271e-11,1.555048749578608694e-10,3.971191465435172509e-10,1.045832083355168287e-09,0.000000000000000000e+00,0.000000000000000000e+00,0.000000000000000000e+00,0.000000000000000000e+00,0.000000000000000000e+00,0.000000000000000000e+00,0.000000000000000000e+00,0.000000000000000000e+00,0.000000000000000000e+00,0.000000000000000000e+00,0.000000000000000000e+00,0.000000000000000000e+00,0.000000000000000000e+00,0.000000000000000000e+00,0.000000000000000000e+00,0.000000000000000000e+00,0.000000000000000000e+00,0.000000000000000000e+00,0.000000000000000000e+00,0.000000000000000000e+00,0.000000000000000000e+00,0.000000000000000000e+00,0.000000000000000000e+00,0.000000000000000000e+00,0.000000000000000000e+00,0.000000000000000000e+00,0.000000000000000000e+00,0.000000000000000000e+00,0.000000000000000000e+00,0.000000000000000000e+00,0.000000000000000000e+00,0.000000000000000000e+00,0.000000000000000000e+00,0.000000000000000000e+00,0.000000000000000000e+00,0.000000000000000000e+00,0.000000000000000000e+00,0.000000000000000000e+00,0.000000000000000000e+00,0.000000000000000000e+00,0.000000000000000000e+00,0.000000000000000000e+00
0.000000000000000000e+00,0.000000000000000000e+00,0.000000000000000000e+00,0.000000000000000000e+00,0.000000000000000000e+00,0.000000000000000000e+00,0.000000000000000000e+00,0.000000000000000000e+00,0.000000000000000000e+00,0.000000000000000000e+00,0.000000000000000000e+00,0.000000000000000000e+00,0.000000000000000000e+00,0.000000000000000000e+00,0.000000000000000000e+00,0.000000000000000000e+00,0.000000000000000000e+00,0.000000000000000000e+00,0.000000000000000000e+00,0.000000000000000000e+00,0.000000000000000000e+00,0.000000000000000000e+00,0.000000000000000000e+00,0.000000000000000000e+00,0.000000000000000000e+00,0.000000000000000000e+00,0.000000000000000000e+00,4.752901527807332367e-21,2.256313097230816626e-20,9.056110553101761207e-20,3.121997570816376066e-19,9.435266091282427406e-19,2.565077032364005474e-18,6.453607258142734746e-18,1.538245381993176298e-17,3.513994677473783715e-17,7.700972713350390612e-17,1.615538129807737794e-16,3.247074232047013539e-16,6.286825694955631137e-16,1.182649981755569715e-15,2.182851510763406814e-15,3.990869688400271494e-15,7.289267768465426341e-15,1.339614530777267157e-14,2.495931553047277724e-14,4.805138306410073375e-14,9.902505178853176396e-14,2.200406065682721659e-13,5.075182642832090943e-13,1.173523936134944874e-12,2.696588733450427049e-12,6.196315750338129025e-12,1.437553523979945833e-11,3.395036008411689228e-11,8.215586058466776671e-11,2.048516976501273453e-10,5.272261512281460346e-10,0.000000000000000000e+00,0.000000000000000000e+00,0.000000000000000000e+00,0.000000000000000000e+00,0.000000000000000000e+00,0.000000000000000000e+00,0.000000000000000000e+00,0.000000000000000000e+00,0.000000000000000000e+00,0.000000000000000000e+00,0.000000000000000000e+00,0.000000000000000000e+00,0.000000000000000000e+00,0.000000000000000000e+00,0.000000000000000000e+00,0.000000000000000000e+00,0.000000000000000000e+00,0.000000000000000000e+00,0.000000000000000000e+00,0.000000000000000000e+00,0.000000000000000000e+00,0.000000000000000000e+00,0.000000000000000000e+00,0.000000000000000000e+00,0.000000000000000000e+00,0.000000000000000000e+00,0.000000000000000000e+00,0.000000000000000000e+00,0.000000000000000000e+00,0.000000000000000000e+00,0.000000000000000000e+00,0.000000000000000000e+00,0.000000000000000000e+00,0.000000000000000000e+00,0.000000000000000000e+00,0.000000000000000000e+00,0.000000000000000000e+00,0.000000000000000000e+00,0.000000000000000000e+00,0.000000000000000000e+00,0.000000000000000000e+00,0.000000000000000000e+00
0.000000000000000000e+00,0.000000000000000000e+00,0.000000000000000000e+00,0.000000000000000000e+00,0.000000000000000000e+00,0.000000000000000000e+00,0.000000000000000000e+00,0.000000000000000000e+00,0.000000000000000000e+00,0.000000000000000000e+00,0.000000000000000000e+00,0.000000000000000000e+00,0.000000000000000000e+00,0.000000000000000000e+00,0.000000000000000000e+00,0.000000000000000000e+00,0.000000000000000000e+00,0.000000000000000000e+00,0.000000000000000000e+00,0.000000000000000000e+00,0.000000000000000000e+00,0.000000000000000000e+00,0.000000000000000000e+00,0.000000000000000000e+00,0.000000000000000000e+00,0.000000000000000000e+00,0.000000000000000000e+00,5.607435017234394201e-21,2.589852267099928065e-20,1.041591090848183994e-19,3.668668850233738800e-19,1.140028639372416481e-18,3.155628801895575003e-18,7.872560943457302013e-18,1.793866474705598631e-17,3.786729304467878047e-17,7.511464949402523436e-17,1.419600503541512239e-16,2.588920120070924264e-16,4.608623334169695817e-16,8.088823381515688496e-16,1.411842847795633080e-15,2.468445992184026141e-15,4.358545555166660874e-15,7.929685502810486284e-15,1.544401158440756663e-14,3.271131354717093534e-14,7.271526487644763835e-14,1.624355458058991654e-13,3.582832531281388070e-13,7.822868988228955528e-13,1.707142106533590006e-12,3.762454308059402508e-12,8.517314915828284578e-12,2.028225409235130552e-11,5.060318620699273530e-11,1.291399652980598564e-10,3.335750871779076934e-10,8.748604650783725915e-10,0.000000000000000000e+00,0.000000000000000000e+00,0.000000000000000000e+00,0.000000000000000000e+00,0.000000000000000000e+00,0.000000000000000000e+00,0.000000000000000000e+00,0.000000000000000000e+00,0.000000000000000000e+00,0.000000000000000000e+00,0.000000000000000000e+00,0.000000000000000000e+00,0.000000000000000000e+00,0.000000000000000000e+00,0.000000000000000000e+00,0.000000000000000000e+00,0.000000000000000000e+00,0.000000000000000000e+00,0.000000000000000000e+00,0.000000000000000000e+00,0.000000000000000000e+00,0.000000000000000000e+00,0.000000000000000000e+00,0.000000000000000000e+00,0.000000000000000000e+00,0.000000000000000000e+00,0.000000000000000000e+00,0.000000000000000000e+00,0.000000000000000000e+00,0.000000000000000000e+00,0.000000000000000000e+00,0.000000000000000000e+00,0.000000000000000000e+00,0.000000000000000000e+00,0.000000000000000000e+00,0.000000000000000000e+00,0.000000000000000000e+00,0.000000000000000000e+00,0.000000000000000000e+00,0.000000000000000000e+00,0.000000000000000000e+00
0.000000000000000000e+00,0.000000000000000000e+00,0.000000000000000000e+00,0.000000000000000000e+00,0.000000000000000000e+00,0.000000000000000000e+00,0.000000000000000000e+00,0.000000000000000000e+00,0.000000000000000000e+00,0.000000000000000000e+00,0.000000000000000000e+00,0.000000000000000000e+00,0.000000000000000000e+00,0.000000000000000000e+00,0.000000000000000000e+00,0.000000000000000000e+00,0.000000000000000000e+00,0.000000000000000000e+00,0.000000000000000000e+00,0.000000000000000000e+00,0.000000000000000000e+00,0.000000000000000000e+00,0.000000000000000000e+00,0.000000000000000000e+00,0.000000000000000000e+00,0.000000000000000000e+00,0.000000000000000000e+00,6.313788286441890171e-21,2.612783084053900840e-20,9.420774826504155522e-20,2.985807551979919005e-19,8.408892937160909480e-19,2.130363107399725055e-18,4.919932583222702966e-18,1.049903826857739810e-17,2.098463579021288174e-17,3.979678864631427934e-17,7.249303707085455569e-17,1.282558272892546006e-16,2.226981160314032351e-16,3.844874558917961369e-16,6.764271379077550542e-16,1.255358694174894475e-15,2.492887357424645096e-15,5.168381373602522187e-15,1.079564151831830411e-14,2.228301040061544867e-14,4.535681811938774971e-14,9.164608945533764261e-14,1.854264736422680279e-13,3.786945215229875046e-13,7.881159369675704925e-13,1.720720485140705240e-12,4.084431961463725372e-12,1.028972996370317257e-11,2.620071490300468162e-11,6.626862474637619638e-11,1.675285651507149516e-10,4.281060704344152519e-10,0.000000000000000000e+00,0.000000000000000000e+00,0.000000000000000000e+00,0.000000000000000000e+00,0.000000000000000000e+00,0.000000000000000000e+00,0.000000000000000000e+00,0.000000000000000000e+00,0.000000000000000000e+00,0.000000000000000000e+00,0.000000000000000000e+00,0.000000000000000000e+00,0.000000000000000000e+00,0.000000000000000000e+00,0.000000000000000000e+00,0.000000000000000000e+00,0.000000000000000000e+00,0.000000000000000000e+00,0.000000000000000000e+00,0.000000000000000000e+00,0.000000000000000000e+00,0.000000000000000000e+00,0.000000000000000000e+00,0.000000000000000000e+00,0.000000000000000000e+00,0.000000000000000000e+00,0.000000000000000000e+00,0.000000000000000000e+00,0.000000000000000000e+00,0.000000000000000000e+00,0.000000000000000000e+00,0.000000000000000000e+00,0.000000000000000000e+00,0.000000000000000000e+00,0.000000000000000000e+00,0.000000000000000000e+00,0.000000000000000000e+00,0.000000000000000000e+00,0.000000000000000000e+00,0.000000000000000000e+00,0.000000000000000000e+00
0.000000000000000000e+00,0.000000000000000000e+00,0.000000000000000000e+00,0.000000000000000000e+00,0.000000000000000000e+00,0.000000000000000000e+00,0.000000000000000000e+00,0.000000000000000000e+00,0.000000000000000000e+00,0.000000000000000000e+00,0.000000000000000000e+00,0.000000000000000000e+00,0.000000000000000000e+00,0.000000000000000000e+00,0.000000000000000000e+00,0.000000000000000000e+00,0.000000000000000000e+00,0.000000000000000000e+00,0.000000000000000000e+00,0.000000000000000000e+00,0.000000000000000000e+00,0.000000000000000000e+00,0.000000000000000000e+00,0.000000000000000000e+00,0.000000000000000000e+00,0.000000000000000000e+00,0.000000000000000000e+00,6.328317335207351147e-21,2.313261668105752015e-20,7.487745458915625786e-20,2.164054409055290943e-19,5.639334107155533770e-19,1.339607011708269157e-18,2.935248192740544607e-18,6.011072358808209811e-18,1.170167160909716821e-17,2.217161452479137124e-17,4.203564340884867344e-17,8.125232499486413527e-17,1.598762418007741623e-16,3.152090120213971802e-16,6.133778804705671724e-16,1.170529448246898447e-15,2.193889160815699129e-15,4.062611384324371112e-15,7.487835838997231341e-15,1.383463076787947444e-14,2.578191742117668419e-14,4.870996047509130582e-14,9.404396251060626542e-14,1.915669300913962840e-13,4.316906635701445510e-13,1.055092708491042758e-12,2.618587579316170140e-12,6.385693039735070048e-12,1.532859208776828179e-11,3.669434983325431674e-11,8.868644955335733886e-11,2.183265352484242392e-10,5.505914892688411780e-10,0.000000000000000000e+00,0.000000000000000000e+00,0.000000000000000000e+00,0.000000000000000000e+00,0.000000000000000000e+00,0.000000000000000000e+00,0.000000000000000000e+00,0.000000000000000000e+00,0.000000000000000000e+00,0.000000000000000000e+00,0.000000000000000000e+00,0.000000000000000000e+00,0.000000000000000000e+00,0.000000000000000000e+00,0.000000000000000000e+00,0.000000000000000000e+00,0.000000000000000000e+00,0.000000000000000000e+00,0.000000000000000000e+00,0.000000000000000000e+00,0.000000000000000000e+00,0.000000000000000000e+00,0.000000000000000000e+00,0.000000000000000000e+00,0.000000000000000000e+00,0.000000000000000000e+00,0.000000000000000000e+00,0.000000000000000000e+00,0.000000000000000000e+00,0.000000000000000000e+00,0.000000000000000000e+00,0.000000000000000000e+00,0.000000000000000000e+00,0.000000000000000000e+00,0.000000000000000000e+00,0.000000000000000000e+00,0.000000000000000000e+00,0.000000000000000000e+00,0.000000000000000000e+00,0.000000000000000000e+00
0.000000000000000000e+00,0.000000000000000000e+00,0.000000000000000000e+00,0.000000000000000000e+00,0.000000000000000000e+00,0.000000000000000000e+00,0.000000000000000000e+00,0.000000000000000000e+00,0.000000000000000000e+00,0.000000000000000000e+00,0.000000000000000000e+00,0.000000000000000000e+00,0.000000000000000000e+00,0.000000000000000000e+00,0.000000000000000000e+00,0.000000000000000000e+00,0.000000000000000000e+00,0.000000000000000000e+00,0.000000000000000000e+00,0.000000000000000000e+00,0.000000000000000000e+00,0.000000000000000000e+00,0.000000000000000000e+00,0.000000000000000000e+00,0.000000000000000000e+00,0.000000000000000000e+00,1.496265523997531695e-21,5.715040369861376640e-21,1.990138778502275288e-20,6.364143300332187561e-20,1.878470787054825386e-19,5.131437533353191308e-19,1.299470723540101404e-18,3.057666385265281675e-18,6.713686937345915274e-18,1.384361079643682239e-17,2.702677920149168863e-17,5.042101007247833802e-17,9.075043030196756492e-17,1.590649077579061110e-16,2.738978128895672957e-16,4.669904857647171594e-16,7.938302849836220360e-16,1.353306809833599729e-15,2.325078457249807427e-15,4.042561305445113703e-15,7.157400210217344459e-15,1.320824824964626168e-14,2.659695075834972338e-14,5.897471796466848153e-14,1.365406751839691816e-13,3.140986077456144893e-13,7.076755597234942929e-13,1.571817618987843607e-12,3.482893982086303421e-12,7.781728920986219157e-12,1.767039496141665859e-11,4.104826588925299846e-11,9.818188069461612098e-11,2.421824389373892034e-10,0.000000000000000000e+00,0.000000000000000000e+00,0.000000000000000000e+00,0.000000000000000000e+00,0.000000000000000000e+00,0.000000000000000000e+00,0.000000000000000000e+00,0.000000000000000000e+00,0.000000000000000000e+00,0.000000000000000000e+00,0.000000000000000000e+00,0.000000000000000000e+00,0.000000000000000000e+00,0.000000000000000000e+00,0.000000000000000000e+00,0.000000000000000000e+00,0.000000000000000000e+00,0.000000000000000000e+00,0.000000000000000000e+00,0.000000000000000000e+00,0.000000000000000000e+00,0.000000000000000000e+00,0.000000000000000000e+00,0.000000000000000000e+00,0.000000000000000000e+00,0.000000000000000000e+00,0.000000000000000000e+00,0.000000000000000000e+00,0.000000000000000000e+00,0.000000000000000000e+00,0.000000000000000000e+00,0.000000000000000000e+00,0.000000000000000000e+00,0.000000000000000000e+00,0.000000000000000000e+00,0.000000000000000000e+00,0.000000000000000000e+00,0.000000000000000000e+00,0.000000000000000000e+00,0.000000000000000000e+00
0.000000000000000000e+00,0.000000000000000000e+00,0.000000000000000000e+00,0.000000000000000000e+00,0.000000000000000000e+00,0.000000000000000000e+00,0.000000000000000000e+00,0.000000000000000000e+00,0.000000000000000000e+00,0.000000000000000000e+00,0.000000000000000000e+00,0.000000000000000000e+00,0.000000000000000000e+00,0.000000000000000000e+00,0.000000000000000000e+00,0.000000000000000000e+00,0.000000000000000000e+00,0.000000000000000000e+00,0.000000000000000000e+00,0.000000000000000000e+00,0.000000000000000000e+00,0.000000000000000000e+00,0.000000000000000000e+00,0.000000000000000000e+00,0.000000000000000000e+00,0.000000000000000000e+00,2.209394448680255736e-21,8.067171644476651973e-21,2.670564696282973321e-20,8.026493216793692696e-20,2.197820925169022211e-19,5.512157658644879775e-19,1.275090781705401140e-18,2.742887352881142233e-18,5.536404157988231514e-18,1.058520073218347682e-17,1.935250486605032892e-17,3.414840706085608644e-17,5.866698939912711308e-17,9.892897603076627218e-17,1.649421540268356781e-16,2.736665575600486308e-16,4.544749023112716075e-16,7.611985389045546052e-16,1.311522473034431776e-15,2.414897199151185238e-15,4.856809879863327630e-15,1.036013848409853929e-14,2.234496011039696201e-14,4.746603927919085453e-14,9.898765052416715755e-14,2.042013027462698467e-13,4.208346551623124215e-13,8.740552693603016801e-13,1.841788607151118941e-12,3.957403878021313432e-12,8.750434197150198713e-12,2.039077755087691634e-11,5.038362432746111659e-11,1.283380587094707658e-10,3.302072330862425115e-10,0.000000000000000000e+00,0.000000000000000000e+00,0.000000000000000000e+00,0.000000000000000000e+00,0.000000000000000000e+00,0.000000000000000000e+00,0.000000000000000000e+00,0.000000000000000000e+00,0.000000000000000000e+00,0.000000000000000000e+00,0.000000000000000000e+00,0.000000000000000000e+00,0.000000000000000000e+00,0.000000000000000000e+00,0.000000000000000000e+00,0.000000000000000000e+00,0.000000000000000000e+00,0.000000000000000000e+00,0.000000000000000000e+00,0.000000000000000000e+00,0.000000000000000000e+00,0.000000000000000000e+00,0.000000000000000000e+00,0.000000000000000000e+00,0.000000000000000000e+00,0.000000000000000000e+00,0.000000000000000000e+00,0.000000000000000000e+00,0.000000000000000000e+00,0.000000000000000000e+00,0.000000000000000000e+00,0.000000000000000000e+00,0.000000000000000000e+00,0.000000000000000000e+00,0.000000000000000000e+00,0.000000000000000000e+00,0.000000000000000000e+00,0.000000000000000000e+00,0.000000000000000000e+00
0.000000000000000000e+00,0.000000000000000000e+00,0.000000000000000000e+00,0.000000000000000000e+00,0.000000000000000000e+00,0.000000000000000000e+00,0.000000000000000000e+00,0.000000000000000000e+00,0.000000000000000000e+00,0.000000000000000000e+00,0.000000000000000000e+00,0.000000000000000000e+00,0.000000000000000000e+00,0.000000000000000000e+00,0.000000000000000000e+00,0.000000000000000000e+00,0.000000000000000000e+00,0.000000000000000000e+00,0.000000000000000000e+00,0.000000000000000000e+00,0.000000000000000000e+00,0.000000000000000000e+00,0.000000000000000000e+00,0.000000000000000000e+00,0.000000000000000000e+00,7.563553191917959525e-22,2.673045430508542451e-21,8.625884381270178132e-21,2.544817646487449608e-20,6.884268247834926302e-20,1.715378334620293637e-19,3.959736599811671142e-19,8.525910115255865386e-19,1.725305139482305413e-18,3.307845672011974309e-18,6.058427917997176533e-18,1.068756701208493536e-17,1.830559004270056099e-17,3.068647486360564044e-17,5.086605522346485920e-17,8.493523291594381232e-17,1.471293330587299236e-16,2.707013295545712163e-16,5.256768172406151148e-16,1.045390307738728200e-15,2.071182602804995110e-15,4.038860448251785072e-15,7.752936340325927333e-15,1.473950518540116303e-14,2.796567220749363221e-14,5.333298531386273527e-14,1.028369517914392247e-13,2.014019853269715562e-13,4.022592298181299679e-13,8.327043852405763359e-13,1.885783010540152847e-12,4.762567840998751378e-12,1.250203621436701545e-11,3.227016509142122304e-11,8.143820027397357976e-11,2.037872080911027699e-10,0.000000000000000000e+00,0.000000000000000000e+00,0.000000000000000000e+00,0.000000000000000000e+00,0.000000000000000000e+00,0.000000000000000000e+00,0.000000000000000000e+00,0.000000000000000000e+00,0.000000000000000000e+00,0.000000000000000000e+00,0.000000000000000000e+00,0.000000000000000000e+00,0.000000000000000000e+00,0.000000000000000000e+00,0.000000000000000000e+00,0.000000000000000000e+00,0.000000000000000000e+00,0.000000000000000000e+00,0.000000000000000000e+00,0.000000000000000000e+00,0.000000000000000000e+00,0.000000000000000000e+00,0.000000000000000000e+00,0.000000000000000000e+00,0.000000000000000000e+00,0.000000000000000000e+00,0.000000000000000000e+00,0.000000000000000000e+00,0.000000000000000000e+00,0.000000000000000000e+00,0.000000000000000000e+00,0.000000000000000000e+00,0.000000000000000000e+00,0.000000000000000000e+00,0.000000000000000000e+00,0.000000000000000000e+00,0.000000000000000000e+00,0.000000000000000000e+00,0.000000000000000000e+00
0.000000000000000000e+00,0.000000000000000000e+00,0.000000000000000000e+00,0.000000000000000000e+00,0.000000000000000000e+00,0.000000000000000000e+00,0.000000000000000000e+00,0.000000000000000000e+00,0.000000000000000000e+00,0.000000000000000000e+00,0.000000000000000000e+00,0.000000000000000000e+00,0.000000000000000000e+00,0.000000000000000000e+00,0.000000000000000000e+00,0.000000000000000000e+00,0.000000000000000000e+00,0.000000000000000000e+00,0.000000000000000000e+00,0.000000000000000000e+00,0.000000000000000000e+00,0.000000000000000000e+00,0.000000000000000000e+00,0.000000000000000000e+00,0.000000000000000000e+00,7.343532289286981909e-22,2.299372125817438355e-21,6.657180126198422905e-21,1.784313859941379078e-20,4.438931541903514133e-20,1.029060609334013006e-19,2.235392858810562760e-19,4.586135872357440590e-19,8.991823979099569831e-19,1.713196299574195741e-18,3.233608083622771758e-18,6.134633442347615585e-18,1.173108434478065429e-17,2.242441952101297843e-17,4.235284300569306498e-17,7.840157976723896109e-17,1.419257296504336206e-16,2.518398836673756330e-16,4.402793436678399860e-16,7.630273000805346016e-16,1.318917854552746764e-15,2.286602681669818591e-15,3.995198907283948073e-15,7.062894348395794433e-15,1.267435211248663962e-14,2.318034416314380313e-14,4.407889924557321016e-14,9.216717238616729674e-14,2.166493034105155373e-13,5.353488470830123735e-13,1.303597292597032679e-12,3.079231526493209305e-12,7.127797924330187263e-12,1.641380181899536147e-11,3.806919029324060178e-11,8.969696506329791265e-11,2.158852492876680404e-10,0.000000000000000000e+00,0.000000000000000000e+00,0.000000000000000000e+00,0.000000000000000000e+00,0.000000000000000000e+00,0.000000000000000000e+00,0.000000000000000000e+00,0.000000000000000000e+00,0.000000000000000000e+00,0.000000000000000000e+00,0.000000000000000000e+00,0.000000000000000000e+00,0.000000000000000000e+00,0.000000000000000000e+00,0.000000000000000000e+00,0.000000000000000000e+00,0.000000000000000000e+00,0.000000000000000000e+00,0.000000000000000000e+00,0.000000000000000000e+00,0.000000000000000000e+00,0.000000000000000000e+00,0.000000000000000000e+00,0.000000000000000000e+00,0.000000000000000000e+00,0.000000000000000000e+00,0.000000000000000000e+00,0.000000000000000000e+00,0.000000000000000000e+00,0.000000000000000000e+00,0.000000000000000000e+00,0.000000000000000000e+00,0.000000000000000000e+00,0.000000000000000000e+00,0.000000000000000000e+00,0.000000000000000000e+00,0.000000000000000000e+00,0.000000000000000000e+00
0.000000000000000000e+00,0.000000000000000000e+00,0.000000000000000000e+00,0.000000000000000000e+00,0.000000000000000000e+00,0.000000000000000000e+00,0.000000000000000000e+00,0.000000000000000000e+00,0.000000000000000000e+00,0.000000000000000000e+00,0.000000000000000000e+00,0.000000000000000000e+00,0.000000000000000000e+00,0.000000000000000000e+00,0.000000000000000000e+00,0.000000000000000000e+00,0.000000000000000000e+00,0.000000000000000000e+00,0.000000000000000000e+00,0.000000000000000000e+00,0.000000000000000000e+00,0.000000000000000000e+00,0.000000000000000000e+00,0.000000000000000000e+00,0.000000000000000000e+00,7.771898356794679243e-22,2.355436661065010429e-21,6.773126547055217915e-21,1.844859129688060464e-20,4.750541197135495487e-20,1.154626409806660056e-19,2.647415019154865760e-19,5.731886979569360069e-19,1.174895642593339441e-18,2.289282587182418841e-18,4.262819780101232842e-18,7.631840420437673074e-18,1.322382639170556228e-17,2.232451101219080774e-17,3.696160313094221961e-17,6.038908064576152383e-17,9.792468340403254305e-17,1.584139707060137169e-16,2.568217989660443221e-16,4.189142156518843475e-16,6.898111450095430990e-16,1.150365963219333202e-15,1.958013013217722109e-15,3.501033107599786810e-15,6.888808158646209324e-15,1.493671852541800530e-14,3.370064988012110028e-14,7.525363085762984601e-14,1.637790774665722678e-13,3.493098769858874613e-13,7.385501707630294598e-13,1.564991310941790170e-12,3.351702791260321402e-12,7.298526107421393948e-12,1.622480545619202204e-11,3.692483743651273545e-11,8.622323918160689873e-11,0.000000000000000000e+00,0.000000000000000000e+00,0.000000000000000000e+00,0.000000000000000000e+00,0.000000000000000000e+00,0.000000000000000000e+00,0.000000000000000000e+00,0.000000000000000000e+00,0.000000000000000000e+00,0.000000000000000000e+00,0.000000000000000000e+00,0.000000000000000000e+00,0.000000000000000000e+00,0.000000000000000000e+00,0.000000000000000000e+00,0.000000000000000000e+00,0.000000000000000000e+00,0.000000000000000000e+00,0.000000000000000000e+00,0.000000000000000000e+00,0.000000000000000000e+00,0.000000000000000000e+00,0.000000000000000000e+00,0.000000000000000000e+00,0.000000000000000000e+00,0.000000000000000000e+00,0.000000000000000000e+00,0.000000000000000000e+00,0.000000000000000000e+00,0.000000000000000000e+00,0.000000000000000000e+00,0.000000000000000000e+00,0.000000000000000000e+00,0.000000000000000000e+00,0.000000000000000000e+00,0.000000000000000000e+00,0.000000000000000000e+00,0.000000000000000000e+00
0.000000000000000000e+00,0.000000000000000000e+00,0.000000000000000000e+00,0.000000000000000000e+00,0.000000000000000000e+00,0.000000000000000000e+00,0.000000000000000000e+00,0.000000000000000000e+00,0.000000000000000000e+00,0.000000000000000000e+00,0.000000000000000000e+00,0.000000000000000000e+00,0.000000000000000000e+00,0.000000000000000000e+00,0.000000000000000000e+00,0.000000000000000000e+00,0.000000000000000000e+00,0.000000000000000000e+00,0.000000000000000000e+00,0.000000000000000000e+00,0.000000000000000000e+00,0.000000000000000000e+00,0.000000000000000000e+00,0.000000000000000000e+00,3.875024628520661846e-22,1.153391653387779674e-21,3.238641857001396965e-21,8.561413721153846505e-21,2.129136764322343932e-20,4.984028394046521870e-20,1.100169895595206258e-19,2.296734089604656933e-19,4.552107703401059476e-19,8.605962641471779927e-19,1.560089128170084537e-18,2.727229383696422000e-18,4.624340693735395595e-18,7.650314723198527937e-18,1.241965717779928988e-17,1.989368731345344246e-17,3.160226880291591709e-17,5.002139013739796819e-17,7.923665775684210817e-17,1.263269763532386712e-16,2.056225391221542166e-16,3.527160736426074418e-16,6.579326427073240266e-16,1.322968534339886664e-15,2.745010180209234287e-15,5.661450104396679677e-15,1.144146348185269477e-14,2.269334317517697690e-14,4.452865405623506977e-14,8.721297060802357678e-14,1.718222977393600254e-13,3.425774169332850560e-13,6.943006199500574504e-13,1.434977551631248242e-12,3.036928106956448980e-12,6.681308937222038764e-12,1.554988129314656621e-11,3.776486412508699922e-11,9.331611847074631735e-11,0.000000000000000000e+00,0.000000000000000000e+00,0.000000000000000000e+00,0.000000000000000000e+00,0.000000000000000000e+00,0.000000000000000000e+00,0.000000000000000000e+00,0.000000000000000000e+00,0.000000000000000000e+00,0.000000000000000000e+00,0.000000000000000000e+00,0.000000000000000000e+00,0.000000000000000000e+00,0.000000000000000000e+00,0.000000000000000000e+00,0.000000000000000000e+00,0.000000000000000000e+00,0.000000000000000000e+00,0.000000000000000000e+00,0.000000000000000000e+00,0.000000000000000000e+00,0.000000000000000000e+00,0.000000000000000000e+00,0.000000000000000000e+00,0.000000000000000000e+00,0.000000000000000000e+00,0.000000000000000000e+00,0.000000000000000000e+00,0.000000000000000000e+00,0.000000000000000000e+00,0.000000000000000000e+00,0.000000000000000000e+00,0.000000000000000000e+00,0.000000000000000000e+00,0.000000000000000000e+00,0.000000000000000000e+00,0.000000000000000000e+00
0.000000000000000000e+00,0.000000000000000000e+00,0.000000000000000000e+00,0.000000000000000000e+00,0.000000000000000000e+00,0.000000000000000000e+00,0.000000000000000000e+00,0.000000000000000000e+00,0.000000000000000000e+00,0.000000000000000000e+00,0.000000000000000000e+00,0.000000000000000000e+00,0.000000000000000000e+00,0.000000000000000000e+00,0.000000000000000000e+00,0.000000000000000000e+00,0.000000000000000000e+00,0.000000000000000000e+00,0.000000000000000000e+00,0.000000000000000000e+00,0.000000000000000000e+00,0.000000000000000000e+00,0.000000000000000000e+00,1.988173930324763745e-22,5.537945050925608158e-22,1.468285101832497492e-21,3.697598595911034939e-21,8.835199782589050459e-21,2.003009583950842071e-20,4.312645615809591794e-20,8.835360893802462678e-20,1.727108284370979723e-19,3.232500742472642113e-19,5.816221661894195373e-19,1.010631622034159759e-18,1.704043752056753709e-18,2.802038379903633865e-18,4.516586430776156672e-18,7.179592877212216468e-18,1.136500692874374794e-17,1.824162405476860111e-17,3.045191484967563436e-17,5.380612010057610007e-17,9.990932914431576255e-17,1.899433571489043620e-16,3.606388451955331676e-16,6.749846535530343744e-16,1.242593355565418154e-15,2.258682821976549115e-15,4.079109783376630923e-15,7.366380051340050239e-15,1.337867109804259778e-14,2.455240987643331229e-14,4.569985577493144978e-14,8.652111433009364083e-14,1.671827050080970066e-13,3.364088220046754586e-13,7.480485003366404674e-13,1.862252242778277198e-12,4.802097249150979409e-12,1.210593515194869701e-11,2.964796409237545621e-11,7.154640714395034012e-11,0.000000000000000000e+00,0.000000000000000000e+00,0.000000000000000000e+00,0.000000000000000000e+00,0.000000000000000000e+00,0.000000000000000000e+00,0.000000000000000000e+00,0.000000000000000000e+00,0.000000000000000000e+00,0.000000000000000000e+00,0.000000000000000000e+00,0.000000000000000000e+00,0.000000000000000000e+00,0.000000000000000000e+00,0.000000000000000000e+00,0.000000000000000000e+00,0.000000000000000000e+00,0.000000000000000000e+00,0.000000000000000000e+00,0.000000000000000000e+00,0.000000000000000000e+00,0.000000000000000000e+00,0.000000000000000000e+00,0.000000000000000000e+00,0.000000000000000000e+00,0.000000000000000000e+00,0.000000000000000000e+00,0.000000000000000000e+00,0.000000000000000000e+00,0.000000000000000000e+00,0.000000000000000000e+00,0.000000000000000000e+00,0.000000000000000000e+00,0.000000000000000000e+00,0.000000000000000000e+00,0.000000000000000000e+00,0.000000000000000000e+00
8.819483607276250445e-33,1.298759279018406987e-32,2.216812823574658348e-32,4.201883872316960234e-32,8.699249345568036066e-32,1.947089300911791608e-31,4.675861271761483453e-31,1.196988863724012513e-30,3.248634282302356337e-30,9.295748472822094088e-30,2.790014314241372637e-29,8.734796296266835403e-29,2.837600432993234433e-28,9.510627319021646671e-28,3.269830223744265768e-27,1.146730839596682776e-26,4.077666884334451198e-26,1.461683255281388952e-25,5.251694801592435285e-25,1.881071338175836600e-24,6.682094701145174749e-24,2.343131004167153444e-23,8.076172727320331074e-23,2.247241675825705479e-22,5.644757207914696733e-22,1.360181076848249824e-21,3.138487166083661672e-21,6.928188018392045116e-21,1.463148340355068465e-20,2.959359528762845032e-20,5.747000372802289788e-20,1.076571196789769764e-19,1.960518137434557624e-19,3.509598717494998365e-19,6.254894711322422139e-19,1.121070017915840008e-18,2.026757267511009521e-18,3.677928243366476324e-18,6.639807194790261290e-18,1.182766738657899993e-17,2.069193714536666739e-17,3.552344795343918731e-17,5.997496684424425771e-17,9.996882162343439267e-17,1.652830636143073812e-16,2.723716027112170969e-16,4.493926189337750217e-16,7.453875729757943674e-16,1.247236519916210315e-15,2.111540119201425426e-15,3.625651525124513586e-15,6.327571180283786571e-15,1.129225577440233707e-14,2.128445592617832813e-14,4.501316287908369765e-14,1.063049722878045163e-13,2.586381773750282511e-13,6.130584223727193938e-13,1.403485594101883553e-12,3.140628657914805945e-12,6.973132732383285055e-12,1.554870523717273048e-11,3.511572258751269732e-11,8.077294435824588992e-11,0.000000000000000000e+00,0.000000000000000000e+00,0.000000000000000000e+00,0.000000000000000000e+00,0.000000000000000000e+00,0.000000000000000000e+00,0.000000000000000000e+00,0.000000000000000000e+00,0.000000000000000000e+00,0.000000000000000000e+00,0.000000000000000000e+00,0.000000000000000000e+00,0.000000000000000000e+00,0.000000000000000000e+00,0.000000000000000000e+00,0.000000000000000000e+00,0.000000000000000000e+00,0.000000000000000000e+00,0.000000000000000000e+00,0.000000000000000000e+00,0.000000000000000000e+00,0.000000000000000000e+00,0.000000000000000000e+00,0.000000000000000000e+00,0.000000000000000000e+00,0.000000000000000000e+00,0.000000000000000000e+00,0.000000000000000000e+00,0.000000000000000000e+00,0.000000000000000000e+00,0.000000000000000000e+00,0.000000000000000000e+00,0.000000000000000000e+00,0.000000000000000000e+00,0.000000000000000000e+00,0.000000000000000000e+00
0.000000000000000000e+00,0.000000000000000000e+00,0.000000000000000000e+00,0.000000000000000000e+00,0.000000000000000000e+00,0.000000000000000000e+00,0.000000000000000000e+00,0.000000000000000000e+00,0.000000000000000000e+00,0.000000000000000000e+00,0.000000000000000000e+00,0.000000000000000000e+00,0.000000000000000000e+00,0.000000000000000000e+00,0.000000000000000000e+00,0.000000000000000000e+00,0.000000000000000000e+00,0.000000000000000000e+00,0.000000000000000000e+00,0.000000000000000000e+00,0.000000000000000000e+00,0.000000000000000000e+00,9.700322646936066521e-23,2.425022023243998556e-22,5.931175971512848580e-22,1.415520332344570145e-21,3.286983530767292072e-21,7.404769798126415965e-21,1.613791697821602441e-20,3.394674341854294624e-20,6.881634826259833922e-20,1.343627690712645409e-19,2.527906650077352565e-19,4.589626322561280459e-19,8.060623526433455480e-19,1.373771725598882915e-18,2.280364745076058194e-18,3.701911735812202155e-18,5.902494372999945091e-18,9.283463577364723007e-18,1.446390613415338884e-17,2.241390308677442598e-17,3.467673971592289139e-17,5.374575992248703024e-17,8.371032814688908908e-17,1.313811438772778192e-16,2.082773532316083021e-16,3.342601648856206928e-16,5.457031677386184865e-16,9.245931748120802397e-16,1.699323069774327021e-15,3.472353599063128528e-15,7.579048182310706412e-15,1.664694724001676266e-14,3.569383757939978162e-14,7.450250543822418084e-14,1.527424682438652527e-13,3.110201781560221238e-13,6.350847287364314303e-13,1.309936670304514977e-12,2.743473285322548114e-12,5.855115586274088922e-12,1.276490789791081236e-11,2.847627258367801569e-11,0.000000000000000000e+00,0.000000000000000000e+00,0.000000000000000000e+00,0.000000000000000000e+00,0.000000000000000000e+00,0.000000000000000000e+00,0.000000000000000000e+00,0.000000000000000000e+00,0.000000000000000000e+00,0.000000000000000000e+00,0.000000000000000000e+00,0.000000000000000000e+00,0.000000000000000000e+00,0.000000000000000000e+00,0.000000000000000000e+00,0.000000000000000000e+00,0.000000000000000000e+00,0.000000000000000000e+00,0.000000000000000000e+00,0.000000000000000000e+00,0.000000000000000000e+00,0.000000000000000000e+00,0.000000000000000000e+00,0.000000000000000000e+00,0.000000000000000000e+00,0.000000000000000000e+00,0.000000000000000000e+00,0.000000000000000000e+00,0.000000000000000000e+00,0.000000000000000000e+00,0.000000000000000000e+00,0.000000000000000000e+00,0.000000000000000000e+00,0.000000000000000000e+00,0.000000000000000000e+00,0.000000000000000000e+00
0.000000000000000000e+00,0.000000000000000000e+00,0.000000000000000000e+00,0.000000000000000000e+00,0.000000000000000000e+00,0.000000000000000000e+00,0.000000000000000000e+00,0.000000000000000000e+00,0.000000000000000000e+00,0.000000000000000000e+00,0.000000000000000000e+00,0.000000000000000000e+00,0.000000000000000000e+00,0.000000000000000000e+00,0.000000000000000000e+00,0.000000000000000000e+00,0.000000000000000000e+00,0.000000000000000000e+00,0.000000000000000000e+00,0.000000000000000000e+00,0.000000000000000000e+00,7.690815879003864225e-23,1.843112033524904185e-22,4.315105356343597257e-22,9.834051987914286668e-22,2.175057082283402158e-21,4.657786374242559902e-21,9.640951473297479082e-21,1.927062613495321671e-20,3.718874157520492370e-20,6.932780401479508878e-20,1.250002649719264240e-19,2.183854905003291043e-19,3.705916425965394216e-19,6.125610286512852609e-19,9.894408603465960942e-19,1.567105722684378645e-18,2.442530577296952224e-18,3.760033306732354459e-18,5.737372777034132073e-18,8.707857451014652531e-18,1.318925811707623369e-17,1.999732717149655331e-17,3.044054286269026043e-17,4.671071315770026261e-17,7.303920569672142864e-17,1.194485487320738640e-16,2.109789175135629855e-16,4.038595752154629070e-16,8.089234720726679379e-16,1.627978650238898169e-15,3.221404581598086066e-15,6.243385961753356768e-15,1.191288441663373450e-14,2.255758442708650476e-14,4.271853034786549494e-14,8.143368909605816451e-14,1.570478012276306313e-13,3.075539208599450106e-13,6.132763035381797195e-13,1.247747299227783142e-12,2.598843398730498898e-12,5.588014586572775728e-12,1.246223074654391008e-11,2.860153714358303704e-11,0.000000000000000000e+00,0.000000000000000000e+00,0.000000000000000000e+00,0.000000000000000000e+00,0.000000000000000000e+00,0.000000000000000000e+00,0.000000000000000000e+00,0.000000000000000000e+00,0.000000000000000000e+00,0.000000000000000000e+00,0.000000000000000000e+00,0.000000000000000000e+00,0.000000000000000000e+00,0.000000000000000000e+00,0.000000000000000000e+00,0.000000000000000000e+00,0.000000000000000000e+00,0.000000000000000000e+00,0.000000000000000000e+00,0.000000000000000000e+00,0.000000000000000000e+00,0.000000000000000000e+00,0.000000000000000000e+00,0.000000000000000000e+00,0.000000000000000000e+00,0.000000000000000000e+00,0.000000000000000000e+00,0.000000000000000000e+00,0.000000000000000000e+00,0.000000000000000000e+00,0.000000000000000000e+00,0.000000000000000000e+00,0.000000000000000000e+00,0.000000000000000000e+00,0.000000000000000000e+00
0.000000000000000000e+00,0.000000000000000000e+00,0.000000000000000000e+00,0.000000000000000000e+00,0.000000000000000000e+00,0.000000000000000000e+00,0.000000000000000000e+00,0.000000000000000000e+00,0.000000000000000000e+00,0.000000000000000000e+00,0.000000000000000000e+00,0.000000000000000000e+00,0.000000000000000000e+00,0.000000000000000000e+00,0.000000000000000000e+00,0.000000000000000000e+00,0.000000000000000000e+00,0.000000000000000000e+00,0.000000000000000000e+00,0.000000000000000000e+00,5.146460891660474155e-23,1.140778989614536858e-22,2.484471839862644194e-22,5.299230552196309690e-22,1.103952565831415632e-21,2.241192668195620045e-21,4.426369999713305713e-21,8.495243326863723381e-21,1.583512229213239311e-20,2.866800488259643969e-20,5.044083609269028306e-20,8.634957008588556835e-20,1.440649327820843884e-19,2.347276924764739433e-19,3.744002748799237451e-19,5.862237144175622674e-19,9.036382166132736773e-19,1.375519990268447380e-18,2.074275656922857331e-18,3.110813325692279801e-18,4.670138625279711392e-18,7.109987346794613939e-18,1.120518705045711937e-17,1.862827514356627792e-17,3.271265322192918448e-17,5.953129758748877014e-17,1.094894960107326546e-16,1.999765411946276383e-16,3.601803097454313424e-16,6.400030240210413602e-16,1.126658354223774428e-15,1.975693646685044855e-15,3.469948135660860582e-15,6.132817657753190585e-15,1.095058082927822500e-14,1.981601071544173744e-14,3.642938522097716138e-14,6.816873177119300472e-14,1.303686746528708805e-13,2.612062090117323427e-13,5.758127971787742505e-13,1.385781860381868376e-12,3.408068058163246064e-12,8.226775528341532653e-12,1.944617870607239982e-11,0.000000000000000000e+00,0.000000000000000000e+00,0.000000000000000000e+00,0.000000000000000000e+00,0.000000000000000000e+00,0.000000000000000000e+00,0.000000000000000000e+00,0.000000000000000000e+00,0.000000000000000000e+00,0.000000000000000000e+00,0.000000000000000000e+00,0.000000000000000000e+00,0.000000000000000000e+00,0.000000000000000000e+00,0.000000000000000000e+00,0.000000000000000000e+00,0.000000000000000000e+00,0.000000000000000000e+00,0.000000000000000000e+00,0.000000000000000000e+00,0.000000000000000000e+00,0.000000000000000000e+00,0.000000000000000000e+00,0.000000000000000000e+00,0.000000000000000000e+00,0.000000000000000000e+00,0.000000000000000000e+00,0.000000000000000000e+00,0.000000000000000000e+00,0.000000000000000000e+00,0.000000000000000000e+00,0.000000000000000000e+00,0.000000000000000000e+00,0.000000000000000000e+00,0.000000000000000000e+00
7.452791548306923144e-29,9.637148048550347426e-29,1.374712156155185354e-28,2.103604551540316592e-28,3.415281881446062895e-28,5.844948196155691318e-28,1.049455577498626626e-27,1.969278073634605342e-27,3.849367827450237313e-27,7.812996821313895678e-27,1.641734407285138299e-26,3.560805959346328260e-26,7.947835128031196528e-26,1.819913089457467806e-25,4.261747228948811420e-25,1.017467052649158452e-24,2.468113392999357096e-24,6.064845214156925391e-24,1.504441991290119642e-23,3.722532056751825475e-23,7.670571019307217676e-23,1.562756919182363755e-22,3.138690885827328820e-22,6.197794855784117149e-22,1.200478595996660298e-21,2.276493227079719557e-21,4.220340360338066655e-21,7.641266950670316180e-21,1.350528343444828565e-20,2.330111816980743510e-20,3.926587971573063036e-20,6.470681175782966892e-20,1.045086211068299298e-19,1.660780375579901025e-19,2.613553481411338036e-19,4.111057490033471016e-19,6.533805756280195943e-19,1.058284599279259306e-18,1.750861782300079874e-18,2.943860415611814026e-18,4.983344365776100576e-18,8.415112521211721005e-18,1.408734782280320560e-17,2.331957805606026645e-17,3.818766961511505227e-17,6.200763555272708087e-17,1.001725379694525006e-16,1.615994002359417270e-16,2.612727000550391808e-16,4.247769143925847304e-16,6.964898372804035404e-16,1.154642342800009458e-15,1.939407645241419563e-15,3.306258863211076079e-15,5.730410542400903555e-15,1.016946541813404813e-14,1.916716596130369455e-14,4.070179102709853850e-14,9.597059009892558222e-14,2.314009200128482995e-13,5.417340327887121056e-13,1.223357203700257315e-12,2.697630423973246242e-12,5.894292793449622888e-12,1.291302486300079467e-11,2.860051172138097886e-11,0.000000000000000000e+00,0.000000000000000000e+00,0.000000000000000000e+00,0.000000000000000000e+00,0.000000000000000000e+00,0.000000000000000000e+00,0.000000000000000000e+00,0.000000000000000000e+00,0.000000000000000000e+00,0.000000000000000000e+00,0.000000000000000000e+00,0.000000000000000000e+00,0.000000000000000000e+00,0.000000000000000000e+00,0.000000000000000000e+00,0.000000000000000000e+00,0.000000000000000000e+00,0.000000000000000000e+00,0.000000000000000000e+00,0.000000000000000000e+00,0.000000000000000000e+00,0.000000000000000000e+00,0.000000000000000000e+00,0.000000000000000000e+00,0.000000000000000000e+00,0.000000000000000000e+00,0.000000000000000000e+00,0.000000000000000000e+00,0.000000000000000000e+00,0.000000000000000000e+00,0.000000000000000000e+00,0.000000000000000000e+00,0.000000000000000000e+00,0.000000000000000000e+00
4.052155207495546969e-28,5.103408122400403454e-28,7.019514656560008246e-28,1.028342721564728474e-27,1.588888571903239902e-27,2.574383991760656153e-27,4.355411687412940315e-27,7.669173699491377102e-27,1.401388288093840645e-26,2.650040256880923128e-26,5.173356502973113021e-26,1.039965889482900676e-25,2.147102716188682728e-25,4.542106955102171677e-25,9.818900766627750379e-25,2.164094977880544055e-24,4.849693811092494089e-24,1.102737445986321462e-23,2.485502530825605046e-23,4.828986484610909890e-23,9.359530613213107430e-23,1.806733665736402321e-22,3.469115206757091762e-22,6.618931936061815537e-22,1.253855031169626234e-21,2.356245971105215578e-21,4.387859049603091442e-21,8.085895049205161097e-21,1.471928133351279774e-20,2.641544016353172710e-20,4.664171422565501576e-20,8.088616192956702782e-20,1.375941597771203246e-19,2.294600669989813141e-19,3.751688710823939320e-19,6.019028389483356524e-19,9.489369591623869932e-19,1.473070150457665798e-18,2.256922749115018985e-18,3.421904760276567914e-18,5.148626577760611594e-18,7.709419652731896511e-18,1.152052179826934130e-17,1.722670156282438273e-17,2.584082864208948565e-17,3.897551096007511747e-17,5.923342433168508027e-17,9.087575666532458930e-17,1.409795838128939583e-16,2.214761227741060506e-16,3.529626636495244471e-16,5.746416774149105036e-16,9.819779584327073314e-16,1.841689265560290715e-15,3.816224763446512238e-15,8.295029256258791214e-15,1.793048636751360022e-14,3.771981161500582414e-14,7.731069094111058306e-14,1.558780546000782336e-13,3.124557731479563895e-13,6.281892061918310057e-13,1.275161888971615369e-12,2.625801130962384723e-12,5.502905100011257839e-12,1.176320182366935482e-11,0.000000000000000000e+00,0.000000000000000000e+00,0.000000000000000000e+00,0.000000000000000000e+00,0.000000000000000000e+00,0.000000000000000000e+00,0.000000000000000000e+00,0.000000000000000000e+00,0.000000000000000000e+00,0.000000000000000000e+00,0.000000000000000000e+00,0.000000000000000000e+00,0.000000000000000000e+00,0.000000000000000000e+00,0.000000000000000000e+00,0.000000000000000000e+00,0.000000000000000000e+00,0.000000000000000000e+00,0.000000000000000000e+00,0.000000000000000000e+00,0.000000000000000000e+00,0.000000000000000000e+00,0.000000000000000000e+00,0.000000000000000000e+00,0.000000000000000000e+00,0.000000000000000000e+00,0.000000000000000000e+00,0.000000000000000000e+00,0.000000000000000000e+00,0.000000000000000000e+00,0.000000000000000000e+00,0.000000000000000000e+00,0.000000000000000000e+00,0.000000000000000000e+00
0.000000000000000000e+00,0.000000000000000000e+00,0.000000000000000000e+00,0.000000000000000000e+00,0.000000000000000000e+00,0.000000000000000000e+00,0.000000000000000000e+00,0.000000000000000000e+00,0.000000000000000000e+00,0.000000000000000000e+00,0.000000000000000000e+00,0.000000000000000000e+00,0.000000000000000000e+00,0.000000000000000000e+00,0.000000000000000000e+00,0.000000000000000000e+00,0.000000000000000000e+00,2.277482464205485155e-23,4.283217858922779814e-23,8.072338434345208020e-23,1.520324039630386474e-22,2.853503843762723087e-22,5.322911017219170818e-22,9.842481930713122096e-22,1.799596076064889812e-21,3.246403718290808487e-21,5.767003324421495916e-21,1.007230493305088867e-20,1.727568581648856710e-20,2.907759294538624561e-20,4.801389377167251481e-20,7.779383153867964902e-20,1.237525260757694875e-19,1.934766718237759424e-19,2.976978185695080556e-19,4.515781916828412792e-19,6.765963184129224138e-19,1.003463500257142462e-18,1.476483813931123979e-18,2.160341933459059834e-18,3.150641177348188910e-18,4.590535649546460255e-18,6.696980475180976991e-18,9.803130697539811360e-18,1.442709988988362352e-17,2.138526142891641797e-17,3.198845022442179269e-17,4.846372546743590303e-17,7.526477059166138787e-17,1.230866486706719317e-16,2.178475060937831423e-16,4.152924951735970108e-16,8.216751317630422582e-16,1.626827763985569110e-15,3.166414444310672536e-15,6.045295678793290348e-15,1.138129603399840746e-14,2.128737192289623327e-14,3.983817656861137983e-14,7.503816172636538590e-14,1.429065949122370481e-13,2.761094736281139583e-13,5.425569596535804596e-13,1.086232703200003585e-12,2.218692259075240229e-12,4.628545902123232237e-12,9.871534777162610775e-12,0.000000000000000000e+00,0.000000000000000000e+00,0.000000000000000000e+00,0.000000000000000000e+00,0.000000000000000000e+00,0.000000000000000000e+00,0.000000000000000000e+00,0.000000000000000000e+00,0.000000000000000000e+00,0.000000000000000000e+00,0.000000000000000000e+00,0.000000000000000000e+00,0.000000000000000000e+00,0.000000000000000000e+00,0.000000000000000000e+00,0.000000000000000000e+00,0.000000000000000000e+00,0.000000000000000000e+00,0.000000000000000000e+00,0.000000000000000000e+00,0.000000000000000000e+00,0.000000000000000000e+00,0.000000000000000000e+00,0.000000000000000000e+00,0.000000000000000000e+00,0.000000000000000000e+00,0.000000000000000000e+00,0.000000000000000000e+00,0.000000000000000000e+00,0.000000000000000000e+00,0.000000000000000000e+00,0.000000000000000000e+00,0.000000000000000000e+00
0.000000000000000000e+00,0.000000000000000000e+00,0.000000000000000000e+00,0.000000000000000000e+00,0.000000000000000000e+00,0.000000000000000000e+00,0.000000000000000000e+00,0.000000000000000000e+00,0.000000000000000000e+00,0.000000000000000000e+00,0.000000000000000000e+00,0.000000000000000000e+00,0.000000000000000000e+00,0.000000000000000000e+00,0.000000000000000000e+00,0.000000000000000000e+00,2.300304297895594726e-23,4.054804674074220507e-23,7.169166643758778516e-23,1.268219479481440720e-22,2.239151438290684375e-22,3.936448833374119598e-22,6.875117754480221579e-22,1.190440202081998047e-21,2.039755522973015260e-21,3.452886289502505358e-21,5.767022662129778852e-21,9.493687824614832713e-21,1.539350673161750571e-20,2.457609938908220895e-20,3.863393560878701980e-20,5.982114931606216612e-20,9.129902465270998025e-20,1.374775801739579230e-19,2.045006189682702930e-19,3.009543985603512026e-19,4.389057909765677648e-19,6.354854007543107140e-19,9.152304854922642888e-19,1.313729382152635817e-18,1.883180916108943865e-18,2.701136232102364844e-18,3.885101754092589334e-18,5.622088233398118988e-18,8.247112291625484810e-18,1.245402126038012238e-17,1.975630802971712613e-17,3.327773640375994449e-17,5.889074167974386881e-17,1.068313241610382286e-16,1.942754865479602558e-16,3.499219553908368138e-16,6.224830167865294062e-16,1.096354268985359784e-15,1.920848290416800926e-15,3.364996589064856548e-15,5.922052380229371981e-15,1.051175748372882392e-14,1.887874571337772977e-14,3.439125542186824694e-14,6.366867619907685614e-14,1.199635926008951276e-13,2.305042428622143252e-13,4.549735372450227388e-13,9.341901796857602485e-13,1.994995947671214315e-12,4.365612805923341831e-12,0.000000000000000000e+00,0.000000000000000000e+00,0.000000000000000000e+00,0.000000000000000000e+00,0.000000000000000000e+00,0.000000000000000000e+00,0.000000000000000000e+00,0.000000000000000000e+00,0.000000000000000000e+00,0.000000000000000000e+00,0.000000000000000000e+00,0.000000000000000000e+00,0.000000000000000000e+00,0.000000000000000000e+00,0.000000000000000000e+00,0.000000000000000000e+00,0.000000000000000000e+00,0.000000000000000000e+00,0.000000000000000000e+00,0.000000000000000000e+00,0.000000000000000000e+00,0.000000000000000000e+00,0.000000000000000000e+00,0.000000000000000000e+00,0.000000000000000000e+00,0.000000000000000000e+00,0.000000000000000000e+00,0.000000000000000000e+00,0.000000000000000000e+00,0.000000000000000000e+00,0.000000000000000000e+00,0.000000000000000000e+00,0.000000000000000000e+00
0.000000000000000000e+00,0.000000000000000000e+00,0.000000000000000000e+00,0.000000000000000000e+00,0.000000000000000000e+00,0.000000000000000000e+00,0.000000000000000000e+00,0.000000000000000000e+00,0.000000000000000000e+00,0.000000000000000000e+00,0.000000000000000000e+00,0.000000000000000000e+00,0.000000000000000000e+00,0.000000000000000000e+00,1.544869471098605747e-23,2.529966090140910259e-23,4.172979161857600880e-23,6.917980682620343306e-23,1.150272810687669913e-22,1.914203775796000772e-22,3.181648684766614057e-22,5.271504698750677673e-22,8.690156758844934290e-22,1.422954366660077402e-21,2.310766309545446224e-21,3.716646456311381858e-21,5.914357841688456653e-21,9.303870952874792567e-21,1.446043441152844475e-20,2.219954850593823222e-20,3.366459141642205320e-20,5.044195711319104681e-20,7.472315352399285777e-20,1.095277670640457050e-19,1.590246317025700639e-19,2.289900167004184629e-19,3.275099768647753259e-19,4.660833259406163676e-19,6.616896778048097647e-19,9.413494888965162641e-19,1.352567664842817322e-18,1.985217970062849319e-18,3.010884507950085657e-18,4.743703067863168107e-18,7.726165255281944698e-18,1.284893656669256520e-17,2.153017022136273513e-17,3.600590884114073841e-17,5.982698723722794555e-17,9.871582029897369091e-17,1.620597498694550920e-16,2.655247089128424994e-16,4.356893808516330808e-16,7.183413779260198964e-16,1.193613838364432579e-15,2.003915141061465318e-15,3.406413339841874269e-15,5.873092814288091326e-15,1.028484893752661426e-14,1.833021864360499113e-14,3.364799015272203504e-14,6.610996907146475955e-14,1.428757920172916476e-13,3.271246999264362700e-13,7.508106230715552920e-13,1.687539491661316252e-12,3.722270524523459908e-12,8.142296754987711577e-12,0.000000000000000000e+00,0.000000000000000000e+00,0.000000000000000000e+00,0.000000000000000000e+00,0.000000000000000000e+00,0.000000000000000000e+00,0.000000000000000000e+00,0.000000000000000000e+00,0.000000000000000000e+00,0.000000000000000000e+00,0.000000000000000000e+00,0.000000000000000000e+00,0.000000000000000000e+00,0.000000000000000000e+00,0.000000000000000000e+00,0.000000000000000000e+00,0.000000000000000000e+00,0.000000000000000000e+00,0.000000000000000000e+00,0.000000000000000000e+00,0.000000000000000000e+00,0.000000000000000000e+00,0.000000000000000000e+00,0.000000000000000000e+00,0.000000000000000000e+00,0.000000000000000000e+00,0.000000000000000000e+00,0.000000000000000000e+00,0.000000000000000000e+00,0.000000000000000000e+00,0.000000000000000000e+00,0.000000000000000000e+00
1.294540021020980344e-25,1.517714195201406864e-25,1.891125112816431327e-25,2.461958490590390432e-25,3.326340792247347007e-25,4.647350045350143387e-25,6.695938607433624220e-25,9.928132406656477672e-25,1.512326222784111445e-24,2.362863785059609455e-24,3.780999640277935387e-24,6.188397048679418288e-24,1.017266748918847365e-23,1.550525713798192327e-23,2.388092357425601930e-23,3.710195026718208175e-23,5.804250360757761368e-23,9.126676173769034120e-23,1.439861343908947390e-22,2.275076471236155947e-22,3.593998985457732760e-22,5.666822472447603763e-22,8.904316766340781464e-22,1.392268816226264183e-21,2.163462444695409448e-21,3.337154397648670154e-21,5.105202674302731930e-21,7.740037806323075124e-21,1.162444885465496051e-20,1.729084927303372207e-20,2.547822687663841094e-20,3.721687560054802758e-20,5.397509878523491090e-20,7.793203989638569783e-20,1.124879752668946539e-19,1.632031742503693793e-19,2.393890365382153251e-19,3.566117191679551597e-19,5.403379422079195649e-19,8.309961858489596553e-19,1.290954579660832794e-18,2.014404341015914022e-18,3.141961914803400472e-18,4.883366706689398722e-18,7.553566193188799396e-18,1.163103479533717547e-17,1.785311657956111646e-17,2.737227741322525550e-17,4.201588161245152168e-17,6.472185313456292309e-17,1.002802494352052765e-16,1.566066900758579238e-16,2.469757660101809057e-16,3.939503778394845185e-16,6.364822557896814475e-16,1.042866611613042606e-15,1.737497823982357332e-15,2.987241491868234955e-15,5.522612918678046899e-15,1.132582979365424877e-14,2.490002003320770828e-14,5.521955534211597575e-14,1.195755316638447124e-13,2.519807602919589782e-13,5.213484506589946687e-13,1.070796222928418732e-12,2.203678600612482973e-12,4.575673548186239758e-12,0.000000000000000000e+00,0.000000000000000000e+00,0.000000000000000000e+00,0.000000000000000000e+00,0.000000000000000000e+00,0.000000000000000000e+00,0.000000000000000000e+00,0.000000000000000000e+00,0.000000000000000000e+00,0.000000000000000000e+00,0.000000000000000000e+00,0.000000000000000000e+00,0.000000000000000000e+00,0.000000000000000000e+00,0.000000000000000000e+00,0.000000000000000000e+00,0.000000000000000000e+00,0.000000000000000000e+00,0.000000000000000000e+00,0.000000000000000000e+00,0.000000000000000000e+00,0.000000000000000000e+00,0.000000000000000000e+00,0.000000000000000000e+00,0.000000000000000000e+00,0.000000000000000000e+00,0.000000000000000000e+00,0.000000000000000000e+00,0.000000000000000000e+00,0.000000000000000000e+00,0.000000000000000000e+00,0.000000000000000000e+00
3.672539804565594002e-25,4.242132815104890451e-25,5.178180484803800914e-25,6.576944024795298313e-25,8.641789442081133539e-25,1.170503061052935107e-24,1.630623399900500954e-24,2.331925041022962635e-24,3.418687148027780143e-24,5.130094833949271841e-24,7.588479235675846314e-24,1.080847468189716870e-23,1.559055396372381573e-23,2.274321614463925371e-23,3.350510959879784029e-23,4.977505203946312062e-23,7.446189357505202648e-23,1.120084803574266267e-22,1.691886192087017903e-22,2.562975219274699235e-22,3.889290354132960852e-22,5.906704116787250582e-22,8.971462389834188504e-22,1.362241271208328864e-21,2.067643317748007888e-21,3.137624137051636888e-21,4.762008768849096299e-21,7.231384233908221089e-21,1.099015968149952426e-20,1.671578541135018654e-20,2.543049481345499721e-20,3.866073959704027738e-20,5.865435366647187926e-20,8.867447204808002811e-20,1.333933636687591609e-19,1.994437222077875246e-19,2.961683080361163850e-19,4.367088702666219996e-19,6.395872291232360388e-19,9.310604376612927385e-19,1.348671013916663561e-18,1.946676710159509049e-18,2.804360209194613171e-18,4.038983667188374757e-18,5.826001706314524693e-18,8.431255781588727388e-18,1.226211515124342570e-17,1.795073654602578698e-17,2.649013798779896308e-17,3.946015440394244485e-17,5.940638163437507559e-17,9.049001390690454711e-17,1.396995506273344999e-16,2.200595104089372199e-16,3.614731956432531085e-16,6.396249643762452384e-16,1.228390659317051272e-15,2.475192660517885023e-15,5.018433916974215001e-15,1.001065373521314981e-14,1.957113537375503273e-14,3.769906012573575563e-14,7.211353850089816411e-14,1.380050727294669879e-13,2.658158723985223898e-13,5.176478374580251119e-13,1.022539109088291035e-12,2.053667081872932639e-12,4.200516574882113838e-12,0.000000000000000000e+00,0.000000000000000000e+00,0.000000000000000000e+00,0.000000000000000000e+00,0.000000000000000000e+00,0.000000000000000000e+00,0.000000000000000000e+00,0.000000000000000000e+00,0.000000000000000000e+00,0.000000000000000000e+00,0.000000000000000000e+00,0.000000000000000000e+00,0.000000000000000000e+00,0.000000000000000000e+00,0.000000000000000000e+00,0.000000000000000000e+00,0.000000000000000000e+00,0.000000000000000000e+00,0.000000000000000000e+00,0.000000000000000000e+00,0.000000000000000000e+00,0.000000000000000000e+00,0.000000000000000000e+00,0.000000000000000000e+00,0.000000000000000000e+00,0.000000000000000000e+00,0.000000000000000000e+00,0.000000000000000000e+00,0.000000000000000000e+00,0.000000000000000000e+00,0.000000000000000000e+00
0.000000000000000000e+00,0.000000000000000000e+00,0.000000000000000000e+00,0.000000000000000000e+00,0.000000000000000000e+00,0.000000000000000000e+00,0.000000000000000000e+00,5.090566153918116427e-24,6.745646284786877188e-24,9.086230313864636218e-24,1.242799712360644020e-23,1.724426386057074182e-23,2.424813345569276791e-23,3.452031700231603627e-23,4.970514934878099482e-23,7.231156124491803344e-23,1.061781214190335917e-22,1.571795055670457506e-22,2.343158891160852370e-22,3.513329479044349386e-22,5.291858285414458890e-22,7.996549807090538766e-22,1.210642356401225095e-21,1.833811079345656255e-21,2.775399090475711957e-21,4.191210333893095204e-21,6.307333669083754655e-21,9.447973471788827059e-21,1.407284696726857535e-20,2.082601247415407034e-20,3.060179880373259997e-20,4.463025973659654130e-20,6.459687324549226399e-20,9.279572372368073358e-20,1.323617206045790756e-19,1.875663221862266304e-19,2.642846488886517201e-19,3.706296563862813465e-19,5.179176917527712760e-19,7.220727441906580501e-19,1.005744655860911674e-18,1.401466633331906063e-18,1.956533629830870460e-18,2.740341094043900267e-18,3.855983157988694042e-18,5.458181467570228387e-18,7.781877886585723544e-18,1.118818124007929817e-17,1.623983357075916870e-17,2.384542302640833040e-17,3.563513363111684282e-17,5.505908169676164265e-17,8.997557952360334136e-17,1.571594445373392915e-16,2.887453787292493610e-16,5.416172290912646978e-16,1.013452062268821505e-15,1.872972768103341367e-15,3.417687570075755663e-15,6.184028228358561057e-15,1.115794465932800487e-14,2.018399308989723141e-14,3.677084030080734007e-14,6.770509058141462931e-14,1.263413270082451888e-13,2.394167412566302390e-13,4.614257528023227762e-13,9.054762592202609388e-13,1.810728044032771754e-12,0.000000000000000000e+00,0.000000000000000000e+00,0.000000000000000000e+00,0.000000000000000000e+00,0.000000000000000000e+00,0.000000000000000000e+00,0.000000000000000000e+00,0.000000000000000000e+00,0.000000000000000000e+00,0.000000000000000000e+00,0.000000000000000000e+00,0.000000000000000000e+00,0.000000000000000000e+00,0.000000000000000000e+00,0.000000000000000000e+00,0.000000000000000000e+00,0.000000000000000000e+00,0.000000000000000000e+00,0.000000000000000000e+00,0.000000000000000000e+00,0.000000000000000000e+00,0.000000000000000000e+00,0.000000000000000000e+00,0.000000000000000000e+00,0.000000000000000000e+00,0.000000000000000000e+00,0.000000000000000000e+00,0.000000000000000000e+00,0.000000000000000000e+00,0.000000000000000000e+00,0.000000000000000000e+00
0.000000000000000000e+00,0.000000000000000000e+00,0.000000000000000000e+00,3.995496974532145329e-24,4.820717927120091170e-24,5.937198417072707237e-24,7.451769702420115006e-24,9.518094844104404338e-24,1.235797426543237527e-23,1.629285685612812931e-23,2.179032548687844473e-23,2.953384678666924668e-23,4.052660909174332852e-23,5.624372413063154474e-23,7.886136216691584394e-23,1.115919333028421003e-22,1.591760833074803248e-22,2.286014720680567490e-22,3.301472696736092894e-22,4.788625299200261159e-22,6.967031917059678172e-22,1.015456000948039179e-21,1.480878682924890787e-21,2.158277116467630546e-21,3.140011406981649680e-21,4.555694414540683174e-21,6.585376640095653678e-21,9.477025444297426418e-21,1.356961155083521131e-20,1.932277018967012876e-20,2.735701090841239460e-20,3.850642575870958482e-20,5.389016248830794454e-20,7.501255995488301691e-20,1.039009724034228436e-19,1.432967993641971313e-19,1.969379193977366306e-19,2.699587932587584014e-19,3.694732178219813785e-19,5.054307150775054336e-19,6.918913869933964339e-19,9.489157078496033984e-19,1.305418477409701896e-18,1.803536035332783182e-18,2.505312455201602358e-18,3.503377078767888341e-18,4.940280796157244933e-18,7.053770019119188217e-18,1.029429972219324369e-17,1.559358375050695389e-17,2.485042624490147159e-17,4.165240226933386798e-17,7.227689240326908000e-17,1.272003749341179686e-16,2.236607447613900704e-16,3.902859405946704860e-16,6.754999598859655598e-16,1.162828910877595533e-15,1.998936568900833087e-15,3.445598674794552676e-15,5.977352413523366325e-15,1.046816024400218329e-14,1.855318315712979437e-14,3.334172653126289350e-14,6.084553405450926318e-14,1.128864786654935757e-13,2.131514811012172763e-13,4.101789362826680876e-13,8.055077287166026326e-13,1.614479852220623220e-12,0.000000000000000000e+00,0.000000000000000000e+00,0.000000000000000000e+00,0.000000000000000000e+00,0.000000000000000000e+00,0.000000000000000000e+00,0.000000000000000000e+00,0.000000000000000000e+00,0.000000000000000000e+00,0.000000000000000000e+00,0.000000000000000000e+00,0.000000000000000000e+00,0.000000000000000000e+00,0.000000000000000000e+00,0.000000000000000000e+00,0.000000000000000000e+00,0.000000000000000000e+00,0.000000000000000000e+00,0.000000000000000000e+00,0.000000000000000000e+00,0.000000000000000000e+00,0.000000000000000000e+00,0.000000000000000000e+00,0.000000000000000000e+00,0.000000000000000000e+00,0.000000000000000000e+00,0.000000000000000000e+00,0.000000000000000000e+00,0.000000000000000000e+00,0.000000000000000000e+00
6.188099225112427389e-24,6.774358088920338207e-24,7.677162073273616701e-24,8.917861862725031713e-24,1.057818577692019852e-23,1.278419141309805164e-23,1.571585851767963023e-23,1.962754637642863515e-23,2.487574276323030704e-23,3.196325226377280912e-23,4.159862512723515063e-23,5.478500488043140556e-23,7.294680551749043914e-23,9.810625098796090997e-23,1.331413823749258517e-22,1.821490946956018185e-22,2.509528232845195761e-22,3.478202596776439261e-22,4.844452373393379882e-22,6.773398672282482937e-22,9.496615564090762477e-22,1.333782432472266353e-21,1.874602108364891570e-21,2.634058301181378842e-21,3.697057011083921889e-21,5.179036824636321168e-21,7.236095058098634261e-21,1.007783593078018690e-20,1.398453500992198746e-20,1.932948898373752449e-20,2.660728044803733105e-20,3.647576444044906044e-20,4.980701537310486381e-20,6.776213165622730605e-20,9.189279277946740532e-20,1.242880612666441049e-19,1.677755473081928325e-19,2.262167537358539122e-19,3.049302695416165316e-19,4.113083279197389435e-19,5.557251707313864305e-19,7.528947402239440855e-19,1.023984487384098023e-18,1.400462393833145897e-18,1.932352249143886801e-18,2.707511518410663652e-18,3.892174696578598711e-18,5.803357096100738446e-18,9.018331857224342653e-18,1.452651296659846630e-17,2.394283915864107401e-17,3.983678272264736601e-17,6.628056699963090006e-17,1.097962801573326461e-16,1.810030806868880315e-16,2.974853781320879864e-16,4.888499368180387770e-16,8.056938405340800154e-16,1.335778524368439392e-15,2.233546303446388590e-15,3.774825062045120268e-15,6.459731046448471250e-15,1.120915408762127314e-14,1.974667675127834419e-14,3.538871247133946163e-14,6.494920015282846781e-14,1.233176778158798901e-13,2.424746855133388614e-13,4.884194597510096733e-13,9.967295053119513891e-13,0.000000000000000000e+00,0.000000000000000000e+00,0.000000000000000000e+00,0.000000000000000000e+00,0.000000000000000000e+00,0.000000000000000000e+00,0.000000000000000000e+00,0.000000000000000000e+00,0.000000000000000000e+00,0.000000000000000000e+00,0.000000000000000000e+00,0.000000000000000000e+00,0.000000000000000000e+00,0.000000000000000000e+00,0.000000000000000000e+00,0.000000000000000000e+00,0.000000000000000000e+00,0.000000000000000000e+00,0.000000000000000000e+00,0.000000000000000000e+00,0.000000000000000000e+00,0.000000000000000000e+00,0.000000000000000000e+00,0.000000000000000000e+00,0.000000000000000000e+00,0.000000000000000000e+00,0.000000000000000000e+00,0.000000000000000000e+00,0.000000000000000000e+00,0.000000000000000000e+00
1.112468537616523844e-23,1.206772459437160124e-23,1.350410283817182957e-23,1.545046775875622060e-23,1.801238026297313390e-23,2.135396063189400566e-23,2.570555281419817590e-23,3.138514662578713024e-23,3.882837070916190803e-23,4.863200233019193977e-23,6.161483416382844034e-23,7.890183661045933784e-23,1.020419271227116142e-22,1.331708982972717356e-22,1.752323372534910627e-22,2.322875976006933277e-22,3.099314166361290593e-22,4.158582377011863893e-22,5.606296967385785854e-22,7.587087693345610503e-22,1.029793615601385145e-21,1.400618686921195871e-21,1.907350074553347525e-21,2.598597142734660697e-21,3.539318633536290082e-21,4.816105730373496359e-21,6.543700879794673082e-21,8.873405084247109543e-21,1.200463761648657075e-20,1.619935762755229893e-20,2.180099656294774002e-20,2.926109202962639709e-20,3.917492129198459626e-20,5.232840271008768673e-20,6.976642867167609928e-20,9.288566706964602378e-20,1.235676370362026571e-19,1.643671510637201093e-19,2.187894512724701490e-19,2.917219282504638341e-19,3.902018735081989812e-19,5.249488176804426787e-19,7.135789856991844289e-19,9.869085667391981831e-19,1.399834735349594433e-18,2.048175345744691094e-18,3.091983115330166279e-18,4.787905397435422963e-18,7.534863182438164631e-18,1.194444723750979871e-17,1.895442796544935918e-17,3.001701399792636733e-17,4.741402499531387569e-17,7.478550299017790226e-17,1.180244091755692704e-16,1.868099127029364779e-16,2.972546992513145384e-16,4.765541112543105059e-16,7.712441062176426369e-16,1.262060480482660752e-15,2.091128754176834244e-15,3.512606359723770850e-15,5.997541657238913986e-15,1.052708905869592517e-14,1.943213248879099654e-14,3.809592192082322885e-14,7.768270535582974887e-14,1.600470396190347971e-13,3.281106041860936958e-13,6.683130477941293800e-13,1.358969476257446923e-12,0.000000000000000000e+00,0.000000000000000000e+00,0.000000000000000000e+00,0.000000000000000000e+00,0.000000000000000000e+00,0.000000000000000000e+00,0.000000000000000000e+00,0.000000000000000000e+00,0.000000000000000000e+00,0.000000000000000000e+00,0.000000000000000000e+00,0.000000000000000000e+00,0.000000000000000000e+00,0.000000000000000000e+00,0.000000000000000000e+00,0.000000000000000000e+00,0.000000000000000000e+00,0.000000000000000000e+00,0.000000000000000000e+00,0.000000000000000000e+00,0.000000000000000000e+00,0.000000000000000000e+00,0.000000000000000000e+00,0.000000000000000000e+00,0.000000000000000000e+00,0.000000000000000000e+00,0.000000000000000000e+00,0.000000000000000000e+00,0.000000000000000000e+00
2.082724103301083972e-23,2.240850181845268693e-23,2.479308999388090183e-23,2.798422843880494724e-23,3.212430630052992730e-23,3.743708655322023661e-23,4.423391026112541092e-23,5.293677274697699100e-23,6.411046556280919462e-23,7.851270971961828239e-23,9.715906542840138702e-23,1.214088404328061391e-22,1.530887141070482708e-22,1.946519747788374712e-22,2.493954097909990391e-22,3.217489967440362670e-22,4.176688860607292293e-22,5.451236772247045158e-22,7.148158510733091484e-22,9.409893250614987932e-22,1.242680453538402670e-21,1.645080476381747604e-21,2.181602505915853484e-21,2.896219113459634625e-21,3.846722827079377902e-21,5.108789738608011218e-21,6.781200723152134570e-21,8.992659925589421915e-21,1.191046990417919171e-20,1.575233672638344400e-20,2.080151544926559596e-20,2.742740125847581581e-20,3.611328743280551466e-20,4.749345853697264519e-20,6.240906036626318415e-20,8.198370452906177995e-20,1.077481468484782201e-19,1.418560129839505673e-19,1.874917089143998879e-19,2.496442524274618634e-19,3.365054158320925507e-19,4.617898099761544973e-19,6.482495782263855137e-19,9.326398411207987302e-19,1.372470218632184957e-18,2.055236747260054407e-18,3.111816864902733642e-18,4.736294526955748036e-18,7.217571801202068171e-18,1.098940233365081839e-17,1.671133386837856738e-17,2.539992362814071658e-17,3.864344177833354606e-17,5.895650788737931877e-17,9.036905884275235377e-17,1.394283403614063022e-16,2.169010391524654886e-16,3.407276240616106586e-16,5.412039682474937039e-16,8.702498660986037035e-16,1.420026148760095078e-15,2.375953491129260347e-15,4.181492039353731679e-15,7.900850108499198208e-15,1.578894996429085854e-14,3.217264124949637806e-14,6.513252539383511096e-14,1.300112446112527943e-13,2.566981787588450321e-13,5.047168453401320336e-13,9.948416937145140306e-13,0.000000000000000000e+00,0.000000000000000000e+00,0.000000000000000000e+00,0.000000000000000000e+00,0.000000000000000000e+00,0.000000000000000000e+00,0.000000000000000000e+00,0.000000000000000000e+00,0.000000000000000000e+00,0.000000000000000000e+00,0.000000000000000000e+00,0.000000000000000000e+00,0.000000000000000000e+00,0.000000000000000000e+00,0.000000000000000000e+00,0.000000000000000000e+00,0.000000000000000000e+00,0.000000000000000000e+00,0.000000000000000000e+00,0.000000000000000000e+00,0.000000000000000000e+00,0.000000000000000000e+00,0.000000000000000000e+00,0.000000000000000000e+00,0.000000000000000000e+00,0.000000000000000000e+00,0.000000000000000000e+00,0.000000000000000000e+00,0.000000000000000000e+00
3.100625911046481138e-23,3.311109205982807747e-23,3.625735742985370849e-23,4.042092704379077803e-23,4.575243387798132285e-23,5.249469390053233396e-23,6.098395621293026119e-23,7.166791422734919268e-23,8.513620548898760664e-23,1.021639714488940080e-22,1.237677138036054205e-22,1.512801388987530589e-22,1.864538726860706998e-22,2.315857717870417628e-22,2.896985181127754703e-22,3.647636753397996454e-22,4.619958758142275877e-22,5.882378234760937647e-22,7.524602691994092338e-22,9.663990149532585067e-22,1.245360940232351697e-21,1.609320417896451323e-21,2.084196577521383398e-21,2.703640045072777762e-21,3.511115979389645895e-21,4.562781015569130228e-21,5.931139431282176325e-21,7.709392966902570458e-21,1.001777578725763805e-20,1.301132422106955029e-20,1.689116163033857192e-20,2.191925225132390549e-20,2.844272118905239328e-20,3.692944150309915733e-20,4.803570765237897852e-20,6.271544509596817186e-20,8.241255780884712652e-20,1.093742794737127034e-19,1.471336538045103539e-19,2.012109772834467018e-19,2.800920910377371399e-19,3.965424047920840519e-19,5.693865631487895053e-19,8.259932316374673658e-19,1.205796421109203606e-18,1.765584246030435027e-18,2.587553151782558786e-18,3.791662057869995224e-18,5.555018502188123279e-18,8.142281311316206527e-18,1.195364022150783100e-17,1.760182865025456519e-17,2.603566931701627078e-17,3.874268563201378601e-17,5.808117459347551795e-17,8.783849315450735560e-17,1.341680387259569021e-16,2.072161725999657768e-16,3.243247812685388125e-16,5.189739017660407742e-16,8.679602351127412041e-16,1.552165475169385162e-15,2.953236616656664758e-15,5.792861419515987059e-15,1.137083056459470310e-14,2.203418028173391013e-14,4.211677124380119451e-14,7.980874838952483683e-14,1.508867706407438159e-13,2.862675382705640711e-13,5.475425970058821388e-13,1.059450162166130626e-12,0.000000000000000000e+00,0.000000000000000000e+00,0.000000000000000000e+00,0.000000000000000000e+00,0.000000000000000000e+00,0.000000000000000000e+00,0.000000000000000000e+00,0.000000000000000000e+00,0.000000000000000000e+00,0.000000000000000000e+00,0.000000000000000000e+00,0.000000000000000000e+00,0.000000000000000000e+00,0.000000000000000000e+00,0.000000000000000000e+00,0.000000000000000000e+00,0.000000000000000000e+00,0.000000000000000000e+00,0.000000000000000000e+00,0.000000000000000000e+00,0.000000000000000000e+00,0.000000000000000000e+00,0.000000000000000000e+00,0.000000000000000000e+00,0.000000000000000000e+00,0.000000000000000000e+00,0.000000000000000000e+00,0.000000000000000000e+00
4.273052661039164892e-23,4.533263155928703031e-23,4.919226477588850215e-23,5.424966596865836997e-23,6.065319705332882839e-23,6.864952321552302117e-23,7.857866369461618883e-23,9.088933601571947030e-23,1.061642932221456193e-22,1.251572524722797778e-22,1.488354368123468893e-22,1.784487466248121405e-22,2.156055496179037512e-22,2.623800436762993876e-22,3.214439053784655761e-22,3.962416701850066162e-22,4.912133297741421219e-22,6.120841219703417638e-22,7.662142407709429716e-22,9.630820782996867214e-22,1.214840448963704265e-21,1.537083675858416317e-21,1.949786087077989545e-21,2.478567713929219764e-21,3.156090550235452971e-21,4.024305198751443669e-21,5.136989892045527596e-21,6.563937317264331625e-21,8.396016121083204900e-21,1.075443010979183530e-20,1.380349054403062672e-20,1.777236767887980159e-20,2.298959646769882004e-20,2.993463877638729605e-20,3.931741562097947267e-20,5.219188945477536495e-20,7.011463330466634010e-20,9.536128412359057968e-20,1.312150973675605164e-19,1.823530678244395105e-19,2.553706103699718380e-19,3.595065309662095835e-19,5.076951691583923487e-19,7.180526431309904715e-19,1.016155408708554046e-18,1.438384121999555448e-18,2.036994976927934117e-18,2.887906274550986764e-18,4.102561012677784191e-18,5.846388636257329690e-18,8.367637364069857724e-18,1.204291649557678729e-17,1.744981403026597701e-17,2.548430555874347223e-17,3.755246707965101773e-17,5.589061076918642643e-17,8.418796067285019793e-17,1.292301826627329065e-16,2.056363773756208051e-16,3.463689602984652135e-16,6.198486754655210653e-16,1.153903189539695414e-15,2.172962769161668844e-15,4.065869019776566309e-15,7.516608944996787632e-15,1.375491552216931532e-14,2.503662505868847303e-14,4.557137165054892659e-14,8.334069875944491503e-14,1.537149096455230883e-13,2.867629938209854084e-13,5.422572054354887779e-13,0.000000000000000000e+00,0.000000000000000000e+00,0.000000000000000000e+00,0.000000000000000000e+00,0.000000000000000000e+00,0.000000000000000000e+00,0.000000000000000000e+00,0.000000000000000000e+00,0.000000000000000000e+00,0.000000000000000000e+00,0.000000000000000000e+00,0.000000000000000000e+00,0.000000000000000000e+00,0.000000000000000000e+00,0.000000000000000000e+00,0.000000000000000000e+00,0.000000000000000000e+00,0.000000000000000000e+00,0.000000000000000000e+00,0.000000000000000000e+00,0.000000000000000000e+00,0.000000000000000000e+00,0.000000000000000000e+00,0.000000000000000000e+00,0.000000000000000000e+00,0.000000000000000000e+00,0.000000000000000000e+00,0.000000000000000000e+00
5.043133859081740524e-23,5.320615819599367199e-23,5.729535892058741649e-23,6.260992240923484780e-23,6.927561902601721612e-23,7.751036584023473841e-23,8.761757997140571348e-23,9.999360959900311384e-23,1.151454679748884009e-22,1.337246056279145396e-22,1.565491546390130074e-22,1.846658962167554733e-22,2.193968596662012899e-22,2.624219340081686728e-22,3.158698331820548620e-22,3.824539696256453232e-22,4.656110558686715304e-22,5.697108453620725837e-22,7.003202720349236456e-22,8.645215395234051410e-22,1.071364111994915931e-21,1.332397471656566957e-21,1.662529655433418203e-21,2.081091276930205208e-21,2.613287705678411475e-21,3.292624706557693742e-21,4.164116748646859238e-21,5.289296259785279657e-21,6.753249405725893057e-21,8.675518047362203035e-21,1.122540687735522901e-20,1.464201817411866015e-20,1.926620651072568232e-20,2.557728621845817057e-20,3.424765948869421190e-20,4.621216062934829596e-20,6.275967780843961288e-20,8.565669160265059806e-20,1.173133552823353087e-19,1.610115753277322652e-19,2.212316159037351731e-19,3.041047316687121874e-19,4.180855067049730152e-19,5.749167330930326686e-19,7.910467588050276377e-19,1.089763804279007233e-18,1.504328662010251046e-18,2.082743419163682431e-18,2.894980810725821616e-18,4.044057218407714251e-18,5.683220687949413188e-18,8.042788840229696728e-18,1.147260531783724252e-17,1.651137248252467113e-17,2.401511396900949794e-17,3.547491626347187922e-17,5.388623009757281858e-17,8.569823436726281734e-17,1.441233730238648489e-16,2.537959036738128494e-16,4.574084570787227897e-16,8.267380731195567133e-16,1.482749706959634557e-15,2.632992676694340031e-15,4.640732960886568660e-15,8.153309897633803007e-15,1.434265256863243940e-14,2.536214656289074960e-14,4.522857039124512579e-14,8.154509490637456393e-14,1.489280179327896248e-13,2.759155912939633664e-13,5.191126645029245719e-13,0.000000000000000000e+00,0.000000000000000000e+00,0.000000000000000000e+00,0.000000000000000000e+00,0.000000000000000000e+00,0.000000000000000000e+00,0.000000000000000000e+00,0.000000000000000000e+00,0.000000000000000000e+00,0.000000000000000000e+00,0.000000000000000000e+00,0.000000000000000000e+00,0.000000000000000000e+00,0.000000000000000000e+00,0.000000000000000000e+00,0.000000000000000000e+00,0.000000000000000000e+00,0.000000000000000000e+00,0.000000000000000000e+00,0.000000000000000000e+00,0.000000000000000000e+00,0.000000000000000000e+00,0.000000000000000000e+00,0.000000000000000000e+00,0.000000000000000000e+00,0.000000000000000000e+00,0.000000000000000000e+00
6.218384168363563214e-23,6.527306712305368730e-23,6.979914836066445934e-23,7.563956010864752168e-23,8.290151403747576812e-23,9.178931501878647824e-23,1.025858973043877841e-22,1.156615829015199441e-22,1.314878887225655231e-22,1.506576448300414723e-22,1.739199378877694992e-22,2.022132485452286810e-22,2.367235554424342653e-22,2.789391369888660401e-22,3.307483853876338516e-22,3.945384188974420224e-22,4.733661312691911705e-22,5.711216927550707868e-22,6.928222646945405572e-22,8.449857944137200011e-22,1.036081369597785245e-21,1.277290342265201303e-21,1.583409301335701560e-21,1.974201866557027802e-21,2.476292224875007185e-21,3.125696212177121600e-21,3.971319817645049703e-21,5.079700423126828974e-21,6.541637680097807262e-21,8.480111230437774591e-21,1.106237954994649861e-20,1.451332909886967105e-20,1.913577121423080578e-20,2.533459610347317533e-20,3.364932694770938312e-20,4.479798910077156724e-20,5.973496364382268887e-20,7.973015034955170610e-20,1.064785356794023250e-19,1.422535981754858276e-19,1.901225141915531540e-19,2.542518843447721008e-19,3.403502118952667081e-19,4.563014500940985831e-19,6.130977669390779804e-19,8.261972225958150135e-19,1.117527702852212251e-18,1.518524801108499907e-18,2.074632440915984941e-18,2.852203904279991102e-18,3.949073421103792064e-18,5.511044035875160162e-18,7.759675877889580972e-18,1.104966253705295045e-17,1.601536645028148418e-17,2.392903448390642907e-17,3.739402820789776049e-17,6.141738678314092893e-17,1.048767843084731806e-16,1.826373951308605821e-16,3.190434456983542767e-16,5.541265329289111945e-16,9.547955942198465989e-16,1.635011411327609969e-15,2.792144579438288842e-15,4.773312951549584437e-15,8.197735149172752976e-15,1.418586332701925349e-14,2.479415397322419054e-14,4.385168485808092246e-14,7.859566094824467195e-14,1.429114763279210528e-13,2.638547993679411417e-13,0.000000000000000000e+00,0.000000000000000000e+00,0.000000000000000000e+00,0.000000000000000000e+00,0.000000000000000000e+00,0.000000000000000000e+00,0.000000000000000000e+00,0.000000000000000000e+00,0.000000000000000000e+00,0.000000000000000000e+00,0.000000000000000000e+00,0.000000000000000000e+00,0.000000000000000000e+00,0.000000000000000000e+00,0.000000000000000000e+00,0.000000000000000000e+00,0.000000000000000000e+00,0.000000000000000000e+00,0.000000000000000000e+00,0.000000000000000000e+00,0.000000000000000000e+00,0.000000000000000000e+00,0.000000000000000000e+00,0.000000000000000000e+00,0.000000000000000000e+00,0.000000000000000000e+00,0.000000000000000000e+00
6.644512755621502386e-23,6.952271987419078067e-23,7.402056529619848221e-23,7.980491828090416293e-23,8.697176649377707395e-23,9.571220063403291669e-23,1.062904374856576136e-22,1.190599530520342914e-22,1.344690837215583268e-22,1.530928796239943115e-22,1.756561829270408940e-22,2.030919633642784514e-22,2.365787591678663744e-22,2.776406258127667676e-22,3.282296765966543267e-22,3.908868931334770173e-22,4.689081825335717892e-22,5.666026098760456575e-22,6.896361429244530355e-22,8.454772915702675060e-22,1.043992850588607969e-21,1.298269017848832089e-21,1.625654168119766007e-21,2.049219271792858806e-21,2.599503040837399984e-21,3.317047607585894007e-21,4.255449052297883248e-21,5.485255691171120528e-21,7.099578580980144103e-21,9.220028085923824984e-21,1.200583943420483411e-20,1.566478032476772901e-20,2.046737177347009082e-20,2.676567057012201456e-20,3.501860347199400528e-20,4.582500991071809494e-20,5.996943225841678480e-20,7.848411601690595718e-20,1.027342640785043452e-19,1.345384732787056120e-19,1.763359761302768088e-19,2.314206003813260053e-19,3.042847811422267475e-19,4.010920945408472476e-19,5.303840274362558352e-19,7.040899941299806010e-19,9.390292796423913937e-19,1.259105808296415672e-18,1.698611682307932391e-18,2.307220281948288953e-18,3.157693808923101081e-18,4.359081483292442904e-18,6.085208650846592695e-18,8.646114747378840825e-18,1.265307087484006642e-17,1.932657222470368377e-17,3.096498824999043473e-17,5.157822605253749374e-17,8.777945744444891308e-17,1.501951030450899179e-16,2.558947401950951994e-16,4.326758139745973046e-16,7.265756602422618046e-16,1.215198519007139049e-15,2.031235363739268035e-15,3.404875306913066855e-15,5.740853111932472978e-15,9.760438871557898429e-15,1.676731928154660973e-14,2.915000522485108101e-14,5.134993634870805785e-14,9.174583905481198531e-14,1.663823246049157123e-13,3.064612962858805240e-13,0.000000000000000000e+00,0.000000000000000000e+00,0.000000000000000000e+00,0.000000000000000000e+00,0.000000000000000000e+00,0.000000000000000000e+00,0.000000000000000000e+00,0.000000000000000000e+00,0.000000000000000000e+00,0.000000000000000000e+00,0.000000000000000000e+00,0.000000000000000000e+00,0.000000000000000000e+00,0.000000000000000000e+00,0.000000000000000000e+00,0.000000000000000000e+00,0.000000000000000000e+00,0.000000000000000000e+00,0.000000000000000000e+00,0.000000000000000000e+00,0.000000000000000000e+00,0.000000000000000000e+00,0.000000000000000000e+00,0.000000000000000000e+00,0.000000000000000000e+00,0.000000000000000000e+00
8.495227565299000476e-23,8.876263339419504562e-23,9.433058714241068260e-23,1.014887802378681318e-22,1.103567677945805979e-22,1.211685034542501583e-22,1.342558306916958535e-22,1.500540972850901660e-22,1.691237576604668444e-22,1.921770462834947559e-22,2.201142447731901971e-22,2.540833197959724598e-22,2.955443740482809100e-22,3.463428691460173351e-22,4.088557694582985587e-22,4.860969733991479542e-22,5.819452849617487244e-22,7.013717027804674831e-22,8.507472627654770539e-22,1.038245355842603390e-21,1.274422714355451401e-21,1.572765414054299588e-21,1.950598822693664395e-21,2.430251694622825687e-21,3.040143947534126198e-21,3.816804255632169977e-21,4.806895712334154726e-21,6.069822883746194853e-21,7.681547257700799199e-21,9.739116390673165860e-21,1.236571869941312447e-20,1.571934930138503231e-20,2.000183499302709331e-20,2.547203525808810791e-20,3.246319377336544580e-20,4.140639285064207891e-20,5.286160824907850712e-20,6.756112733911784845e-20,8.646793327516782753e-20,1.108586400604455745e-19,1.424348845336384826e-19,1.834863000589773063e-19,2.371118817083286486e-19,3.075434460861981917e-19,4.006084640890984136e-19,5.243860408102786016e-19,6.901791364883660373e-19,9.139516793962425233e-19,1.218417671642411430e-18,1.636292170425397264e-18,2.215759051343017191e-18,3.031897759262381780e-18,4.214176373435116495e-18,6.008052670584332649e-18,8.890422242295009504e-18,1.374756452440657403e-17,2.211742943227688228e-17,3.652134196453916874e-17,6.096003886274662745e-17,1.017351499969269929e-16,1.688584235401083799e-16,2.784856773366296226e-16,4.571120156580033554e-16,7.488729675261161639e-16,1.228278638137433297e-15,2.022834868538238067e-15,3.353568522414012633e-15,5.608700405918114710e-15,9.479300655324412646e-15,1.621224501579894414e-14,2.808936790449563971e-14,4.934559423645787298e-14,8.795853716154911117e-14,1.591804522488458860e-13,0.000000000000000000e+00,0.000000000000000000e+00,0.000000000000000000e+00,0.000000000000000000e+00,0.000000000000000000e+00,0.000000000000000000e+00,0.000000000000000000e+00,0.000000000000000000e+00,0.000000000000000000e+00,0.000000000000000000e+00,0.000000000000000000e+00,0.000000000000000000e+00,0.000000000000000000e+00,0.000000000000000000e+00,0.000000000000000000e+00,0.000000000000000000e+00,0.000000000000000000e+00,0.000000000000000000e+00,0.000000000000000000e+00,0.000000000000000000e+00,0.000000000000000000e+00,0.000000000000000000e+00,0.000000000000000000e+00,0.000000000000000000e+00,0.000000000000000000e+00,0.000000000000000000e+00
3.361480121891409623e-23,3.561421268294895920e-23,3.857449811995646278e-23,4.244315105921627358e-23,4.732688657050074056e-23,5.340491530047552144e-23,6.092571393415533799e-23,7.021396234815152720e-23,8.169025202740412595e-23,9.589657665375491731e-23,1.135283583895261621e-22,1.354733607097553899e-22,1.628771655020560468e-22,1.972034646201792317e-22,2.403333299936748658e-22,2.946820816954502088e-22,3.633444506419465766e-22,4.503049851080520197e-22,5.606678679633280414e-22,7.009546548004662024e-22,8.795374175894022380e-22,1.107079307620550738e-21,1.397208503039112465e-21,1.767254353777835161e-21,2.239262384970673079e-21,2.841225748483325324e-21,3.608523632700019625e-21,4.585989774507622248e-21,5.830430900956849197e-21,7.413777863790359062e-21,9.426843994017908506e-21,1.198505789894560099e-20,1.523507704892781332e-20,1.936388299644874458e-20,2.461097879672824382e-20,3.128431737990716236e-20,3.978181721842091974e-20,5.062158105097535019e-20,6.448119017958086440e-20,8.225394720943429665e-20,1.051251027240492555e-19,1.346782487121299193e-19,1.730460118973490252e-19,2.231249116130988523e-19,2.888669411426666505e-19,3.757306159318988972e-19,4.912903912425451359e-19,6.461623638476337509e-19,8.553714965709416669e-19,1.140560009024280059e-18,1.534389052662655434e-18,2.091186974738386083e-18,2.912637151490619025e-18,4.200999534185168382e-18,6.348969676010375677e-18,1.006808504284542930e-17,1.655853474043348200e-17,2.774076364325557311e-17,4.661083762055695088e-17,7.782618031710651328e-17,1.287029858878215147e-16,2.109117350973970990e-16,3.433726697239748170e-16,5.572027388623969629e-16,9.042792210816546331e-16,1.472197570754136218e-15,2.410737810389632011e-15,3.979300454126316541e-15,6.632931217554162857e-15,1.118050559625678235e-14,1.907962351364105610e-14,3.299341547522620234e-14,5.785999780886072497e-14,1.029717908948277781e-13,1.860590708287752427e-13,0.000000000000000000e+00,0.000000000000000000e+00,0.000000000000000000e+00,0.000000000000000000e+00,0.000000000000000000e+00,0.000000000000000000e+00,0.000000000000000000e+00,0.000000000000000000e+00,0.000000000000000000e+00,0.000000000000000000e+00,0.000000000000000000e+00,0.000000000000000000e+00,0.000000000000000000e+00,0.000000000000000000e+00,0.000000000000000000e+00,0.000000000000000000e+00,0.000000000000000000e+00,0.000000000000000000e+00,0.000000000000000000e+00,0.000000000000000000e+00,0.000000000000000000e+00,0.000000000000000000e+00,0.000000000000000000e+00,0.000000000000000000e+00,0.000000000000000000e+00
4.738024809302740984e-23,4.990517568655246209e-23,5.361735457825129810e-23,5.842738454815241954e-23,6.443839176838576024e-23,7.183757929805923032e-23,8.088038793777158528e-23,9.190056017390034052e-23,1.053306781574142079e-22,1.217105966262411557e-22,1.417257842303944779e-22,1.662474749221940049e-22,1.963595167369932780e-22,2.334433162093744672e-22,2.792386133575349728e-22,3.359351653572650691e-22,4.063091573908991008e-22,4.938398287961702572e-22,6.029497099500068851e-22,7.391927030820007400e-22,9.095679076091498222e-22,1.122907902942599221e-21,1.390266753804607694e-21,1.725627903369502286e-21,2.146447448098117154e-21,2.674672747781293085e-21,3.337835183527998659e-21,4.170427126183415624e-21,5.215763364433980753e-21,6.528257637171258162e-21,8.176275909696174626e-21,1.024599854575379983e-20,1.284644146326495643e-20,1.611572652641680064e-20,2.022997929690462481e-20,2.541464383012624907e-20,3.195960368017577886e-20,4.024033394978447106e-20,5.074597307300758155e-20,6.411717471282924931e-20,8.120031522776857532e-20,1.031199647253314905e-19,1.313805398594186913e-19,1.680142674247072976e-19,2.157757360109781015e-19,2.784460943619196350e-19,3.612328454158659439e-19,4.713857214708111538e-19,6.190967894605678442e-19,8.189797681747394407e-19,1.093063826361804536e-18,1.477953109332406904e-18,2.041633494293007158e-18,2.917241879329330219e-18,4.359011555262383688e-18,6.821853537277709373e-18,1.106571761342677000e-17,1.829780292898768568e-17,3.038588220679166851e-17,5.020599948446909935e-17,8.222682666359283214e-17,1.334916948879443952e-16,2.152801320596706571e-16,3.459120347541741418e-16,5.555426181113389729e-16,8.944279289377033380e-16,1.447374690277695637e-15,2.359228596183250077e-15,3.880558505350524391e-15,6.450381751903508138e-15,1.084780190570468287e-14,1.847472629317301493e-14,3.188928178537922067e-14,5.582897030951753702e-14,9.918656327951829473e-14,0.000000000000000000e+00,0.000000000000000000e+00,0.000000000000000000e+00,0.000000000000000000e+00,0.000000000000000000e+00,0.000000000000000000e+00,0.000000000000000000e+00,0.000000000000000000e+00,0.000000000000000000e+00,0.000000000000000000e+00,0.000000000000000000e+00,0.000000000000000000e+00,0.000000000000000000e+00,0.000000000000000000e+00,0.000000000000000000e+00,0.000000000000000000e+00,0.000000000000000000e+00,0.000000000000000000e+00,0.000000000000000000e+00,0.000000000000000000e+00,0.000000000000000000e+00,0.000000000000000000e+00,0.000000000000000000e+00,0.000000000000000000e+00,0.000000000000000000e+00
5.746792261835012528e-23,6.027008299946260033e-23,6.436927694691701125e-23,6.964778214620531505e-23,7.619781407802588919e-23,8.419091706522638379e-23,9.387403827283897348e-23,1.055628326509531649e-22,1.196597859222830389e-22,1.366694051938735608e-22,1.572226240714716970e-22,1.821037905722857673e-22,2.122931333962264972e-22,2.490142758359021150e-22,2.937801950132464008e-22,3.484978773049858139e-22,4.155257720605786958e-22,4.978076558261761891e-22,5.990323426491833749e-22,7.237704740679871601e-22,8.777519286745121771e-22,1.068060951734265878e-21,1.303575033394374917e-21,1.595308771660619308e-21,1.957012052541000821e-21,2.405687163164690539e-21,2.962686164290444472e-21,3.654318417103689175e-21,4.513668250581576222e-21,5.581868143561600276e-21,6.910390097227596478e-21,8.563786434226330070e-21,1.062328157911650790e-20,1.319141075406878134e-20,1.639820341956300570e-20,2.040943179989421832e-20,2.543722751525836797e-20,3.175510868996299099e-20,3.971756300892420970e-20,4.978693989756436977e-20,6.257012189867273910e-20,7.886977074065545321e-20,9.975361882244101337e-20,1.266547418696461104e-19,1.615040857671759400e-19,2.069322641718344348e-19,2.665452937149800792e-19,3.453220564347276335e-19,4.502125134698281554e-19,5.910895881406649067e-19,7.826253354472296137e-19,1.048654978676750832e-18,1.432431371890704814e-18,2.017388523284728356e-18,2.962471340336829886e-18,4.553193711254583704e-18,7.268849090053473726e-18,1.187210645125556907e-17,1.953964962949770225e-17,3.206967460479712271e-17,5.222552185559067432e-17,8.431128809230534980e-17,1.351309469341135788e-16,2.156003892906998306e-16,3.434548195767002552e-16,5.478897991167287651e-16,8.775278690831880959e-16,1.414322252157774452e-15,2.298115524404860826e-15,3.770486327839370850e-15,6.253991016755739613e-15,1.049749608745893289e-14,1.784613969680292836e-14,3.075053411459769120e-14,5.373764066570001737e-14,9.527961811111314568e-14,0.000000000000000000e+00,0.000000000000000000e+00,0.000000000000000000e+00,0.000000000000000000e+00,0.000000000000000000e+00,0.000000000000000000e+00,0.000000000000000000e+00,0.000000000000000000e+00,0.000000000000000000e+00,0.000000000000000000e+00,0.000000000000000000e+00,0.000000000000000000e+00,0.000000000000000000e+00,0.000000000000000000e+00,0.000000000000000000e+00,0.000000000000000000e+00,0.000000000000000000e+00,0.000000000000000000e+00,0.000000000000000000e+00,0.000000000000000000e+00,0.000000000000000000e+00,0.000000000000000000e+00,0.000000000000000000e+00,0.000000000000000000e+00
1.075170000791394906e-265,1.728597821448018557e-263,1.897643223686496343e-260,8.109596363863894488e-257,1.073911749927186723e-252,3.848227849214642556e-248,3.372724837491005336e-243,6.662773118364834011e-238,2.769650848288875291e-232,2.276372004230177611e-226,3.475891430196297536e-220,9.325283568922839443e-214,4.130442621405228489e-207,2.850441296954111770e-200,2.898627547530919537e-193,4.063932941402826028e-186,7.397698999975718381e-179,1.639448408057895529e-171,4.147721346076903669e-164,1.116055633552960259e-156,3.001447798059958651e-149,7.532537255907776815e-142,1.643530017755192739e-134,2.923561246440639583e-127,3.975728639972500583e-120,3.881653921662411811e-113,2.558558850618761365e-106,1.076401756707753955e-99,2.742598380370615840e-93,4.035668672172285032e-87,3.285813837142788139e-81,1.427433685246491343e-75,3.209110359776734022e-70,3.647053069641720276e-65,2.059424695574487187e-60,5.719990707311803456e-56,7.787216241050857541e-52,5.214194618997291044e-48,1.733412953098966211e-44,2.905573495221536890e-41,2.508452648169093660e-38,1.144485371610727500e-35,2.843163409454886523e-33,3.978509576394174406e-31,3.251095366362016651e-29,1.612303799955655199e-27,5.047690246369945307e-26,1.038531445486467542e-24,1.461588549413280755e-23,1.463421053648105595e-22,1.082885502447482105e-21,6.140986570698453553e-21,2.761942840700367904e-20,1.017099799292569536e-19,3.158273536625029877e-19,8.492638785651538173e-19,2.025816047638788839e-18,4.378889795746426630e-18,8.739509227510265170e-18,1.637012137469754947e-17,2.918454648821902205e-17,5.011590932146917303e-17,8.373012744289382510e-17,1.372509001765844156e-16,2.222666059694119681e-16,3.576136875152290916e-16,5.742773568791848263e-16,9.238251708004202295e-16,1.493095018209244580e-15,2.430072437159113499e-15,3.990061099230839116e-15,6.618978763751298219e-15,1.110568145750901468e-14,1.886485000394708019e-14,3.246890434227922536e-14,5.665741043883378679e-14,0.000000000000000000e+00,0.000000000000000000e+00,0.000000000000000000e+00,0.000000000000000000e+00,0.000000000000000000e+00,0.000000000000000000e+00,0.000000000000000000e+00,0.000000000000000000e+00,0.000000000000000000e+00,0.000000000000000000e+00,0.000000000000000000e+00,0.000000000000000000e+00,0.000000000000000000e+00,0.000000000000000000e+00,0.000000000000000000e+00,0.000000000000000000e+00,0.000000000000000000e+00,0.000000000000000000e+00,0.000000000000000000e+00,0.000000000000000000e+00,0.000000000000000000e+00,0.000000000000000000e+00,0.000000000000000000e+00,0.000000000000000000e+00
1.268095060443276350e-253,1.472636982004722329e-251,1.034391024316825705e-248,2.588106439713535168e-245,1.868285564647008764e-241,3.430554727296513481e-237,1.455418172783303862e-232,1.322879920706053259e-227,2.416303471123353865e-222,8.376483301931774928e-217,5.193257879326123390e-211,5.475999286586449829e-205,9.275255670998840960e-199,2.400019641131176636e-192,8.939990178977382719e-186,4.548769977093329162e-179,2.979218600649390428e-172,2.366919752314150220e-165,2.149628105735614348e-158,2.098334323468883479e-151,2.069921891240128900e-144,1.940172777025981065e-137,1.620977768190076878e-130,1.135023808836527016e-123,6.290162602737229592e-117,2.593496803751159125e-110,7.528462564504924932e-104,1.458970740218800117e-97,1.796885595296184542e-91,1.343477644951422352e-85,5.855535297278705115e-80,1.436166956783674465e-74,1.924004708279423411e-69,1.374403423018130637e-64,5.143476892829517434e-60,9.966514346900908573e-56,9.946404858099846167e-52,5.116828696749164157e-48,1.365858188105684560e-44,1.915240445527446555e-41,1.435765305254196054e-38,5.881656769029841712e-36,1.352007842004096681e-33,1.796032652422892219e-31,1.424262758690524218e-29,6.981221884305228772e-28,2.192568587562230196e-26,4.578169314483429178e-25,6.595434261888710110e-24,6.800081532956938949e-23,5.200250241596559056e-22,3.052879996576138191e-21,1.421480620700060487e-20,5.412572200728797144e-20,1.733899518967116688e-19,4.795891547981423156e-19,1.172669799099233203e-18,2.588648917412257679e-18,5.256225417675962437e-18,9.978862172522642928e-18,1.796581805896269118e-17,3.104948349917905067e-17,5.204594383197857276e-17,8.535181325697527368e-17,1.379329125554336484e-16,2.209689119118248090e-16,3.526244240606641146e-16,5.627521784141048268e-16,9.009857264322829310e-16,1.450783827467333842e-15,2.354169532875109905e-15,3.855746553556879373e-15,6.381975614081491008e-15,1.068586041796849737e-14,1.811497924553810421e-14,3.111242121054537167e-14,5.416594684952321907e-14,0.000000000000000000e+00,0.000000000000000000e+00,0.000000000000000000e+00,0.000000000000000000e+00,0.000000000000000000e+00,0.000000000000000000e+00,0.000000000000000000e+00,0.000000000000000000e+00,0.000000000000000000e+00,0.000000000000000000e+00,0.000000000000000000e+00,0.000000000000000000e+00,0.000000000000000000e+00,0.000000000000000000e+00,0.000000000000000000e+00,0.000000000000000000e+00,0.000000000000000000e+00,0.000000000000000000e+00,0.000000000000000000e+00,0.000000000000000000e+00,0.000000000000000000e+00,0.000000000000000000e+00,0.000000000000000000e+00
-0.000000000000000000e+00,-0.000000000000000000e+00,-0.000000000000000000e+00,-0.000000000000000000e+00,-0.000000000000000000e+00,-0.000000000000000000e+00,-0.000000000000000000e+00,-0.000000000000000000e+00,-0.000000000000000000e+00,-0.000000000000000000e+00,-0.000000000000000000e+00,-0.000000000000000000e+00,-0.000000000000000000e+00,-0.000000000000000000e+00,-0.000000000000000000e+00,-0.000000000000000000e+00,-0.000000000000000000e+00,-0.000000000000000000e+00,-0.000000000000000000e+00,-0.000000000000000000e+00,-0.000000000000000000e+00,-0.000000000000000000e+00,-0.000000000000000000e+00,-0.000000000000000000e+00,-0.000000000000000000e+00,-0.000000000000000000e+00,-0.000000000000000000e+00,-0.000000000000000000e+00,-0.000000000000000000e+00,-0.000000000000000000e+00,-0.000000000000000000e+00,-0.000000000000000000e+00,-0.000000000000000000e+00,-0.000000000000000000e+00,-0.000000000000000000e+00,-0.000000000000000000e+00,-0.000000000000000000e+00,-0.000000000000000000e+00,-0.000000000000000000e+00,-0.000000000000000000e+00,-0.000000000000000000e+00,-0.000000000000000000e+00,-0.000000000000000000e+00,-0.000000000000000000e+00,-0.000000000000000000e+00,-0.000000000000000000e+00,-0.000000000000000000e+00,-0.000000000000000000e+00,-0.000000000000000000e+00,-0.000000000000000000e+00,-0.000000000000000000e+00,-0.000000000000000000e+00,-0.000000000000000000e+00,-0.000000000000000000e+00,-0.000000000000000000e+00,-0.000000000000000000e+00,-0.000000000000000000e+00,-0.000000000000000000e+00,-0.000000000000000000e+00,3.525315968824962657e-263,5.475003612526702549e-206,5.475089762054021325e-161,7.038767079106522318e-126,1.020503050547812851e-98,6.992008783443216437e-78,4.947183623191034272e-62,4.497077595903475826e-50,4.028530171502222192e-41,1.812737356847998124e-34,1.484525651450788577e-29,6.054953651827106727e-26,2.677314236196643646e-23,2.326439048224744968e-21,6.226542347627933068e-20,7.181007958289552508e-19,4.572713203816816639e-18,1.926642133515121788e-17,0.000000000000000000e+00,0.000000000000000000e+00,0.000000000000000000e+00,0.000000000000000000e+00,0.000000000000000000e+00,0.000000000000000000e+00,0.000000000000000000e+00,0.000000000000000000e+00,0.000000000000000000e+00,0.000000000000000000e+00,0.000000000000000000e+00,0.000000000000000000e+00,0.000000000000000000e+00,0.000000000000000000e+00,0.000000000000000000e+00,0.000000000000000000e+00,0.000000000000000000e+00,0.000000000000000000e+00,0.000000000000000000e+00,0.000000000000000000e+00,0.000000000000000000e+00,0.000000000000000000e+00,0.000000000000000000e+00
-0.000000000000000000e+00,-0.000000000000000000e+00,-0.000000000000000000e+00,-0.000000000000000000e+00,-0.000000000000000000e+00,-0.000000000000000000e+00,-0.000000000000000000e+00,-0.000000000000000000e+00,-0.000000000000000000e+00,-0.000000000000000000e+00,-0.000000000000000000e+00,-0.000000000000000000e+00,-0.000000000000000000e+00,-0.000000000000000000e+00,-0.000000000000000000e+00,-0.000000000000000000e+00,-0.000000000000000000e+00,-0.000000000000000000e+00,-0.000000000000000000e+00,-0.000000000000000000e+00,-0.000000000000000000e+00,-0.000000000000000000e+00,-0.000000000000000000e+00,-0.000000000000000000e+00,-0.000000000000000000e+00,-0.000000000000000000e+00,-0.000000000000000000e+00,-0.000000000000000000e+00,-0.000000000000000000e+00,-0.000000000000000000e+00,-0.000000000000000000e+00,-0.000000000000000000e+00,-0.000000000000000000e+00,-0.000000000000000000e+00,-0.000000000000000000e+00,-0.000000000000000000e+00,-0.000000000000000000e+00,-0.000000000000000000e+00,-0.000000000000000000e+00,-0.000000000000000000e+00,-0.000000000000000000e+00,-0.000000000000000000e+00,-0.000000000000000000e+00,-0.000000000000000000e+00,-0.000000000000000000e+00,-0.000000000000000000e+00,-0.000000000000000000e+00,-0.000000000000000000e+00,-0.000000000000000000e+00,-0.000000000000000000e+00,-0.000000000000000000e+00,-0.000000000000000000e+00,-0.000000000000000000e+00,-0.000000000000000000e+00,-0.000000000000000000e+00,-0.000000000000000000e+00,-0.000000000000000000e+00,-0.000000000000000000e+00,-0.000000000000000000e+00,4.346143776234022068e-288,1.099268448798610850e-226,5.184888558318917432e-178,9.594166520283572035e-140,6.597600904042622234e-110,7.795378931480243119e-87,3.860052510888855028e-69,1.116090989640570874e-55,1.613788404880051490e-45,6.603215417080085558e-38,3.050339509956415160e-32,4.743555604001457800e-28,5.828355844279865245e-25,1.093702118114525311e-22,5.185680961251125847e-21,9.087039137625545679e-20,7.818292384499437306e-19,4.073627919852844292e-18,1.498046119447714279e-17,0.000000000000000000e+00,0.000000000000000000e+00,0.000000000000000000e+00,0.000000000000000000e+00,0.000000000000000000e+00,0.000000000000000000e+00,0.000000000000000000e+00,0.000000000000000000e+00,0.000000000000000000e+00,0.000000000000000000e+00,0.000000000000000000e+00,0.000000000000000000e+00,0.000000000000000000e+00,0.000000000000000000e+00,0.000000000000000000e+00,0.000000000000000000e+00,0.000000000000000000e+00,0.000000000000000000e+00,0.000000000000000000e+00,0.000000000000000000e+00,0.000000000000000000e+00,0.000000000000000000e+00
-0.000000000000000000e+00,-0.000000000000000000e+00,-0.000000000000000000e+00,-0.000000000000000000e+00,-0.000000000000000000e+00,-0.000000000000000000e+00,-0.000000000000000000e+00,-0.000000000000000000e+00,-0.000000000000000000e+00,-0.000000000000000000e+00,-0.000000000000000000e+00,-0.000000000000000000e+00,-0.000000000000000000e+00,-0.000000000000000000e+00,-0.000000000000000000e+00,-0.000000000000000000e+00,-0.000000000000000000e+00,-0.000000000000000000e+00,-0.000000000000000000e+00,-0.000000000000000000e+00,-0.000000000000000000e+00,-0.000000000000000000e+00,-0.000000000000000000e+00,-0.000000000000000000e+00,-0.000000000000000000e+00,-0.000000000000000000e+00,-0.000000000000000000e+00,-0.000000000000000000e+00,-0.000000000000000000e+00,-0.000000000000000000e+00,-0.000000000000000000e+00,-0.000000000000000000e+00,-0.000000000000000000e+00,-0.000000000000000000e+00,-0.000000000000000000e+00,-0.000000000000000000e+00,-0.000000000000000000e+00,-0.000000000000000000e+00,-0.000000000000000000e+00,-0.000000000000000000e+00,-0.000000000000000000e+00,-0.000000000000000000e+00,-0.000000000000000000e+00,-0.000000000000000000e+00,-0.000000000000000000e+00,-0.000000000000000000e+00,-0.000000000000000000e+00,-0.000000000000000000e+00,-0.000000000000000000e+00,-0.000000000000000000e+00,-0.000000000000000000e+00,-0.000000000000000000e+00,-0.000000000000000000e+00,-0.000000000000000000e+00,-0.000000000000000000e+00,-0.000000000000000000e+00,-0.000000000000000000e+00,-0.000000000000000000e+00,-0.000000000000000000e+00,4.346143776234022068e-288,1.099268448798610850e-226,5.184888558318917432e-178,9.594166520283572035e-140,6.597600904042622234e-110,7.795378931480243119e-87,3.860052510888855028e-69,1.116090989640570874e-55,1.613788404880051490e-45,6.603215417080085558e-38,3.050339509956415160e-32,4.743555604001457800e-28,5.828355844279865245e-25,1.093702118114525311e-22,5.185680961251125847e-21,9.087039137625545679e-20,7.818292384499437306e-19,4.073627919852844292e-18,1.498046119447714279e-17,0.000000000000000000e+00,0.000000000000000000e+00,0.000000000000000000e+00,0.000000000000000000e+00,0.000000000000000000e+00,0.000000000000000000e+00,0.000000000000000000e+00,0.000000000000000000e+00,0.000000000000000000e+00,0.000000000000000000e+00,0.000000000000000000e+00,0.000000000000000000e+00,0.000000000000000000e+00,0.000000000000000000e+00,0.000000000000000000e+00,0.000000000000000000e+00,0.000000000000000000e+00,0.000000000000000000e+00,0.000000000000000000e+00,0.000000000000000000e+00,0.000000000000000000e+00,0.000000000000000000e+00
-0.000000000000000000e+00,-0.000000000000000000e+00,-0.000000000000000000e+00,-0.000000000000000000e+00,-0.000000000000000000e+00,-0.000000000000000000e+00,-0.000000000000000000e+00,-0.000000000000000000e+00,-0.000000000000000000e+00,-0.000000000000000000e+00,-0.000000000000000000e+00,-0.000000000000000000e+00,-0.000000000000000000e+00,-0.000000000000000000e+00,-0.000000000000000000e+00,-0.000000000000000000e+00,-0.000000000000000000e+00,-0.000000000000000000e+00,-0.000000000000000000e+00,-0.000000000000000000e+00,-0.000000000000000000e+00,-0.000000000000000000e+00,-0.000000000000000000e+00,-0.000000000000000000e+00,-0.000000000000000000e+00,-0.000000000000000000e+00,-0.000000000000000000e+00,-0.000000000000000000e+00,-0.000000000000000000e+00,-0.000000000000000000e+00,-0.000000000000000000e+00,-0.000000000000000000e+00,-0.000000000000000000e+00,-0.000000000000000000e+00,-0.000000000000000000e+00,-0.000000000000000000e+00,-0.000000000000000000e+00,-0.000000000000000000e+00,-0.000000000000000000e+00,-0.000000000000000000e+00,-0.000000000000000000e+00,-0.000000000000000000e+00,-0.000000000000000000e+00,-0.000000000000000000e+00,-0.000000000000000000e+00,-0.000000000000000000e+00,-0.000000000000000000e+00,-0.000000000000000000e+00,-0.000000000000000000e+00,-0.000000000000000000e+00,-0.000000000000000000e+00,-0.000000000000000000e+00,-0.000000000000000000e+00,-0.000000000000000000e+00,-0.000000000000000000e+00,-0.000000000000000000e+00,-0.000000000000000000e+00,-0.000000000000000000e+00,-0.000000000000000000e+00,4.346143776234022068e-288,1.099268448798610850e-226,5.184888558318917432e-178,9.594166520283572035e-140,6.597600904042622234e-110,7.795378931480243119e-87,3.860052510888855028e-69,1.116090989640570874e-55,1.613788404880051490e-45,6.603215417080085558e-38,3.050339509956415160e-32,4.743555604001457800e-28,5.828355844279865245e-25,1.093702118114525311e-22,5.185680961251125847e-21,9.087039137625545679e-20,7.818292384499437306e-19,4.073627919852844292e-18,1.498046119447714279e-17,4.342551908763551527e-17,0.000000000000000000e+00,0.000000000000000000e+00,0.000000000000000000e+00,0.000000000000000000e+00,0.000000000000000000e+00,0.000000000000000000e+00,0.000000000000000000e+00,0.000000000000000000e+00,0.000000000000000000e+00,0.000000000000000000e+00,0.000000000000000000e+00,0.000000000000000000e+00,0.000000000000000000e+00,0.000000000000000000e+00,0.000000000000000000e+00,0.000000000000000000e+00,0.000000000000000000e+00,0.000000000000000000e+00,0.000000000000000000e+00,0.000000000000000000e+00,0.000000000000000000e+00
-0.000000000000000000e+00,-0.000000000000000000e+00,-0.000000000000000000e+00,-0.000000000000000000e+00,-0.000000000000000000e+00,-0.000000000000000000e+00,-0.000000000000000000e+00,-0.000000000000000000e+00,-0.000000000000000000e+00,-0.000000000000000000e+00,-0.000000000000000000e+00,-0.000000000000000000e+00,-0.000000000000000000e+00,-0.000000000000000000e+00,-0.000000000000000000e+00,-0.000000000000000000e+00,-0.000000000000000000e+00,-0.000000000000000000e+00,-0.000000000000000000e+00,-0.000000000000000000e+00,-0.000000000000000000e+00,-0.000000000000000000e+00,-0.000000000000000000e+00,-0.000000000000000000e+00,-0.000000000000000000e+00,-0.000000000000000000e+00,-0.000000000000000000e+00,-0.000000000000000000e+00,-0.000000000000000000e+00,-0.000000000000000000e+00,-0.000000000000000000e+00,-0.000000000000000000e+00,-0.000000000000000000e+00,-0.000000000000000000e+00,-0.000000000000000000e+00,-0.000000000000000000e+00,-0.000000000000000000e+00,-0.000000000000000000e+00,-0.000000000000000000e+00,-0.000000000000000000e+00,-0.000000000000000000e+00,-0.000000000000000000e+00,-0.000000000000000000e+00,-0.000000000000000000e+00,-0.000000000000000000e+00,-0.000000000000000000e+00,-0.000000000000000000e+00,-0.000000000000000000e+00,-0.000000000000000000e+00,-0.000000000000000000e+00,-0.000000000000000000e+00,-0.000000000000000000e+00,-0.000000000000000000e+00,-0.000000000000000000e+00,-0.000000000000000000e+00,-0.000000000000000000e+00,-0.000000000000000000e+00,-0.000000000000000000e+00,-0.000000000000000000e+00,4.346143776234022068e-288,1.099268448798610850e-226,5.184888558318917432e-178,9.594166520283572035e-140,6.597600904042622234e-110,7.795378931480243119e-87,3.860052510888855028e-69,1.116090989640570874e-55,1.613788404880051490e-45,6.603215417080085558e-38,3.050339509956415160e-32,4.743555604001457800e-28,5.828355844279865245e-25,1.093702118114525311e-22,5.185680961251125847e-21,9.087039137625545679e-20,7.818292384499437306e-19,4.073627919852844292e-18,1.498046119447714279e-17,4.342551908763551527e-17,0.000000000000000000e+00,0.000000000000000000e+00,0.000000000000000000e+00,0.000000000000000000e+00,0.000000000000000000e+00,0.000000000000000000e+00,0.000000000000000000e+00,0.000000000000000000e+00,0.000000000000000000e+00,0.000000000000000000e+00,0.000000000000000000e+00,0.000000000000000000e+00,0.000000000000000000e+00,0.000000000000000000e+00,0.000000000000000000e+00,0.000000000000000000e+00,0.000000000000000000e+00,0.000000000000000000e+00,0.000000000000000000e+00,0.000000000000000000e+00,0.000000000000000000e+00
-0.000000000000000000e+00,-0.000000000000000000e+00,-0.000000000000000000e+00,-0.000000000000000000e+00,-0.000000000000000000e+00,-0.000000000000000000e+00,-0.000000000000000000e+00,-0.000000000000000000e+00,-0.000000000000000000e+00,-0.000000000000000000e+00,-0.000000000000000000e+00,-0.000000000000000000e+00,-0.000000000000000000e+00,-0.000000000000000000e+00,-0.000000000000000000e+00,-0.000000000000000000e+00,-0.000000000000000000e+00,-0.000000000000000000e+00,-0.000000000000000000e+00,-0.000000000000000000e+00,-0.000000000000000000e+00,-0.000000000000000000e+00,-0.000000000000000000e+00,-0.000000000000000000e+00,-0.000000000000000000e+00,-0.000000000000000000e+00,-0.000000000000000000e+00,-0.000000000000000000e+00,-0.000000000000000000e+00,-0.000000000000000000e+00,-0.000000000000000000e+00,-0.000000000000000000e+00,-0.000000000000000000e+00,-0.000000000000000000e+00,-0.000000000000000000e+00,-0.000000000000000000e+00,-0.000000000000000000e+00,-0.000000000000000000e+00,-0.000000000000000000e+00,-0.000000000000000000e+00,-0.000000000000000000e+00,-0.000000000000000000e+00,-0.000000000000000000e+00,-0.000000000000000000e+00,-0.000000000000000000e+00,-0.000000000000000000e+00,-0.000000000000000000e+00,-0.000000000000000000e+00,-0.000000000000000000e+00,-0.000000000000000000e+00,-0.000000000000000000e+00,-0.000000000000000000e+00,-0.000000000000000000e+00,-0.000000000000000000e+00,-0.000000000000000000e+00,-0.000000000000000000e+00,-0.000000000000000000e+00,-0.000000000000000000e+00,-0.000000000000000000e+00,4.346143776234022068e-288,1.099268448798610850e-226,5.184888558318917432e-178,9.594166520283572035e-140,6.597600904042622234e-110,7.795378931480243119e-87,3.860052510888855028e-69,1.116090989640570874e-55,1.613788404880051490e-45,6.603215417080085558e-38,3.050339509956415160e-32,4.743555604001457800e-28,5.828355844279865245e-25,1.093702118114525311e-22,5.185680961251125847e-21,9.087039137625545679e-20,7.818292384499437306e-19,4.073627919852844292e-18,1.498046119447714279e-17,4.342551908763551527e-17,1.073723301234860249e-16,0.000000000000000000e+00,0.000000000000000000e+00,0.000000000000000000e+00,0.000000000000000000e+00,0.000000000000000000e+00,0.000000000000000000e+00,0.000000000000000000e+00,0.000000000000000000e+00,0.000000000000000000e+00,0.000000000000000000e+00,0.000000000000000000e+00,0.000000000000000000e+00,0.000000000000000000e+00,0.000000000000000000e+00,0.000000000000000000e+00,0.000000000000000000e+00,0.000000000000000000e+00,0.000000000000000000e+00,0.000000000000000000e+00,0.000000000000000000e+00
-0.000000000000000000e+00,-0.000000000000000000e+00,-0.000000000000000000e+00,-0.000000000000000000e+00,-0.000000000000000000e+00,-0.000000000000000000e+00,-0.000000000000000000e+00,-0.000000000000000000e+00,-0.000000000000000000e+00,-0.000000000000000000e+00,-0.000000000000000000e+00,-0.000000000000000000e+00,-0.000000000000000000e+00,-0.000000000000000000e+00,-0.000000000000000000e+00,-0.000000000000000000e+00,-0.000000000000000000e+00,-0.000000000000000000e+00,-0.000000000000000000e+00,-0.000000000000000000e+00,-0.000000000000000000e+00,-0.000000000000000000e+00,-0.000000000000000000e+00,-0.000000000000000000e+00,-0.000000000000000000e+00,-0.000000000000000000e+00,-0.000000000000000000e+00,-0.000000000000000000e+00,-0.000000000000000000e+00,-0.000000000000000000e+00,-0.000000000000000000e+00,-0.000000000000000000e+00,-0.000000000000000000e+00,-0.000000000000000000e+00,-0.000000000000000000e+00,-0.000000000000000000e+00,-0.000000000000000000e+00,-0.000000000000000000e+00,-0.000000000000000000e+00,-0.000000000000000000e+00,-0.000000000000000000e+00,-0.000000000000000000e+00,-0.000000000000000000e+00,-0.000000000000000000e+00,-0.000000000000000000e+00,-0.000000000000000000e+00,-0.000000000000000000e+00,-0.000000000000000000e+00,-0.000000000000000000e+00,-0.000000000000000000e+00,-0.000000000000000000e+00,-0.000000000000000000e+00,-0.000000000000000000e+00,-0.000000000000000000e+00,-0.000000000000000000e+00,-0.000000000000000000e+00,-0.000000000000000000e+00,-0.000000000000000000e+00,-0.000000000000000000e+00,4.346143776234022068e-288,1.099268448798610850e-226,5.184888558318917432e-178,9.594166520283572035e-140,6.597600904042622234e-110,7.795378931480243119e-87,3.860052510888855028e-69,1.116090989640570874e-55,1.613788404880051490e-45,6.603215417080085558e-38,3.050339509956415160e-32,4.743555604001457800e-28,5.828355844279865245e-25,1.093702118114525311e-22,5.185680961251125847e-21,9.087039137625545679e-20,7.818292384499437306e-19,4.073627919852844292e-18,1.498046119447714279e-17,4.342551908763551527e-17,1.073723301234860249e-16,0.000000000000000000e+00,0.000000000000000000e+00,0.000000000000000000e+00,0.000000000000000000e+00,0.000000000000000000e+00,0.000000000000000000e+00,0.000000000000000000e+00,0.000000000000000000e+00,0.000000000000000000e+00,0.000000000000000000e+00,0.000000000000000000e+00,0.000000000000000000e+00,0.000000000000000000e+00,0.000000000000000000e+00,0.000000000000000000e+00,0.000000000000000000e+00,0.000000000000000000e+00,0.000000000000000000e+00,0.000000000000000000e+00,0.000000000000000000e+00
-0.000000000000000000e+00,-0.000000000000000000e+00,-0.000000000000000000e+00,-0.000000000000000000e+00,-0.000000000000000000e+00,-0.000000000000000000e+00,-0.000000000000000000e+00,-0.000000000000000000e+00,-0.000000000000000000e+00,-0.000000000000000000e+00,-0.000000000000000000e+00,-0.000000000000000000e+00,-0.000000000000000000e+00,-0.000000000000000000e+00,-0.000000000000000000e+00,-0.000000000000000000e+00,-0.000000000000000000e+00,-0.000000000000000000e+00,-0.000000000000000000e+00,-0.000000000000000000e+00,-0.000000000000000000e+00,-0.000000000000000000e+00,-0.000000000000000000e+00,-0.000000000000000000e+00,-0.000000000000000000e+00,-0.000000000000000000e+00,-0.000000000000000000e+00,-0.000000000000000000e+00,-0.000000000000000000e+00,-0.000000000000000000e+00,-0.000000000000000000e+00,-0.000000000000000000e+00,-0.000000000000000000e+00,-0.000000000000000000e+00,-0.000000000000000000e+00,-0.000000000000000000e+00,-0.000000000000000000e+00,-0.000000000000000000e+00,-0.000000000000000000e+00,-0.000000000000000000e+00,-0.000000000000000000e+00,-0.000000000000000000e+00,-0.000000000000000000e+00,-0.000000000000000000e+00,-0.000000000000000000e+00,-0.000000000000000000e+00,-0.000000000000000000e+00,-0.000000000000000000e+00,-0.000000000000000000e+00,-0.000000000000000000e+00,-0.000000000000000000e+00,-0.000000000000000000e+00,-0.000000000000000000e+00,-0.000000000000000000e+00,-0.000000000000000000e+00,-0.000000000000000000e+00,-0.000000000000000000e+00,-0.000000000000000000e+00,-0.000000000000000000e+00,4.346143776234022068e-288,1.099268448798610850e-226,5.184888558318917432e-178,9.594166520283572035e-140,6.597600904042622234e-110,7.795378931480243119e-87,3.860052510888855028e-69,1.116090989640570874e-55,1.613788404880051490e-45,6.603215417080085558e-38,3.050339509956415160e-32,4.743555604001457800e-28,5.828355844279865245e-25,1.093702118114525311e-22,5.185680961251125847e-21,9.087039137625545679e-20,7.818292384499437306e-19,4.073627919852844292e-18,1.498046119447714279e-17,4.342551908763551527e-17,1.073723301234860249e-16,2.393942443159929143e-16,0.000000000000000000e+00,0.000000000000000000e+00,0.000000000000000000e+00,0.000000000000000000e+00,0.000000000000000000e+00,0.000000000000000000e+00,0.000000000000000000e+00,0.000000000000000000e+00,0.000000000000000000e+00,0.000000000000000000e+00,0.000000000000000000e+00,0.000000000000000000e+00,0.000000000000000000e+00,0.000000000000000000e+00,0.000000000000000000e+00,0.000000000000000000e+00,0.000000000000000000e+00,0.000000000000000000e+00,0.000000000000000000e+00
-0.000000000000000000e+00,-0.000000000000000000e+00,-0.000000000000000000e+00,-0.000000000000000000e+00,-0.000000000000000000e+00,-0.000000000000000000e+00,-0.000000000000000000e+00,-0.000000000000000000e+00,-0.000000000000000000e+00,-0.000000000000000000e+00,-0.000000000000000000e+00,-0.000000000000000000e+00,-0.000000000000000000e+00,-0.000000000000000000e+00,-0.000000000000000000e+00,-0.000000000000000000e+00,-0.000000000000000000e+00,-0.000000000000000000e+00,-0.000000000000000000e+00,-0.000000000000000000e+00,-0.000000000000000000e+00,-0.000000000000000000e+00,-0.000000000000000000e+00,-0.000000000000000000e+00,-0.000000000000000000e+00,-0.000000000000000000e+00,-0.000000000000000000e+00,-0.000000000000000000e+00,-0.000000000000000000e+00,-0.000000000000000000e+00,-0.000000000000000000e+00,-0.000000000000000000e+00,-0.000000000000000000e+00,-0.000000000000000000e+00,-0.000000000000000000e+00,-0.000000000000000000e+00,-0.000000000000000000e+00,-0.000000000000000000e+00,-0.000000000000000000e+00,-0.000000000000000000e+00,-0.000000000000000000e+00,-0.000000000000000000e+00,-0.000000000000000000e+00,-0.000000000000000000e+00,-0.000000000000000000e+00,-0.000000000000000000e+00,-0.000000000000000000e+00,-0.000000000000000000e+00,-0.000000000000000000e+00,-0.000000000000000000e+00,-0.000000000000000000e+00,-0.000000000000000000e+00,-0.000000000000000000e+00,-0.000000000000000000e+00,-0.000000000000000000e+00,-0.000000000000000000e+00,-0.000000000000000000e+00,-0.000000000000000000e+00,-0.000000000000000000e+00,4.346143776234022068e-288,1.099268448798610850e-226,5.184888558318917432e-178,9.594166520283572035e-140,6.597600904042622234e-110,7.795378931480243119e-87,3.860052510888855028e-69,1.116090989640570874e-55,1.613788404880051490e-45,6.603215417080085558e-38,3.050339509956415160e-32,4.743555604001457800e-28,5.828355844279865245e-25,1.093702118114525311e-22,5.185680961251125847e-21,9.087039137625545679e-20,7.818292384499437306e-19,4.073627919852844292e-18,1.498046119447714279e-17,4.342551908763551527e-17,1.073723301234860249e-16,2.393942443159929143e-16,0.000000000000000000e+00,0.000000000000000000e+00,0.000000000000000000e+00,0.000000000000000000e+00,0.000000000000000000e+00,0.000000000000000000e+00,0.000000000000000000e+00,0.000000000000000000e+00,0.000000000000000000e+00,0.000000000000000000e+00,0.000000000000000000e+00,0.000000000000000000e+00,0.000000000000000000e+00,0.000000000000000000e+00,0.000000000000000000e+00,0.000000000000000000e+00,0.000000000000000000e+00,0.000000000000000000e+00,0.000000000000000000e+00
-0.000000000000000000e+00,-0.000000000000000000e+00,-0.000000000000000000e+00,-0.000000000000000000e+00,-0.000000000000000000e+00,-0.000000000000000000e+00,-0.000000000000000000e+00,-0.000000000000000000e+00,-0.000000000000000000e+00,-0.000000000000000000e+00,-0.000000000000000000e+00,-0.000000000000000000e+00,-0.000000000000000000e+00,-0.000000000000000000e+00,-0.000000000000000000e+00,-0.000000000000000000e+00,-0.000000000000000000e+00,-0.000000000000000000e+00,-0.000000000000000000e+00,-0.000000000000000000e+00,-0.000000000000000000e+00,-0.000000000000000000e+00,-0.000000000000000000e+00,-0.000000000000000000e+00,-0.000000000000000000e+00,-0.000000000000000000e+00,-0.000000000000000000e+00,-0.000000000000000000e+00,-0.000000000000000000e+00,-0.000000000000000000e+00,-0.000000000000000000e+00,-0.000000000000000000e+00,-0.000000000000000000e+00,-0.000000000000000000e+00,-0.000000000000000000e+00,-0.000000000000000000e+00,-0.000000000000000000e+00,-0.000000000000000000e+00,-0.000000000000000000e+00,-0.000000000000000000e+00,-0.000000000000000000e+00,-0.000000000000000000e+00,-0.000000000000000000e+00,-0.000000000000000000e+00,-0.000000000000000000e+00,-0.000000000000000000e+00,-0.000000000000000000e+00,-0.000000000000000000e+00,-0.000000000000000000e+00,-0.000000000000000000e+00,-0.000000000000000000e+00,-0.000000000000000000e+00,-0.000000000000000000e+00,-0.000000000000000000e+00,-0.000000000000000000e+00,-0.000000000000000000e+00,-0.000000000000000000e+00,-0.000000000000000000e+00,-0.000000000000000000e+00,4.346143776234022068e-288,1.099268448798610850e-226,5.184888558318917432e-178,9.594166520283572035e-140,6.597600904042622234e-110,7.795378931480243119e-87,3.860052510888855028e-69,1.116090989640570874e-55,1.613788404880051490e-45,6.603215417080085558e-38,3.050339509956415160e-32,4.743555604001457800e-28,5.828355844279865245e-25,1.093702118114525311e-22,5.185680961251125847e-21,9.087039137625545679e-20,7.818292384499437306e-19,4.073627919852844292e-18,1.498046119447714279e-17,4.342551908763551527e-17,1.073723301234860249e-16,2.393942443159929143e-16,5.003186582328935490e-16,0.000000000000000000e+00,0.000000000000000000e+00,0.000000000000000000e+00,0.000000000000000000e+00,0.000000000000000000e+00,0.000000000000000000e+00,0.000000000000000000e+00,0.000000000000000000e+00,0.000000000000000000e+00,0.000000000000000000e+00,0.000000000000000000e+00,0.000000000000000000e+00,0.000000000000000000e+00,0.000000000000000000e+00,0.000000000000000000e+00,0.000000000000000000e+00,0.000000000000000000e+00,0.000000000000000000e+00
-0.000000000000000000e+00,-0.000000000000000000e+00,-0.000000000000000000e+00,-0.000000000000000000e+00,-0.000000000000000000e+00,-0.000000000000000000e+00,-0.000000000000000000e+00,-0.000000000000000000e+00,-0.000000000000000000e+00,-0.000000000000000000e+00,-0.000000000000000000e+00,-0.000000000000000000e+00,-0.000000000000000000e+00,-0.000000000000000000e+00,-0.000000000000000000e+00,-0.000000000000000000e+00,-0.000000000000000000e+00,-0.000000000000000000e+00,-0.000000000000000000e+00,-0.000000000000000000e+00,-0.000000000000000000e+00,-0.000000000000000000e+00,-0.000000000000000000e+00,-0.000000000000000000e+00,-0.000000000000000000e+00,-0.000000000000000000e+00,-0.000000000000000000e+00,-0.000000000000000000e+00,-0.000000000000000000e+00,-0.000000000000000000e+00,-0.000000000000000000e+00,-0.000000000000000000e+00,-0.000000000000000000e+00,-0.000000000000000000e+00,-0.000000000000000000e+00,-0.000000000000000000e+00,-0.000000000000000000e+00,-0.000000000000000000e+00,-0.000000000000000000e+00,-0.000000000000000000e+00,-0.000000000000000000e+00,-0.000000000000000000e+00,-0.000000000000000000e+00,-0.000000000000000000e+00,-0.000000000000000000e+00,-0.000000000000000000e+00,-0.000000000000000000e+00,-0.000000000000000000e+00,-0.000000000000000000e+00,-0.000000000000000000e+00,-0.000000000000000000e+00,-0.000000000000000000e+00,-0.000000000000000000e+00,-0.000000000000000000e+00,-0.000000000000000000e+00,-0.000000000000000000e+00,-0.000000000000000000e+00,-0.000000000000000000e+00,-0.000000000000000000e+00,4.346143776234022068e-288,1.099268448798610850e-226,5.184888558318917432e-178,9.594166520283572035e-140,6.597600904042622234e-110,7.795378931480243119e-87,3.860052510888855028e-69,1.116090989640570874e-55,1.613788404880051490e-45,6.603215417080085558e-38,3.050339509956415160e-32,4.743555604001457800e-28,5.828355844279865245e-25,1.093702118114525311e-22,5.185680961251125847e-21,9.087039137625545679e-20,7.818292384499437306e-19,4.073627919852844292e-18,1.498046119447714279e-17,4.342551908763551527e-17,1.073723301234860249e-16,2.393942443159929143e-16,5.003186582328935490e-16,0.000000000000000000e+00,0.000000000000000000e+00,0.000000000000000000e+00,0.000000000000000000e+00,0.000000000000000000e+00,0.000000000000000000e+00,0.000000000000000000e+00,0.000000000000000000e+00,0.000000000000000000e+00,0.000000000000000000e+00,0.000000000000000000e+00,0.000000000000000000e+00,0.000000000000000000e+00,0.000000000000000000e+00,0.000000000000000000e+00,0.000000000000000000e+00,0.000000000000000000e+00,0.000000000000000000e+00
-0.000000000000000000e+00,-0.000000000000000000e+00,-0.000000000000000000e+00,-0.000000000000000000e+00,-0.000000000000000000e+00,-0.000000000000000000e+00,-0.000000000000000000e+00,-0.000000000000000000e+00,-0.000000000000000000e+00,-0.000000000000000000e+00,-0.000000000000000000e+00,-0.000000000000000000e+00,-0.000000000000000000e+00,-0.000000000000000000e+00,-0.000000000000000000e+00,-0.000000000000000000e+00,-0.000000000000000000e+00,-0.000000000000000000e+00,-0.000000000000000000e+00,-0.000000000000000000e+00,-0.000000000000000000e+00,-0.000000000000000000e+00,-0.000000000000000000e+00,-0.000000000000000000e+00,-0.000000000000000000e+00,-0.000000000000000000e+00,-0.000000000000000000e+00,-0.000000000000000000e+00,-0.000000000000000000e+00,-0.000000000000000000e+00,-0.000000000000000000e+00,-0.000000000000000000e+00,-0.000000000000000000e+00,-0.000000000000000000e+00,-0.000000000000000000e+00,-0.000000000000000000e+00,-0.000000000000000000e+00,-0.000000000000000000e+00,-0.000000000000000000e+00,-0.000000000000000000e+00,-0.000000000000000000e+00,-0.000000000000000000e+00,-0.000000000000000000e+00,-0.000000000000000000e+00,-0.000000000000000000e+00,-0.000000000000000000e+00,-0.000000000000000000e+00,-0.000000000000000000e+00,-0.000000000000000000e+00,-0.000000000000000000e+00,-0.000000000000000000e+00,-0.000000000000000000e+00,-0.000000000000000000e+00,-0.000000000000000000e+00,-0.000000000000000000e+00,-0.000000000000000000e+00,-0.000000000000000000e+00,-0.000000000000000000e+00,-0.000000000000000000e+00,4.346143776234022068e-288,1.099268448798610850e-226,5.184888558318917432e-178,9.594166520283572035e-140,6.597600904042622234e-110,7.795378931480243119e-87,3.860052510888855028e-69,1.116090989640570874e-55,1.613788404880051490e-45,6.603215417080085558e-38,3.050339509956415160e-32,4.743555604001457800e-28,5.828355844279865245e-25,1.093702118114525311e-22,5.185680961251125847e-21,9.087039137625545679e-20,7.818292384499437306e-19,4.073627919852844292e-18,1.498046119447714279e-17,4.342551908763551527e-17,1.073723301234860249e-16,2.393942443159929143e-16,5.003186582328935490e-16,1.006699311788193346e-15,0.000000000000000000e+00,0.000000000000000000e+00,0.000000000000000000e+00,0.000000000000000000e+00,0.000000000000000000e+00,0.000000000000000000e+00,0.000000000000000000e+00,0.000000000000000000e+00,0.000000000000000000e+00,0.000000000000000000e+00,0.000000000000000000e+00,0.000000000000000000e+00,0.000000000000000000e+00,0.000000000000000000e+00,0.000000000000000000e+00,0.000000000000000000e+00,0.000000000000000000e+00
-0.000000000000000000e+00,-0.000000000000000000e+00,-0.000000000000000000e+00,-0.000000000000000000e+00,-0.000000000000000000e+00,-0.000000000000000000e+00,-0.000000000000000000e+00,-0.000000000000000000e+00,-0.000000000000000000e+00,-0.000000000000000000e+00,-0.000000000000000000e+00,-0.000000000000000000e+00,-0.000000000000000000e+00,-0.000000000000000000e+00,-0.000000000000000000e+00,-0.000000000000000000e+00,-0.000000000000000000e+00,-0.000000000000000000e+00,-0.000000000000000000e+00,-0.000000000000000000e+00,-0.000000000000000000e+00,-0.000000000000000000e+00,-0.000000000000000000e+00,-0.000000000000000000e+00,-0.000000000000000000e+00,-0.000000000000000000e+00,-0.000000000000000000e+00,-0.000000000000000000e+00,-0.000000000000000000e+00,-0.000000000000000000e+00,-0.000000000000000000e+00,-0.000000000000000000e+00,-0.000000000000000000e+00,-0.000000000000000000e+00,-0.000000000000000000e+00,-0.000000000000000000e+00,-0.000000000000000000e+00,-0.000000000000000000e+00,-0.000000000000000000e+00,-0.000000000000000000e+00,-0.000000000000000000e+00,-0.000000000000000000e+00,-0.000000000000000000e+00,-0.000000000000000000e+00,-0.000000000000000000e+00,-0.000000000000000000e+00,-0.000000000000000000e+00,-0.000000000000000000e+00,-0.000000000000000000e+00,-0.000000000000000000e+00,-0.000000000000000000e+00,-0.000000000000000000e+00,-0.000000000000000000e+00,-0.000000000000000000e+00,-0.000000000000000000e+00,-0.000000000000000000e+00,-0.000000000000000000e+00,-0.000000000000000000e+00,-0.000000000000000000e+00,4.346143776234022068e-288,1.099268448798610850e-226,5.184888558318917432e-178,9.594166520283572035e-140,6.597600904042622234e-110,7.795378931480243119e-87,3.860052510888855028e-69,1.116090989640570874e-55,1.613788404880051490e-45,6.603215417080085558e-38,3.050339509956415160e-32,4.743555604001457800e-28,5.828355844279865245e-25,1.093702118114525311e-22,5.185680961251125847e-21,9.087039137625545679e-20,7.818292384499437306e-19,4.073627919852844292e-18,1.498046119447714279e-17,4.342551908763551527e-17,1.073723301234860249e-16,2.393942443159929143e-16,5.003186582328935490e-16,1.006699311788193346e-15,0.000000000000000000e+00,0.000000000000000000e+00,0.000000000000000000e+00,0.000000000000000000e+00,0.000000000000000000e+00,0.000000000000000000e+00,0.000000000000000000e+00,0.000000000000000000e+00,0.000000000000000000e+00,0.000000000000000000e+00,0.000000000000000000e+00,0.000000000000000000e+00,0.000000000000000000e+00,0.000000000000000000e+00,0.000000000000000000e+00,0.000000000000000000e+00,0.000000000000000000e+00
-0.000000000000000000e+00,-0.000000000000000000e+00,-0.000000000000000000e+00,-0.000000000000000000e+00,-0.000000000000000000e+00,-0.000000000000000000e+00,-0.000000000000000000e+00,-0.000000000000000000e+00,-0.000000000000000000e+00,-0.000000000000000000e+00,-0.000000000000000000e+00,-0.000000000000000000e+00,-0.000000000000000000e+00,-0.000000000000000000e+00,-0.000000000000000000e+00,-0.000000000000000000e+00,-0.000000000000000000e+00,-0.000000000000000000e+00,-0.000000000000000000e+00,-0.000000000000000000e+00,-0.000000000000000000e+00,-0.000000000000000000e+00,-0.000000000000000000e+00,-0.000000000000000000e+00,-0.000000000000000000e+00,-0.000000000000000000e+00,-0.000000000000000000e+00,-0.000000000000000000e+00,-0.000000000000000000e+00,-0.000000000000000000e+00,-0.000000000000000000e+00,-0.000000000000000000e+00,-0.000000000000000000e+00,-0.000000000000000000e+00,-0.000000000000000000e+00,-0.000000000000000000e+00,-0.000000000000000000e+00,-0.000000000000000000e+00,-0.000000000000000000e+00,-0.000000000000000000e+00,-0.000000000000000000e+00,-0.000000000000000000e+00,-0.000000000000000000e+00,-0.000000000000000000e+00,-0.000000000000000000e+00,-0.000000000000000000e+00,-0.000000000000000000e+00,-0.000000000000000000e+00,-0.000000000000000000e+00,-0.000000000000000000e+00,-0.000000000000000000e+00,-0.000000000000000000e+00,-0.000000000000000000e+00,-0.000000000000000000e+00,-0.000000000000000000e+00,-0.000000000000000000e+00,-0.000000000000000000e+00,-0.000000000000000000e+00,-0.000000000000000000e+00,4.346143776234022068e-288,1.099268448798610850e-226,5.184888558318917432e-178,9.594166520283572035e-140,6.597600904042622234e-110,7.795378931480243119e-87,3.860052510888855028e-69,1.116090989640570874e-55,1.613788404880051490e-45,6.603215417080085558e-38,3.050339509956415160e-32,4.743555604001457800e-28,5.828355844279865245e-25,1.093702118114525311e-22,5.185680961251125847e-21,9.087039137625545679e-20,7.818292384499437306e-19,4.073627919852844292e-18,1.498046119447714279e-17,4.342551908763551527e-17,1.073723301234860249e-16,2.393942443159929143e-16,5.003186582328935490e-16,1.006699311788193346e-15,0.000000000000000000e+00,0.000000000000000000e+00,0.000000000000000000e+00,0.000000000000000000e+00,0.000000000000000000e+00,0.000000000000000000e+00,0.000000000000000000e+00,0.000000000000000000e+00,0.000000000000000000e+00,0.000000000000000000e+00,0.000000000000000000e+00,0.000000000000000000e+00,0.000000000000000000e+00,0.000000000000000000e+00,0.000000000000000000e+00,0.000000000000000000e+00,0.000000000000000000e+00
-0.000000000000000000e+00,-0.000000000000000000e+00,-0.000000000000000000e+00,-0.000000000000000000e+00,-0.000000000000000000e+00,-0.000000000000000000e+00,-0.000000000000000000e+00,-0.000000000000000000e+00,-0.000000000000000000e+00,-0.000000000000000000e+00,-0.000000000000000000e+00,-0.000000000000000000e+00,-0.000000000000000000e+00,-0.000000000000000000e+00,-0.000000000000000000e+00,-0.000000000000000000e+00,-0.000000000000000000e+00,-0.000000000000000000e+00,-0.000000000000000000e+00,-0.000000000000000000e+00,-0.000000000000000000e+00,-0.000000000000000000e+00,-0.000000000000000000e+00,-0.000000000000000000e+00,-0.000000000000000000e+00,-0.000000000000000000e+00,-0.000000000000000000e+00,-0.000000000000000000e+00,-0.000000000000000000e+00,-0.000000000000000000e+00,-0.000000000000000000e+00,-0.000000000000000000e+00,-0.000000000000000000e+00,-0.000000000000000000e+00,-0.000000000000000000e+00,-0.000000000000000000e+00,-0.000000000000000000e+00,-0.000000000000000000e+00,-0.000000000000000000e+00,-0.000000000000000000e+00,-0.000000000000000000e+00,-0.000000000000000000e+00,-0.000000000000000000e+00,-0.000000000000000000e+00,-0.000000000000000000e+00,-0.000000000000000000e+00,-0.000000000000000000e+00,-0.000000000000000000e+00,-0.000000000000000000e+00,-0.000000000000000000e+00,-0.000000000000000000e+00,-0.000000000000000000e+00,-0.000000000000000000e+00,-0.000000000000000000e+00,-0.000000000000000000e+00,-0.000000000000000000e+00,-0.000000000000000000e+00,-0.000000000000000000e+00,-0.000000000000000000e+00,4.346143776234022068e-288,1.099268448798610850e-226,5.184888558318917432e-178,9.594166520283572035e-140,6.597600904042622234e-110,7.795378931480243119e-87,3.860052510888855028e-69,1.116090989640570874e-55,1.613788404880051490e-45,6.603215417080085558e-38,3.050339509956415160e-32,4.743555604001457800e-28,5.828355844279865245e-25,1.093702118114525311e-22,5.185680961251125847e-21,9.087039137625545679e-20,7.818292384499437306e-19,4.073627919852844292e-18,1.498046119447714279e-17,4.342551908763551527e-17,1.073723301234860249e-16,2.393942443159929143e-16,5.003186582328935490e-16,1.006699311788193346e-15,1.985979188383867099e-15,0.000000000000000000e+00,0.000000000000000000e+00,0.000000000000000000e+00,0.000000000000000000e+00,0.000000000000000000e+00,0.000000000000000000e+00,0.000000000000000000e+00,0.000000000000000000e+00,0.000000000000000000e+00,0.000000000000000000e+00,0.000000000000000000e+00,0.000000000000000000e+00,0.000000000000000000e+00,0.000000000000000000e+00,0.000000000000000000e+00,0.000000000000000000e+00
-0.000000000000000000e+00,-0.000000000000000000e+00,-0.000000000000000000e+00,-0.000000000000000000e+00,-0.000000000000000000e+00,-0.000000000000000000e+00,-0.000000000000000000e+00,-0.000000000000000000e+00,-0.000000000000000000e+00,-0.000000000000000000e+00,-0.000000000000000000e+00,-0.000000000000000000e+00,-0.000000000000000000e+00,-0.000000000000000000e+00,-0.000000000000000000e+00,-0.000000000000000000e+00,-0.000000000000000000e+00,-0.000000000000000000e+00,-0.000000000000000000e+00,-0.000000000000000000e+00,-0.000000000000000000e+00,-0.000000000000000000e+00,-0.000000000000000000e+00,-0.000000000000000000e+00,-0.000000000000000000e+00,-0.000000000000000000e+00,-0.000000000000000000e+00,-0.000000000000000000e+00,-0.000000000000000000e+00,-0.000000000000000000e+00,-0.000000000000000000e+00,-0.000000000000000000e+00,-0.000000000000000000e+00,-0.000000000000000000e+00,-0.000000000000000000e+00,-0.000000000000000000e+00,-0.000000000000000000e+00,-0.000000000000000000e+00,-0.000000000000000000e+00,-0.000000000000000000e+00,-0.000000000000000000e+00,-0.000000000000000000e+00,-0.000000000000000000e+00,-0.000000000000000000e+00,-0.000000000000000000e+00,-0.000000000000000000e+00,-0.000000000000000000e+00,-0.000000000000000000e+00,-0.000000000000000000e+00,-0.000000000000000000e+00,-0.000000000000000000e+00,-0.000000000000000000e+00,-0.000000000000000000e+00,-0.000000000000000000e+00,-0.000000000000000000e+00,-0.000000000000000000e+00,-0.000000000000000000e+00,-0.000000000000000000e+00,-0.000000000000000000e+00,4.346143776234022068e-288,1.099268448798610850e-226,5.184888558318917432e-178,9.594166520283572035e-140,6.597600904042622234e-110,7.795378931480243119e-87,3.860052510888855028e-69,1.116090989640570874e-55,1.613788404880051490e-45,6.603215417080085558e-38,3.050339509956415160e-32,4.743555604001457800e-28,5.828355844279865245e-25,1.093702118114525311e-22,5.185680961251125847e-21,9.087039137625545679e-20,7.818292384499437306e-19,4.073627919852844292e-18,1.498046119447714279e-17,4.342551908763551527e-17,1.073723301234860249e-16,2.393942443159929143e-16,5.003186582328935490e-16,1.006699311788193346e-15,1.985979188383867099e-15,0.000000000000000000e+00,0.000000000000000000e+00,0.000000000000000000e+00,0.000000000000000000e+00,0.000000000000000000e+00,0.000000000000000000e+00,0.000000000000000000e+00,0.000000000000000000e+00,0.000000000000000000e+00,0.000000000000000000e+00,0.000000000000000000e+00,0.000000000000000000e+00,0.000000000000000000e+00,0.000000000000000000e+00,0.000000000000000000e+00,0.000000000000000000e+00
-0.000000000000000000e+00,-0.000000000000000000e+00,-0.000000000000000000e+00,-0.000000000000000000e+00,-0.000000000000000000e+00,-0.000000000000000000e+00,-0.000000000000000000e+00,-0.000000000000000000e+00,-0.000000000000000000e+00,-0.000000000000000000e+00,-0.000000000000000000e+00,-0.000000000000000000e+00,-0.000000000000000000e+00,-0.000000000000000000e+00,-0.000000000000000000e+00,-0.000000000000000000e+00,-0.000000000000000000e+00,-0.000000000000000000e+00,-0.000000000000000000e+00,-0.000000000000000000e+00,-0.000000000000000000e+00,-0.000000000000000000e+00,-0.000000000000000000e+00,-0.000000000000000000e+00,-0.000000000000000000e+00,-0.000000000000000000e+00,-0.000000000000000000e+00,-0.000000000000000000e+00,-0.000000000000000000e+00,-0.000000000000000000e+00,-0.000000000000000000e+00,-0.000000000000000000e+00,-0.000000000000000000e+00,-0.000000000000000000e+00,-0.000000000000000000e+00,-0.000000000000000000e+00,-0.000000000000000000e+00,-0.000000000000000000e+00,-0.000000000000000000e+00,-0.000000000000000000e+00,-0.000000000000000000e+00,-0.000000000000000000e+00,-0.000000000000000000e+00,-0.000000000000000000e+00,-0.000000000000000000e+00,-0.000000000000000000e+00,-0.000000000000000000e+00,-0.000000000000000000e+00,-0.000000000000000000e+00,-0.000000000000000000e+00,-0.000000000000000000e+00,-0.000000000000000000e+00,-0.000000000000000000e+00,-0.000000000000000000e+00,-0.000000000000000000e+00,-0.000000000000000000e+00,-0.000000000000000000e+00,-0.000000000000000000e+00,-0.000000000000000000e+00,4.346143776234022068e-288,1.099268448798610850e-226,5.184888558318917432e-178,9.594166520283572035e-140,6.597600904042622234e-110,7.795378931480243119e-87,3.860052510888855028e-69,1.116090989640570874e-55,1.613788404880051490e-45,6.603215417080085558e-38,3.050339509956415160e-32,4.743555604001457800e-28,5.828355844279865245e-25,1.093702118114525311e-22,5.185680961251125847e-21,9.087039137625545679e-20,7.818292384499437306e-19,4.073627919852844292e-18,1.498046119447714279e-17,4.342551908763551527e-17,1.073723301234860249e-16,2.393942443159929143e-16,5.003186582328935490e-16,1.006699311788193346e-15,1.985979188383867099e-15,0.000000000000000000e+00,0.000000000000000000e+00,0.000000000000000000e+00,0.000000000000000000e+00,0.000000000000000000e+00,0.000000000000000000e+00,0.000000000000000000e+00,0.000000000000000000e+00,0.000000000000000000e+00,0.000000000000000000e+00,0.000000000000000000e+00,0.000000000000000000e+00,0.000000000000000000e+00,0.000000000000000000e+00,0.000000000000000000e+00,0.000000000000000000e+00
-0.000000000000000000e+00,-0.000000000000000000e+00,-0.000000000000000000e+00,-0.000000000000000000e+00,-0.000000000000000000e+00,-0.000000000000000000e+00,-0.000000000000000000e+00,-0.000000000000000000e+00,-0.000000000000000000e+00,-0.000000000000000000e+00,-0.000000000000000000e+00,-0.000000000000000000e+00,-0.000000000000000000e+00,-0.000000000000000000e+00,-0.000000000000000000e+00,-0.000000000000000000e+00,-0.000000000000000000e+00,-0.000000000000000000e+00,-0.000000000000000000e+00,-0.000000000000000000e+00,-0.000000000000000000e+00,-0.000000000000000000e+00,-0.000000000000000000e+00,-0.000000000000000000e+00,-0.000000000000000000e+00,-0.000000000000000000e+00,-0.000000000000000000e+00,-0.000000000000000000e+00,-0.000000000000000000e+00,-0.000000000000000000e+00,-0.000000000000000000e+00,-0.000000000000000000e+00,-0.000000000000000000e+00,-0.000000000000000000e+00,-0.000000000000000000e+00,-0.000000000000000000e+00,-0.000000000000000000e+00,-0.000000000000000000e+00,-0.000000000000000000e+00,-0.000000000000000000e+00,-0.000000000000000000e+00,-0.000000000000000000e+00,-0.000000000000000000e+00,-0.000000000000000000e+00,-0.000000000000000000e+00,-0.000000000000000000e+00,-0.000000000000000000e+00,-0.000000000000000000e+00,-0.000000000000000000e+00,-0.000000000000000000e+00,-0.000000000000000000e+00,-0.000000000000000000e+00,-0.000000000000000000e+00,-0.000000000000000000e+00,-0.000000000000000000e+00,-0.000000000000000000e+00,-0.000000000000000000e+00,-0.000000000000000000e+00,-0.000000000000000000e+00,4.346143776234022068e-288,1.099268448798610850e-226,5.184888558318917432e-178,9.594166520283572035e-140,6.597600904042622234e-110,7.795378931480243119e-87,3.860052510888855028e-69,1.116090989640570874e-55,1.613788404880051490e-45,6.603215417080085558e-38,3.050339509956415160e-32,4.743555604001457800e-28,5.828355844279865245e-25,1.093702118114525311e-22,5.185680961251125847e-21,9.087039137625545679e-20,7.818292384499437306e-19,4.073627919852844292e-18,1.498046119447714279e-17,4.342551908763551527e-17,1.073723301234860249e-16,2.393942443159929143e-16,5.003186582328935490e-16,1.006699311788193346e-15,1.985979188383867099e-15,3.888719571716651149e-15,0.000000000000000000e+00,0.000000000000000000e+00,0.000000000000000000e+00,0.000000000000000000e+00,0.000000000000000000e+00,0.000000000000000000e+00,0.000000000000000000e+00,0.000000000000000000e+00,0.000000000000000000e+00,0.000000000000000000e+00,0.000000000000000000e+00,0.000000000000000000e+00,0.000000000000000000e+00,0.000000000000000000e+00,0.000000000000000000e+00
-0.000000000000000000e+00,-0.000000000000000000e+00,-0.000000000000000000e+00,-0.000000000000000000e+00,-0.000000000000000000e+00,-0.000000000000000000e+00,-0.000000000000000000e+00,-0.000000000000000000e+00,-0.000000000000000000e+00,-0.000000000000000000e+00,-0.000000000000000000e+00,-0.000000000000000000e+00,-0.000000000000000000e+00,-0.000000000000000000e+00,-0.000000000000000000e+00,-0.000000000000000000e+00,-0.000000000000000000e+00,-0.000000000000000000e+00,-0.000000000000000000e+00,-0.000000000000000000e+00,-0.000000000000000000e+00,-0.000000000000000000e+00,-0.000000000000000000e+00,-0.000000000000000000e+00,-0.000000000000000000e+00,-0.000000000000000000e+00,-0.000000000000000000e+00,-0.000000000000000000e+00,-0.000000000000000000e+00,-0.000000000000000000e+00,-0.000000000000000000e+00,-0.000000000000000000e+00,-0.000000000000000000e+00,-0.000000000000000000e+00,-0.000000000000000000e+00,-0.000000000000000000e+00,-0.000000000000000000e+00,-0.000000000000000000e+00,-0.000000000000000000e+00,-0.000000000000000000e+00,-0.000000000000000000e+00,-0.000000000000000000e+00,-0.000000000000000000e+00,-0.000000000000000000e+00,-0.000000000000000000e+00,-0.000000000000000000e+00,-0.000000000000000000e+00,-0.000000000000000000e+00,-0.000000000000000000e+00,-0.000000000000000000e+00,-0.000000000000000000e+00,-0.000000000000000000e+00,-0.000000000000000000e+00,-0.000000000000000000e+00,-0.000000000000000000e+00,-0.000000000000000000e+00,-0.000000000000000000e+00,-0.000000000000000000e+00,-0.000000000000000000e+00,4.346143776234022068e-288,1.099268448798610850e-226,5.184888558318917432e-178,9.594166520283572035e-140,6.597600904042622234e-110,7.795378931480243119e-87,3.860052510888855028e-69,1.116090989640570874e-55,1.613788404880051490e-45,6.603215417080085558e-38,3.050339509956415160e-32,4.743555604001457800e-28,5.828355844279865245e-25,1.093702118114525311e-22,5.185680961251125847e-21,9.087039137625545679e-20,7.818292384499437306e-19,4.073627919852844292e-18,1.498046119447714279e-17,4.342551908763551527e-17,1.073723301234860249e-16,2.393942443159929143e-16,5.003186582328935490e-16,1.006699311788193346e-15,1.985979188383867099e-15,3.888719571716651149e-15,0.000000000000000000e+00,0.000000000000000000e+00,0.000000000000000000e+00,0.000000000000000000e+00,0.000000000000000000e+00,0.000000000000000000e+00,0.000000000000000000e+00,0.000000000000000000e+00,0.000000000000000000e+00,0.000000000000000000e+00,0.000000000000000000e+00,0.000000000000000000e+00,0.000000000000000000e+00,0.000000000000000000e+00,0.000000000000000000e+00
-0.000000000000000000e+00,-0.000000000000000000e+00,-0.000000000000000000e+00,-0.000000000000000000e+00,-0.000000000000000000e+00,-0.000000000000000000e+00,-0.000000000000000000e+00,-0.000000000000000000e+00,-0.000000000000000000e+00,-0.000000000000000000e+00,-0.000000000000000000e+00,-0.000000000000000000e+00,-0.000000000000000000e+00,-0.000000000000000000e+00,-0.000000000000000000e+00,-0.000000000000000000e+00,-0.000000000000000000e+00,-0.000000000000000000e+00,-0.000000000000000000e+00,-0.000000000000000000e+00,-0.000000000000000000e+00,-0.000000000000000000e+00,-0.000000000000000000e+00,-0.000000000000000000e+00,-0.000000000000000000e+00,-0.000000000000000000e+00,-0.000000000000000000e+00,-0.000000000000000000e+00,-0.000000000000000000e+00,-0.000000000000000000e+00,-0.000000000000000000e+00,-0.000000000000000000e+00,-0.000000000000000000e+00,-0.000000000000000000e+00,-0.000000000000000000e+00,-0.000000000000000000e+00,-0.000000000000000000e+00,-0.000000000000000000e+00,-0.000000000000000000e+00,-0.000000000000000000e+00,-0.000000000000000000e+00,-0.000000000000000000e+00,-0.000000000000000000e+00,-0.000000000000000000e+00,-0.000000000000000000e+00,-0.000000000000000000e+00,-0.000000000000000000e+00,-0.000000000000000000e+00,-0.000000000000000000e+00,-0.000000000000000000e+00,-0.000000000000000000e+00,-0.000000000000000000e+00,-0.000000000000000000e+00,-0.000000000000000000e+00,-0.000000000000000000e+00,-0.000000000000000000e+00,-0.000000000000000000e+00,-0.000000000000000000e+00,-0.000000000000000000e+00,4.346143776234022068e-288,1.099268448798610850e-226,5.184888558318917432e-178,9.594166520283572035e-140,6.597600904042622234e-110,7.795378931480243119e-87,3.860052510888855028e-69,1.116090989640570874e-55,1.613788404880051490e-45,6.603215417080085558e-38,3.050339509956415160e-32,4.743555604001457800e-28,5.828355844279865245e-25,1.093702118114525311e-22,5.185680961251125847e-21,9.087039137625545679e-20,7.818292384499437306e-19,4.073627919852844292e-18,1.498046119447714279e-17,4.342551908763551527e-17,1.073723301234860249e-16,2.393942443159929143e-16,5.003186582328935490e-16,1.006699311788193346e-15,1.985979188383867099e-15,3.888719571716651149e-15,0.000000000000000000e+00,0.000000000000000000e+00,0.000000000000000000e+00,0.000000000000000000e+00,0.000000000000000000e+00,0.000000000000000000e+00,0.000000000000000000e+00,0.000000000000000000e+00,0.000000000000000000e+00,0.000000000000000000e+00,0.000000000000000000e+00,0.000000000000000000e+00,0.000000000000000000e+00,0.000000000000000000e+00,0.000000000000000000e+00
-0.000000000000000000e+00,-0.000000000000000000e+00,-0.000000000000000000e+00,-0.000000000000000000e+00,-0.000000000000000000e+00,-0.000000000000000000e+00,-0.000000000000000000e+00,-0.000000000000000000e+00,-0.000000000000000000e+00,-0.000000000000000000e+00,-0.000000000000000000e+00,-0.000000000000000000e+00,-0.000000000000000000e+00,-0.000000000000000000e+00,-0.000000000000000000e+00,-0.000000000000000000e+00,-0.000000000000000000e+00,-0.000000000000000000e+00,-0.000000000000000000e+00,-0.000000000000000000e+00,-0.000000000000000000e+00,-0.000000000000000000e+00,-0.000000000000000000e+00,-0.000000000000000000e+00,-0.000000000000000000e+00,-0.000000000000000000e+00,-0.000000000000000000e+00,-0.000000000000000000e+00,-0.000000000000000000e+00,-0.000000000000000000e+00,-0.000000000000000000e+00,-0.000000000000000000e+00,-0.000000000000000000e+00,-0.000000000000000000e+00,-0.000000000000000000e+00,-0.000000000000000000e+00,-0.000000000000000000e+00,-0.000000000000000000e+00,-0.000000000000000000e+00,-0.000000000000000000e+00,-0.000000000000000000e+00,-0.000000000000000000e+00,-0.000000000000000000e+00,-0.000000000000000000e+00,-0.000000000000000000e+00,-0.000000000000000000e+00,-0.000000000000000000e+00,-0.000000000000000000e+00,-0.000000000000000000e+00,-0.000000000000000000e+00,-0.000000000000000000e+00,-0.000000000000000000e+00,-0.000000000000000000e+00,-0.000000000000000000e+00,-0.000000000000000000e+00,-0.000000000000000000e+00,-0.000000000000000000e+00,-0.000000000000000000e+00,-0.000000000000000000e+00,4.346143776234022068e-288,1.099268448798610850e-226,5.184888558318917432e-178,9.594166520283572035e-140,6.597600904042622234e-110,7.795378931480243119e-87,3.860052510888855028e-69,1.116090989640570874e-55,1.613788404880051490e-45,6.603215417080085558e-38,3.050339509956415160e-32,4.743555604001457800e-28,5.828355844279865245e-25,1.093702118114525311e-22,5.185680961251125847e-21,9.087039137625545679e-20,7.818292384499437306e-19,4.073627919852844292e-18,1.498046119447714279e-17,4.342551908763551527e-17,1.073723301234860249e-16,2.393942443159929143e-16,5.003186582328935490e-16,1.006699311788193346e-15,1.985979188383867099e-15,3.888719571716651149e-15,0.000000000000000000e+00,0.000000000000000000e+00,0.000000000000000000e+00,0.000000000000000000e+00,0.000000000000000000e+00,0.000000000000000000e+00,0.000000000000000000e+00,0.000000000000000000e+00,0.000000000000000000e+00,0.000000000000000000e+00,0.000000000000000000e+00,0.000000000000000000e+00,0.000000000000000000e+00,0.000000000000000000e+00,0.000000000000000000e+00
-0.000000000000000000e+00,-0.000000000000000000e+00,-0.000000000000000000e+00,-0.000000000000000000e+00,-0.000000000000000000e+00,-0.000000000000000000e+00,-0.000000000000000000e+00,-0.000000000000000000e+00,-0.000000000000000000e+00,-0.000000000000000000e+00,-0.000000000000000000e+00,-0.000000000000000000e+00,-0.000000000000000000e+00,-0.000000000000000000e+00,-0.000000000000000000e+00,-0.000000000000000000e+00,-0.000000000000000000e+00,-0.000000000000000000e+00,-0.000000000000000000e+00,-0.000000000000000000e+00,-0.000000000000000000e+00,-0.000000000000000000e+00,-0.000000000000000000e+00,-0.000000000000000000e+00,-0.000000000000000000e+00,-0.000000000000000000e+00,-0.000000000000000000e+00,-0.000000000000000000e+00,-0.000000000000000000e+00,-0.000000000000000000e+00,-0.000000000000000000e+00,-0.000000000000000000e+00,-0.000000000000000000e+00,-0.000000000000000000e+00,-0.000000000000000000e+00,-0.000000000000000000e+00,-0.000000000000000000e+00,-0.000000000000000000e+00,-0.000000000000000000e+00,-0.000000000000000000e+00,-0.000000000000000000e+00,-0.000000000000000000e+00,-0.000000000000000000e+00,-0.000000000000000000e+00,-0.000000000000000000e+00,-0.000000000000000000e+00,-0.000000000000000000e+00,-0.000000000000000000e+00,-0.000000000000000000e+00,-0.000000000000000000e+00,-0.000000000000000000e+00,-0.000000000000000000e+00,-0.000000000000000000e+00,-0.000000000000000000e+00,-0.000000000000000000e+00,-0.000000000000000000e+00,-0.000000000000000000e+00,-0.000000000000000000e+00,-0.000000000000000000e+00,4.346143776234022068e-288,1.099268448798610850e-226,5.184888558318917432e-178,9.594166520283572035e-140,6.597600904042622234e-110,7.795378931480243119e-87,3.860052510888855028e-69,1.116090989640570874e-55,1.613788404880051490e-45,6.603215417080085558e-38,3.050339509956415160e-32,4.743555604001457800e-28,5.828355844279865245e-25,1.093702118114525311e-22,5.185680961251125847e-21,9.087039137625545679e-20,7.818292384499437306e-19,4.073627919852844292e-18,1.498046119447714279e-17,4.342551908763551527e-17,1.073723301234860249e-16,2.393942443159929143e-16,5.003186582328935490e-16,1.006699311788193346e-15,1.985979188383867099e-15,3.888719571716651149e-15,0.000000000000000000e+00,0.000000000000000000e+00,0.000000000000000000e+00,0.000000000000000000e+00,0.000000000000000000e+00,0.000000000000000000e+00,0.000000000000000000e+00,0.000000000000000000e+00,0.000000000000000000e+00,0.000000000000000000e+00,0.000000000000000000e+00,0.000000000000000000e+00,0.000000000000000000e+00,0.000000000000000000e+00,0.000000000000000000e+00
-0.000000000000000000e+00,-0.000000000000000000e+00,-0.000000000000000000e+00,-0.000000000000000000e+00,-0.000000000000000000e+00,-0.000000000000000000e+00,-0.000000000000000000e+00,-0.000000000000000000e+00,-0.000000000000000000e+00,-0.000000000000000000e+00,-0.000000000000000000e+00,-0.000000000000000000e+00,-0.000000000000000000e+00,-0.000000000000000000e+00,-0.000000000000000000e+00,-0.000000000000000000e+00,-0.000000000000000000e+00,-0.000000000000000000e+00,-0.000000000000000000e+00,-0.000000000000000000e+00,-0.000000000000000000e+00,-0.000000000000000000e+00,-0.000000000000000000e+00,-0.000000000000000000e+00,-0.000000000000000000e+00,-0.000000000000000000e+00,-0.000000000000000000e+00,-0.000000000000000000e+00,-0.000000000000000000e+00,-0.000000000000000000e+00,-0.000000000000000000e+00,-0.000000000000000000e+00,-0.000000000000000000e+00,-0.000000000000000000e+00,-0.000000000000000000e+00,-0.000000000000000000e+00,-0.000000000000000000e+00,-0.000000000000000000e+00,-0.000000000000000000e+00,-0.000000000000000000e+00,-0.000000000000000000e+00,-0.000000000000000000e+00,-0.000000000000000000e+00,-0.000000000000000000e+00,-0.000000000000000000e+00,-0.000000000000000000e+00,-0.000000000000000000e+00,-0.000000000000000000e+00,-0.000000000000000000e+00,-0.000000000000000000e+00,-0.000000000000000000e+00,-0.000000000000000000e+00,-0.000000000000000000e+00,-0.000000000000000000e+00,-0.000000000000000000e+00,-0.000000000000000000e+00,-0.000000000000000000e+00,-0.000000000000000000e+00,-0.000000000000000000e+00,4.346143776234022068e-288,1.099268448798610850e-226,5.184888558318917432e-178,9.594166520283572035e-140,6.597600904042622234e-110,7.795378931480243119e-87,3.860052510888855028e-69,1.116090989640570874e-55,1.613788404880051490e-45,6.603215417080085558e-38,3.050339509956415160e-32,4.743555604001457800e-28,5.828355844279865245e-25,1.093702118114525311e-22,5.185680961251125847e-21,9.087039137625545679e-20,7.818292384499437306e-19,4.073627919852844292e-18,1.498046119447714279e-17,4.342551908763551527e-17,1.073723301234860249e-16,2.393942443159929143e-16,5.003186582328935490e-16,1.006699311788193346e-15,1.985979188383867099e-15,3.888719571716651149e-15,7.619829444226715852e-15,0.000000000000000000e+00,0.000000000000000000e+00,0.000000000000000000e+00,0.000000000000000000e+00,0.000000000000000000e+00,0.000000000000000000e+00,0.000000000000000000e+00,0.000000000000000000e+00,0.000000000000000000e+00,0.000000000000000000e+00,0.000000000000000000e+00,0.000000000000000000e+00,0.000000000000000000e+00,0.000000000000000000e+00
-0.000000000000000000e+00,-0.000000000000000000e+00,-0.000000000000000000e+00,-0.000000000000000000e+00,-0.000000000000000000e+00,-0.000000000000000000e+00,-0.000000000000000000e+00,-0.000000000000000000e+00,-0.000000000000000000e+00,-0.000000000000000000e+00,-0.000000000000000000e+00,-0.000000000000000000e+00,-0.000000000000000000e+00,-0.000000000000000000e+00,-0.000000000000000000e+00,-0.000000000000000000e+00,-0.000000000000000000e+00,-0.000000000000000000e+00,-0.000000000000000000e+00,-0.000000000000000000e+00,-0.000000000000000000e+00,-0.000000000000000000e+00,-0.000000000000000000e+00,-0.000000000000000000e+00,-0.000000000000000000e+00,-0.000000000000000000e+00,-0.000000000000000000e+00,-0.000000000000000000e+00,-0.000000000000000000e+00,-0.000000000000000000e+00,-0.000000000000000000e+00,-0.000000000000000000e+00,-0.000000000000000000e+00,-0.000000000000000000e+00,-0.000000000000000000e+00,-0.000000000000000000e+00,-0.000000000000000000e+00,-0.000000000000000000e+00,-0.000000000000000000e+00,-0.000000000000000000e+00,-0.000000000000000000e+00,-0.000000000000000000e+00,-0.000000000000000000e+00,-0.000000000000000000e+00,-0.000000000000000000e+00,-0.000000000000000000e+00,-0.000000000000000000e+00,-0.000000000000000000e+00,-0.000000000000000000e+00,-0.000000000000000000e+00,-0.000000000000000000e+00,-0.000000000000000000e+00,-0.000000000000000000e+00,-0.000000000000000000e+00,-0.000000000000000000e+00,-0.000000000000000000e+00,-0.000000000000000000e+00,-0.000000000000000000e+00,-0.000000000000000000e+00,4.346143776234022068e-288,1.099268448798610850e-226,5.184888558318917432e-178,9.594166520283572035e-140,6.597600904042622234e-110,7.795378931480243119e-87,3.860052510888855028e-69,1.116090989640570874e-55,1.613788404880051490e-45,6.603215417080085558e-38,3.050339509956415160e-32,4.743555604001457800e-28,5.828355844279865245e-25,1.093702118114525311e-22,5.185680961251125847e-21,9.087039137625545679e-20,7.818292384499437306e-19,4.073627919852844292e-18,1.498046119447714279e-17,4.342551908763551527e-17,1.073723301234860249e-16,2.393942443159929143e-16,5.003186582328935490e-16,1.006699311788193346e-15,1.985979188383867099e-15,3.888719571716651149e-15,7.619829444226715852e-15,0.000000000000000000e+00,0.000000000000000000e+00,0.000000000000000000e+00,0.000000000000000000e+00,0.000000000000000000e+00,0.000000000000000000e+00,0.000000000000000000e+00,0.000000000000000000e+00,0.000000000000000000e+00,0.000000000000000000e+00,0.000000000000000000e+00,0.000000000000000000e+00,0.000000000000000000e+00,0.000000000000000000e+00
-0.000000000000000000e+00,-0.000000000000000000e+00,-0.000000000000000000e+00,-0.000000000000000000e+00,-0.000000000000000000e+00,-0.000000000000000000e+00,-0.000000000000000000e+00,-0.000000000000000000e+00,-0.000000000000000000e+00,-0.000000000000000000e+00,-0.000000000000000000e+00,-0.000000000000000000e+00,-0.000000000000000000e+00,-0.000000000000000000e+00,-0.000000000000000000e+00,-0.000000000000000000e+00,-0.000000000000000000e+00,-0.000000000000000000e+00,-0.000000000000000000e+00,-0.000000000000000000e+00,-0.000000000000000000e+00,-0.000000000000000000e+00,-0.000000000000000000e+00,-0.000000000000000000e+00,-0.000000000000000000e+00,-0.000000000000000000e+00,-0.000000000000000000e+00,-0.000000000000000000e+00,-0.000000000000000000e+00,-0.000000000000000000e+00,-0.000000000000000000e+00,-0.000000000000000000e+00,-0.000000000000000000e+00,-0.000000000000000000e+00,-0.000000000000000000e+00,-0.000000000000000000e+00,-0.000000000000000000e+00,-0.000000000000000000e+00,-0.000000000000000000e+00,-0.000000000000000000e+00,-0.000000000000000000e+00,-0.000000000000000000e+00,-0.000000000000000000e+00,-0.000000000000000000e+00,-0.000000000000000000e+00,-0.000000000000000000e+00,-0.000000000000000000e+00,-0.000000000000000000e+00,-0.000000000000000000e+00,-0.000000000000000000e+00,-0.000000000000000000e+00,-0.000000000000000000e+00,-0.000000000000000000e+00,-0.000000000000000000e+00,-0.000000000000000000e+00,-0.000000000000000000e+00,-0.000000000000000000e+00,-0.000000000000000000e+00,-0.000000000000000000e+00,4.346143776234022068e-288,1.099268448798610850e-226,5.184888558318917432e-178,9.594166520283572035e-140,6.597600904042622234e-110,7.795378931480243119e-87,3.860052510888855028e-69,1.116090989640570874e-55,1.613788404880051490e-45,6.603215417080085558e-38,3.050339509956415160e-32,4.743555604001457800e-28,5.828355844279865245e-25,1.093702118114525311e-22,5.185680961251125847e-21,9.087039137625545679e-20,7.818292384499437306e-19,4.073627919852844292e-18,1.498046119447714279e-17,4.342551908763551527e-17,1.073723301234860249e-16,2.393942443159929143e-16,5.003186582328935490e-16,1.006699311788193346e-15,1.985979188383867099e-15,3.888719571716651149e-15,0.000000000000000000e+00,0.000000000000000000e+00,0.000000000000000000e+00,0.000000000000000000e+00,0.000000000000000000e+00,0.000000000000000000e+00,0.000000000000000000e+00,0.000000000000000000e+00,0.000000000000000000e+00,0.000000000000000000e+00,0.000000000000000000e+00,0.000000000000000000e+00,0.000000000000000000e+00,0.000000000000000000e+00,0.000000000000000000e+00
-0.000000000000000000e+00,-0.000000000000000000e+00,-0.000000000000000000e+00,-0.000000000000000000e+00,-0.000000000000000000e+00,-0.000000000000000000e+00,-0.000000000000000000e+00,-0.000000000000000000e+00,-0.000000000000000000e+00,-0.000000000000000000e+00,-0.000000000000000000e+00,-0.000000000000000000e+00,-0.000000000000000000e+00,-0.000000000000000000e+00,-0.000000000000000000e+00,-0.000000000000000000e+00,-0.000000000000000000e+00,-0.000000000000000000e+00,-0.000000000000000000e+00,-0.000000000000000000e+00,-0.000000000000000000e+00,-0.000000000000000000e+00,-0.000000000000000000e+00,-0.000000000000000000e+00,-0.000000000000000000e+00,-0.000000000000000000e+00,-0.000000000000000000e+00,-0.000000000000000000e+00,-0.000000000000000000e+00,-0.000000000000000000e+00,-0.000000000000000000e+00,-0.000000000000000000e+00,-0.000000000000000000e+00,-0.000000000000000000e+00,-0.000000000000000000e+00,-0.000000000000000000e+00,-0.000000000000000000e+00,-0.000000000000000000e+00,-0.000000000000000000e+00,-0.000000000000000000e+00,-0.000000000000000000e+00,-0.000000000000000000e+00,-0.000000000000000000e+00,-0.000000000000000000e+00,-0.000000000000000000e+00,-0.000000000000000000e+00,-0.000000000000000000e+00,-0.000000000000000000e+00,-0.000000000000000000e+00,-0.000000000000000000e+00,-0.000000000000000000e+00,-0.000000000000000000e+00,-0.000000000000000000e+00,-0.000000000000000000e+00,-0.000000000000000000e+00,-0.000000000000000000e+00,-0.000000000000000000e+00,-0.000000000000000000e+00,-0.000000000000000000e+00,4.346143776234022068e-288,1.099268448798610850e-226,5.184888558318917432e-178,9.594166520283572035e-140,6.597600904042622234e-110,7.795378931480243119e-87,3.860052510888855028e-69,1.116090989640570874e-55,1.613788404880051490e-45,6.603215417080085558e-38,3.050339509956415160e-32,4.743555604001457800e-28,5.828355844279865245e-25,1.093702118114525311e-22,5.185680961251125847e-21,9.087039137625545679e-20,7.818292384499437306e-19,4.073627919852844292e-18,1.498046119447714279e-17,4.342551908763551527e-17,1.073723301234860249e-16,2.393942443159929143e-16,5.003186582328935490e-16,1.006699311788193346e-15,1.985979188383867099e-15,3.888719571716651149e-15,0.000000000000000000e+00,0.000000000000000000e+00,0.000000000000000000e+00,0.000000000000000000e+00,0.000000000000000000e+00,0.000000000000000000e+00,0.000000000000000000e+00,0.000000000000000000e+00,0.000000000000000000e+00,0.000000000000000000e+00,0.000000000000000000e+00,0.000000000000000000e+00,0.000000000000000000e+00,0.000000000000000000e+00,0.000000000000000000e+00
-0.000000000000000000e+00,-0.000000000000000000e+00,-0.000000000000000000e+00,-0.000000000000000000e+00,-0.000000000000000000e+00,-0.000000000000000000e+00,-0.000000000000000000e+00,-0.000000000000000000e+00,-0.000000000000000000e+00,-0.000000000000000000e+00,-0.000000000000000000e+00,-0.000000000000000000e+00,-0.000000000000000000e+00,-0.000000000000000000e+00,-0.000000000000000000e+00,-0.000000000000000000e+00,-0.000000000000000000e+00,-0.000000000000000000e+00,-0.000000000000000000e+00,-0.000000000000000000e+00,-0.000000000000000000e+00,-0.000000000000000000e+00,-0.000000000000000000e+00,-0.000000000000000000e+00,-0.000000000000000000e+00,-0.000000000000000000e+00,-0.000000000000000000e+00,-0.000000000000000000e+00,-0.000000000000000000e+00,-0.000000000000000000e+00,-0.000000000000000000e+00,-0.000000000000000000e+00,-0.000000000000000000e+00,-0.000000000000000000e+00,-0.000000000000000000e+00,-0.000000000000000000e+00,-0.000000000000000000e+00,-0.000000000000000000e+00,-0.000000000000000000e+00,-0.000000000000000000e+00,-0.000000000000000000e+00,-0.000000000000000000e+00,-0.000000000000000000e+00,-0.000000000000000000e+00,-0.000000000000000000e+00,-0.000000000000000000e+00,-0.000000000000000000e+00,-0.000000000000000000e+00,-0.000000000000000000e+00,-0.000000000000000000e+00,-0.000000000000000000e+00,-0.000000000000000000e+00,-0.000000000000000000e+00,-0.000000000000000000e+00,-0.000000000000000000e+00,-0.000000000000000000e+00,-0.000000000000000000e+00,-0.000000000000000000e+00,-0.000000000000000000e+00,4.346143776234022068e-288,1.099268448798610850e-226,5.184888558318917432e-178,9.594166520283572035e-140,6.597600904042622234e-110,7.795378931480243119e-87,3.860052510888855028e-69,1.116090989640570874e-55,1.613788404880051490e-45,6.603215417080085558e-38,3.050339509956415160e-32,4.743555604001457800e-28,5.828355844279865245e-25,1.093702118114525311e-22,5.185680961251125847e-21,9.087039137625545679e-20,7.818292384499437306e-19,4.073627919852844292e-18,1.498046119447714279e-17,4.342551908763551527e-17,1.073723301234860249e-16,2.393942443159929143e-16,5.003186582328935490e-16,1.006699311788193346e-15,1.985979188383867099e-15,3.888719571716651149e-15,0.000000000000000000e+00,0.000000000000000000e+00,0.000000000000000000e+00,0.000000000000000000e+00,0.000000000000000000e+00,0.000000000000000000e+00,0.000000000000000000e+00,0.000000000000000000e+00,0.000000000000000000e+00,0.000000000000000000e+00,0.000000000000000000e+00,0.000000000000000000e+00,0.000000000000000000e+00,0.000000000000000000e+00,0.000000000000000000e+00
-0.000000000000000000e+00,-0.000000000000000000e+00,-0.000000000000000000e+00,-0.000000000000000000e+00,-0.000000000000000000e+00,-0.000000000000000000e+00,-0.000000000000000000e+00,-0.000000000000000000e+00,-0.000000000000000000e+00,-0.000000000000000000e+00,-0.000000000000000000e+00,-0.000000000000000000e+00,-0.000000000000000000e+00,-0.000000000000000000e+00,-0.000000000000000000e+00,-0.000000000000000000e+00,-0.000000000000000000e+00,-0.000000000000000000e+00,-0.000000000000000000e+00,-0.000000000000000000e+00,-0.000000000000000000e+00,-0.000000000000000000e+00,-0.000000000000000000e+00,-0.000000000000000000e+00,-0.000000000000000000e+00,-0.000000000000000000e+00,-0.000000000000000000e+00,-0.000000000000000000e+00,-0.000000000000000000e+00,-0.000000000000000000e+00,-0.000000000000000000e+00,-0.000000000000000000e+00,-0.000000000000000000e+00,-0.000000000000000000e+00,-0.000000000000000000e+00,-0.000000000000000000e+00,-0.000000000000000000e+00,-0.000000000000000000e+00,-0.000000000000000000e+00,-0.000000000000000000e+00,-0.000000000000000000e+00,-0.000000000000000000e+00,-0.000000000000000000e+00,-0.000000000000000000e+00,-0.000000000000000000e+00,-0.000000000000000000e+00,-0.000000000000000000e+00,-0.000000000000000000e+00,-0.000000000000000000e+00,-0.000000000000000000e+00,-0.000000000000000000e+00,-0.000000000000000000e+00,-0.000000000000000000e+00,-0.000000000000000000e+00,-0.000000000000000000e+00,-0.000000000000000000e+00,-0.000000000000000000e+00,-0.000000000000000000e+00,-0.000000000000000000e+00,4.346143776234022068e-288,1.099268448798610850e-226,5.184888558318917432e-178,9.594166520283572035e-140,6.597600904042622234e-110,7.795378931480243119e-87,3.860052510888855028e-69,1.116090989640570874e-55,1.613788404880051490e-45,6.603215417080085558e-38,3.050339509956415160e-32,4.743555604001457800e-28,5.828355844279865245e-25,1.093702118114525311e-22,5.185680961251125847e-21,9.087039137625545679e-20,7.818292384499437306e-19,4.073627919852844292e-18,1.498046119447714279e-17,4.342551908763551527e-17,1.073723301234860249e-16,2.393942443159929143e-16,5.003186582328935490e-16,1.006699311788193346e-15,1.985979188383867099e-15,3.888719571716651149e-15,0.000000000000000000e+00,0.000000000000000000e+00,0.000000000000000000e+00,0.000000000000000000e+00,0.000000000000000000e+00,0.000000000000000000e+00,0.000000000000000000e+00,0.000000000000000000e+00,0.000000000000000000e+00,0.000000000000000000e+00,0.000000000000000000e+00,0.000000000000000000e+00,0.000000000000000000e+00,0.000000000000000000e+00,0.000000000000000000e+00
-0.000000000000000000e+00,-0.000000000000000000e+00,-0.000000000000000000e+00,-0.000000000000000000e+00,-0.000000000000000000e+00,-0.000000000000000000e+00,-0.000000000000000000e+00,-0.000000000000000000e+00,-0.000000000000000000e+00,-0.000000000000000000e+00,-0.000000000000000000e+00,-0.000000000000000000e+00,-0.000000000000000000e+00,-0.000000000000000000e+00,-0.000000000000000000e+00,-0.000000000000000000e+00,-0.000000000000000000e+00,-0.000000000000000000e+00,-0.000000000000000000e+00,-0.000000000000000000e+00,-0.000000000000000000e+00,-0.000000000000000000e+00,-0.000000000000000000e+00,-0.000000000000000000e+00,-0.000000000000000000e+00,-0.000000000000000000e+00,-0.000000000000000000e+00,-0.000000000000000000e+00,-0.000000000000000000e+00,-0.000000000000000000e+00,-0.000000000000000000e+00,-0.000000000000000000e+00,-0.000000000000000000e+00,-0.000000000000000000e+00,-0.000000000000000000e+00,-0.000000000000000000e+00,-0.000000000000000000e+00,-0.000000000000000000e+00,-0.000000000000000000e+00,-0.000000000000000000e+00,-0.000000000000000000e+00,-0.000000000000000000e+00,-0.000000000000000000e+00,-0.000000000000000000e+00,-0.000000000000000000e+00,-0.000000000000000000e+00,-0.000000000000000000e+00,-0.000000000000000000e+00,-0.000000000000000000e+00,-0.000000000000000000e+00,-0.000000000000000000e+00,-0.000000000000000000e+00,-0.000000000000000000e+00,-0.000000000000000000e+00,-0.000000000000000000e+00,-0.000000000000000000e+00,-0.000000000000000000e+00,-0.000000000000000000e+00,-0.000000000000000000e+00,4.346143776234022068e-288,1.099268448798610850e-226,5.184888558318917432e-178,9.594166520283572035e-140,6.597600904042622234e-110,7.795378931480243119e-87,3.860052510888855028e-69,1.116090989640570874e-55,1.613788404880051490e-45,6.603215417080085558e-38,3.050339509956415160e-32,4.743555604001457800e-28,5.828355844279865245e-25,1.093702118114525311e-22,5.185680961251125847e-21,9.087039137625545679e-20,7.818292384499437306e-19,4.073627919852844292e-18,1.498046119447714279e-17,4.342551908763551527e-17,1.073723301234860249e-16,2.393942443159929143e-16,5.003186582328935490e-16,1.006699311788193346e-15,1.985979188383867099e-15,0.000000000000000000e+00,0.000000000000000000e+00,0.000000000000000000e+00,0.000000000000000000e+00,0.000000000000000000e+00,0.000000000000000000e+00,0.000000000000000000e+00,0.000000000000000000e+00,0.000000000000000000e+00,0.000000000000000000e+00,0.000000000000000000e+00,0.000000000000000000e+00,0.000000000000000000e+00,0.000000000000000000e+00,0.000000000000000000e+00,0.000000000000000000e+00
-0.000000000000000000e+00,-0.000000000000000000e+00,-0.000000000000000000e+00,-0.000000000000000000e+00,-0.000000000000000000e+00,-0.000000000000000000e+00,-0.000000000000000000e+00,-0.000000000000000000e+00,-0.000000000000000000e+00,-0.000000000000000000e+00,-0.000000000000000000e+00,-0.000000000000000000e+00,-0.000000000000000000e+00,-0.000000000000000000e+00,-0.000000000000000000e+00,-0.000000000000000000e+00,-0.000000000000000000e+00,-0.000000000000000000e+00,-0.000000000000000000e+00,-0.000000000000000000e+00,-0.000000000000000000e+00,-0.000000000000000000e+00,-0.000000000000000000e+00,-0.000000000000000000e+00,-0.000000000000000000e+00,-0.000000000000000000e+00,-0.000000000000000000e+00,-0.000000000000000000e+00,-0.000000000000000000e+00,-0.000000000000000000e+00,-0.000000000000000000e+00,-0.000000000000000000e+00,-0.000000000000000000e+00,-0.000000000000000000e+00,-0.000000000000000000e+00,-0.000000000000000000e+00,-0.000000000000000000e+00,-0.000000000000000000e+00,-0.000000000000000000e+00,-0.000000000000000000e+00,-0.000000000000000000e+00,-0.000000000000000000e+00,-0.000000000000000000e+00,-0.000000000000000000e+00,-0.000000000000000000e+00,-0.000000000000000000e+00,-0.000000000000000000e+00,-0.000000000000000000e+00,-0.000000000000000000e+00,-0.000000000000000000e+00,-0.000000000000000000e+00,-0.000000000000000000e+00,-0.000000000000000000e+00,-0.000000000000000000e+00,-0.000000000000000000e+00,-0.000000000000000000e+00,-0.000000000000000000e+00,-0.000000000000000000e+00,-0.000000000000000000e+00,4.346143776234022068e-288,1.099268448798610850e-226,5.184888558318917432e-178,9.594166520283572035e-140,6.597600904042622234e-110,7.795378931480243119e-87,3.860052510888855028e-69,1.116090989640570874e-55,1.613788404880051490e-45,6.603215417080085558e-38,3.050339509956415160e-32,4.743555604001457800e-28,5.828355844279865245e-25,1.093702118114525311e-22,5.185680961251125847e-21,9.087039137625545679e-20,7.818292384499437306e-19,4.073627919852844292e-18,1.498046119447714279e-17,4.342551908763551527e-17,1.073723301234860249e-16,2.393942443159929143e-16,5.003186582328935490e-16,1.006699311788193346e-15,0.000000000000000000e+00,0.000000000000000000e+00,0.000000000000000000e+00,0.000000000000000000e+00,0.000000000000000000e+00,0.000000000000000000e+00,0.000000000000000000e+00,0.000000000000000000e+00,0.000000000000000000e+00,0.000000000000000000e+00,0.000000000000000000e+00,0.000000000000000000e+00,0.000000000000000000e+00,0.000000000000000000e+00,0.000000000000000000e+00,0.000000000000000000e+00,0.000000000000000000e+00
-0.000000000000000000e+00,-0.000000000000000000e+00,-0.000000000000000000e+00,-0.000000000000000000e+00,-0.000000000000000000e+00,-0.000000000000000000e+00,-0.000000000000000000e+00,-0.000000000000000000e+00,-0.000000000000000000e+00,-0.000000000000000000e+00,-0.000000000000000000e+00,-0.000000000000000000e+00,-0.000000000000000000e+00,-0.000000000000000000e+00,-0.000000000000000000e+00,-0.000000000000000000e+00,-0.000000000000000000e+00,-0.000000000000000000e+00,-0.000000000000000000e+00,-0.000000000000000000e+00,-0.000000000000000000e+00,-0.000000000000000000e+00,-0.000000000000000000e+00,-0.000000000000000000e+00,-0.000000000000000000e+00,-0.000000000000000000e+00,-0.000000000000000000e+00,-0.000000000000000000e+00,-0.000000000000000000e+00,-0.000000000000000000e+00,-0.000000000000000000e+00,-0.000000000000000000e+00,-0.000000000000000000e+00,-0.000000000000000000e+00,-0.000000000000000000e+00,-0.000000000000000000e+00,-0.000000000000000000e+00,-0.000000000000000000e+00,-0.000000000000000000e+00,-0.000000000000000000e+00,-0.000000000000000000e+00,-0.000000000000000000e+00,-0.000000000000000000e+00,-0.000000000000000000e+00,-0.000000000000000000e+00,-0.000000000000000000e+00,-0.000000000000000000e+00,-0.000000000000000000e+00,-0.000000000000000000e+00,-0.000000000000000000e+00,-0.000000000000000000e+00,-0.000000000000000000e+00,-0.000000000000000000e+00,-0.000000000000000000e+00,-0.000000000000000000e+00,-0.000000000000000000e+00,-0.000000000000000000e+00,-0.000000000000000000e+00,-0.000000000000000000e+00,4.346143776234022068e-288,1.099268448798610850e-226,5.184888558318917432e-178,9.594166520283572035e-140,6.597600904042622234e-110,7.795378931480243119e-87,3.860052510888855028e-69,1.116090989640570874e-55,1.613788404880051490e-45,6.603215417080085558e-38,3.050339509956415160e-32,4.743555604001457800e-28,5.828355844279865245e-25,1.093702118114525311e-22,5.185680961251125847e-21,9.087039137625545679e-20,7.818292384499437306e-19,4.073627919852844292e-18,1.498046119447714279e-17,4.342551908763551527e-17,1.073723301234860249e-16,2.393942443159929143e-16,5.003186582328935490e-16,0.000000000000000000e+00,0.000000000000000000e+00,0.000000000000000000e+00,0.000000000000000000e+00,0.000000000000000000e+00,0.000000000000000000e+00,0.000000000000000000e+00,0.000000000000000000e+00,0.000000000000000000e+00,0.000000000000000000e+00,0.000000000000000000e+00,0.000000000000000000e+00,0.000000000000000000e+00,0.000000000000000000e+00,0.000000000000000000e+00,0.000000000000000000e+00,0.000000000000000000e+00,0.000000000000000000e+00
-0.000000000000000000e+00,-0.000000000000000000e+00,-0.000000000000000000e+00,-0.000000000000000000e+00,-0.000000000000000000e+00,-0.000000000000000000e+00,-0.000000000000000000e+00,-0.000000000000000000e+00,-0.000000000000000000e+00,-0.000000000000000000e+00,-0.000000000000000000e+00,-0.000000000000000000e+00,-0.000000000000000000e+00,-0.000000000000000000e+00,-0.000000000000000000e+00,-0.000000000000000000e+00,-0.000000000000000000e+00,-0.000000000000000000e+00,-0.000000000000000000e+00,-0.000000000000000000e+00,-0.000000000000000000e+00,-0.000000000000000000e+00,-0.000000000000000000e+00,-0.000000000000000000e+00,-0.000000000000000000e+00,-0.000000000000000000e+00,-0.000000000000000000e+00,-0.000000000000000000e+00,-0.000000000000000000e+00,-0.000000000000000000e+00,-0.000000000000000000e+00,-0.000000000000000000e+00,-0.000000000000000000e+00,-0.000000000000000000e+00,-0.000000000000000000e+00,-0.000000000000000000e+00,-0.000000000000000000e+00,-0.000000000000000000e+00,-0.000000000000000000e+00,-0.000000000000000000e+00,-0.000000000000000000e+00,-0.000000000000000000e+00,-0.000000000000000000e+00,-0.000000000000000000e+00,-0.000000000000000000e+00,-0.000000000000000000e+00,-0.000000000000000000e+00,-0.000000000000000000e+00,-0.000000000000000000e+00,-0.000000000000000000e+00,-0.000000000000000000e+00,-0.000000000000000000e+00,-0.000000000000000000e+00,-0.000000000000000000e+00,-0.000000000000000000e+00,-0.000000000000000000e+00,-0.000000000000000000e+00,-0.000000000000000000e+00,-0.000000000000000000e+00,4.346143776234022068e-288,1.099268448798610850e-226,5.184888558318917432e-178,9.594166520283572035e-140,6.597600904042622234e-110,7.795378931480243119e-87,3.860052510888855028e-69,1.116090989640570874e-55,1.613788404880051490e-45,6.603215417080085558e-38,3.050339509956415160e-32,4.743555604001457800e-28,5.828355844279865245e-25,1.093702118114525311e-22,5.185680961251125847e-21,9.087039137625545679e-20,7.818292384499437306e-19,4.073627919852844292e-18,1.498046119447714279e-17,4.342551908763551527e-17,1.073723301234860249e-16,2.393942443159929143e-16,0.000000000000000000e+00,0.000000000000000000e+00,0.000000000000000000e+00,0.000000000000000000e+00,0.000000000000000000e+00,0.000000000000000000e+00,0.000000000000000000e+00,0.000000000000000000e+00,0.000000000000000000e+00,0.000000000000000000e+00,0.000000000000000000e+00,0.000000000000000000e+00,0.000000000000000000e+00,0.000000000000000000e+00,0.000000000000000000e+00,0.000000000000000000e+00,0.000000000000000000e+00,0.000000000000000000e+00,0.000000000000000000e+00
-0.000000000000000000e+00,-0.000000000000000000e+00,-0.000000000000000000e+00,-0.000000000000000000e+00,-0.000000000000000000e+00,-0.000000000000000000e+00,-0.000000000000000000e+00,-0.000000000000000000e+00,-0.000000000000000000e+00,-0.000000000000000000e+00,-0.000000000000000000e+00,-0.000000000000000000e+00,-0.000000000000000000e+00,-0.000000000000000000e+00,-0.000000000000000000e+00,-0.000000000000000000e+00,-0.000000000000000000e+00,-0.000000000000000000e+00,-0.000000000000000000e+00,-0.000000000000000000e+00,-0.000000000000000000e+00,-0.000000000000000000e+00,-0.000000000000000000e+00,-0.000000000000000000e+00,-0.000000000000000000e+00,-0.000000000000000000e+00,-0.000000000000000000e+00,-0.000000000000000000e+00,-0.000000000000000000e+00,-0.000000000000000000e+00,-0.000000000000000000e+00,-0.000000000000000000e+00,-0.000000000000000000e+00,-0.000000000000000000e+00,-0.000000000000000000e+00,-0.000000000000000000e+00,-0.000000000000000000e+00,-0.000000000000000000e+00,-0.000000000000000000e+00,-0.000000000000000000e+00,-0.000000000000000000e+00,-0.000000000000000000e+00,-0.000000000000000000e+00,-0.000000000000000000e+00,-0.000000000000000000e+00,-0.000000000000000000e+00,-0.000000000000000000e+00,-0.000000000000000000e+00,-0.000000000000000000e+00,-0.000000000000000000e+00,-0.000000000000000000e+00,-0.000000000000000000e+00,-0.000000000000000000e+00,-0.000000000000000000e+00,-0.000000000000000000e+00,-0.000000000000000000e+00,-0.000000000000000000e+00,-0.000000000000000000e+00,-0.000000000000000000e+00,4.346143776234022068e-288,1.099268448798610850e-226,5.184888558318917432e-178,9.594166520283572035e-140,6.597600904042622234e-110,7.795378931480243119e-87,3.860052510888855028e-69,1.116090989640570874e-55,1.613788404880051490e-45,6.603215417080085558e-38,3.050339509956415160e-32,4.743555604001457800e-28,5.828355844279865245e-25,1.093702118114525311e-22,5.185680961251125847e-21,9.087039137625545679e-20,7.818292384499437306e-19,4.073627919852844292e-18,1.498046119447714279e-17,4.342551908763551527e-17,1.073723301234860249e-16,0.000000000000000000e+00,0.000000000000000000e+00,0.000000000000000000e+00,0.000000000000000000e+00,0.000000000000000000e+00,0.000000000000000000e+00,0.000000000000000000e+00,0.000000000000000000e+00,0.000000000000000000e+00,0.000000000000000000e+00,0.000000000000000000e+00,0.000000000000000000e+00,0.000000000000000000e+00,0.000000000000000000e+00,0.000000000000000000e+00,0.000000000000000000e+00,0.000000000000000000e+00,0.000000000000000000e+00,0.000000000000000000e+00,0.000000000000000000e+00
-0.000000000000000000e+00,-0.000000000000000000e+00,-0.000000000000000000e+00,-0.000000000000000000e+00,-0.000000000000000000e+00,-0.000000000000000000e+00,-0.000000000000000000e+00,-0.000000000000000000e+00,-0.000000000000000000e+00,-0.000000000000000000e+00,-0.000000000000000000e+00,-0.000000000000000000e+00,-0.000000000000000000e+00,-0.000000000000000000e+00,-0.000000000000000000e+00,-0.000000000000000000e+00,-0.000000000000000000e+00,-0.000000000000000000e+00,-0.000000000000000000e+00,-0.000000000000000000e+00,-0.000000000000000000e+00,-0.000000000000000000e+00,-0.000000000000000000e+00,-0.000000000000000000e+00,-0.000000000000000000e+00,-0.000000000000000000e+00,-0.000000000000000000e+00,-0.000000000000000000e+00,-0.000000000000000000e+00,-0.000000000000000000e+00,-0.000000000000000000e+00,-0.000000000000000000e+00,-0.000000000000000000e+00,-0.000000000000000000e+00,-0.000000000000000000e+00,-0.000000000000000000e+00,-0.000000000000000000e+00,-0.000000000000000000e+00,-0.000000000000000000e+00,-0.000000000000000000e+00,-0.000000000000000000e+00,-0.000000000000000000e+00,-0.000000000000000000e+00,-0.000000000000000000e+00,-0.000000000000000000e+00,-0.000000000000000000e+00,-0.000000000000000000e+00,-0.000000000000000000e+00,-0.000000000000000000e+00,-0.000000000000000000e+00,-0.000000000000000000e+00,-0.000000000000000000e+00,-0.000000000000000000e+00,-0.000000000000000000e+00,-0.000000000000000000e+00,-0.000000000000000000e+00,-0.000000000000000000e+00,-0.000000000000000000e+00,-0.000000000000000000e+00,4.346143776234022068e-288,1.099268448798610850e-226,5.184888558318917432e-178,9.594166520283572035e-140,6.597600904042622234e-110,7.795378931480243119e-87,3.860052510888855028e-69,1.116090989640570874e-55,1.613788404880051490e-45,6.603215417080085558e-38,3.050339509956415160e-32,4.743555604001457800e-28,5.828355844279865245e-25,1.093702118114525311e-22,5.185680961251125847e-21,9.087039137625545679e-20,7.818292384499437306e-19,4.073627919852844292e-18,1.498046119447714279e-17,0.000000000000000000e+00,0.000000000000000000e+00,0.000000000000000000e+00,0.000000000000000000e+00,0.000000000000000000e+00,0.000000000000000000e+00,0.000000000000000000e+00,0.000000000000000000e+00,0.000000000000000000e+00,0.000000000000000000e+00,0.000000000000000000e+00,0.000000000000000000e+00,0.000000000000000000e+00,0.000000000000000000e+00,0.000000000000000000e+00,0.000000000000000000e+00,0.000000000000000000e+00,0.000000000000000000e+00,0.000000000000000000e+00,0.000000000000000000e+00,0.000000000000000000e+00,0.000000000000000000e+00
-0.000000000000000000e+00,-0.000000000000000000e+00,-0.000000000000000000e+00,-0.000000000000000000e+00,-0.000000000000000000e+00,-0.000000000000000000e+00,-0.000000000000000000e+00,-0.000000000000000000e+00,-0.000000000000000000e+00,-0.000000000000000000e+00,-0.000000000000000000e+00,-0.000000000000000000e+00,-0.000000000000000000e+00,-0.000000000000000000e+00,-0.000000000000000000e+00,-0.000000000000000000e+00,-0.000000000000000000e+00,-0.000000000000000000e+00,-0.000000000000000000e+00,-0.000000000000000000e+00,-0.000000000000000000e+00,-0.000000000000000000e+00,-0.000000000000000000e+00,-0.000000000000000000e+00,-0.000000000000000000e+00,-0.000000000000000000e+00,-0.000000000000000000e+00,-0.000000000000000000e+00,-0.000000000000000000e+00,-0.000000000000000000e+00,-0.000000000000000000e+00,-0.000000000000000000e+00,-0.000000000000000000e+00,-0.000000000000000000e+00,-0.000000000000000000e+00,-0.000000000000000000e+00,-0.000000000000000000e+00,-0.000000000000000000e+00,-0.000000000000000000e+00,-0.000000000000000000e+00,-0.000000000000000000e+00,-0.000000000000000000e+00,-0.000000000000000000e+00,-0.000000000000000000e+00,-0.000000000000000000e+00,-0.000000000000000000e+00,-0.000000000000000000e+00,-0.000000000000000000e+00,-0.000000000000000000e+00,-0.000000000000000000e+00,-0.000000000000000000e+00,-0.000000000000000000e+00,-0.000000000000000000e+00,-0.000000000000000000e+00,-0.000000000000000000e+00,-0.000000000000000000e+00,-0.000000000000000000e+00,-0.000000000000000000e+00,-0.000000000000000000e+00,4.346143776234022068e-288,1.099268448798610850e-226,5.184888558318917432e-178,9.594166520283572035e-140,6.597600904042622234e-110,7.795378931480243119e-87,3.860052510888855028e-69,1.116090989640570874e-55,1.613788404880051490e-45,6.603215417080085558e-38,3.050339509956415160e-32,4.743555604001457800e-28,5.828355844279865245e-25,1.093702118114525311e-22,5.185680961251125847e-21,9.087039137625545679e-20,7.818292384499437306e-19,0.000000000000000000e+00,0.000000000000000000e+00,0.000000000000000000e+00,0.000000000000000000e+00,0.000000000000000000e+00,0.000000000000000000e+00,0.000000000000000000e+00,0.000000000000000000e+00,0.000000000000000000e+00,0.000000000000000000e+00,0.000000000000000000e+00,0.000000000000000000e+00,0.000000000000000000e+00,0.000000000000000000e+00,0.000000000000000000e+00,0.000000000000000000e+00,0.000000000000000000e+00,0.000000000000000000e+00,0.000000000000000000e+00,0.000000000000000000e+00,0.000000000000000000e+00,0.000000000000000000e+00,0.000000000000000000e+00,0.000000000000000000e+00
-0.000000000000000000e+00,-0.000000000000000000e+00,-0.000000000000000000e+00,-0.000000000000000000e+00,-0.000000000000000000e+00,-0.000000000000000000e+00,-0.000000000000000000e+00,-0.000000000000000000e+00,-0.000000000000000000e+00,-0.000000000000000000e+00,-0.000000000000000000e+00,-0.000000000000000000e+00,-0.000000000000000000e+00,-0.000000000000000000e+00,-0.000000000000000000e+00,-0.000000000000000000e+00,-0.000000000000000000e+00,-0.000000000000000000e+00,-0.000000000000000000e+00,-0.000000000000000000e+00,-0.000000000000000000e+00,-0.000000000000000000e+00,-0.000000000000000000e+00,-0.000000000000000000e+00,-0.000000000000000000e+00,-0.000000000000000000e+00,-0.000000000000000000e+00,-0.000000000000000000e+00,-0.000000000000000000e+00,-0.000000000000000000e+00,-0.000000000000000000e+00,-0.000000000000000000e+00,-0.000000000000000000e+00,-0.000000000000000000e+00,-0.000000000000000000e+00,-0.000000000000000000e+00,-0.000000000000000000e+00,-0.000000000000000000e+00,-0.000000000000000000e+00,-0.000000000000000000e+00,-0.000000000000000000e+00,-0.000000000000000000e+00,-0.000000000000000000e+00,-0.000000000000000000e+00,-0.000000000000000000e+00,-0.000000000000000000e+00,-0.000000000000000000e+00,-0.000000000000000000e+00,-0.000000000000000000e+00,-0.000000000000000000e+00,-0.000000000000000000e+00,-0.000000000000000000e+00,-0.000000000000000000e+00,-0.000000000000000000e+00,-0.000000000000000000e+00,-0.000000000000000000e+00,-0.000000000000000000e+00,-0.000000000000000000e+00,-0.000000000000000000e+00,4.346143776234022068e-288,1.099268448798610850e-226,5.184888558318917432e-178,9.594166520283572035e-140,6.597600904042622234e-110,7.795378931480243119e-87,3.860052510888855028e-69,1.116090989640570874e-55,1.613788404880051490e-45,6.603215417080085558e-38,3.050339509956415160e-32,4.743555604001457800e-28,5.828355844279865245e-25,1.093702118114525311e-22,0.000000000000000000e+00,0.000000000000000000e+00,0.000000000000000000e+00,0.000000000000000000e+00,0.000000000000000000e+00,0.000000000000000000e+00,0.000000000000000000e+00,0.000000000000000000e+00,0.000000000000000000e+00,0.000000000000000000e+00,0.000000000000000000e+00,0.000000000000000000e+00,0.000000000000000000e+00,0.000000000000000000e+00,0.000000000000000000e+00,0.000000000000000000e+00,0.000000000000000000e+00,0.000000000000000000e+00,0.000000000000000000e+00,0.000000000000000000e+00,0.000000000000000000e+00,0.000000000000000000e+00,0.000000000000000000e+00,0.000000000000000000e+00,0.000000000000000000e+00,0.000000000000000000e+00,0.000000000000000000e+00
-0.000000000000000000e+00,-0.000000000000000000e+00,-0.000000000000000000e+00,-0.000000000000000000e+00,-0.000000000000000000e+00,-0.000000000000000000e+00,-0.000000000000000000e+00,-0.000000000000000000e+00,-0.000000000000000000e+00,-0.000000000000000000e+00,-0.000000000000000000e+00,-0.000000000000000000e+00,-0.000000000000000000e+00,-0.000000000000000000e+00,-0.000000000000000000e+00,-0.000000000000000000e+00,-0.000000000000000000e+00,-0.000000000000000000e+00,-0.000000000000000000e+00,-0.000000000000000000e+00,-0.000000000000000000e+00,-0.000000000000000000e+00,-0.000000000000000000e+00,-0.000000000000000000e+00,-0.000000000000000000e+00,-0.000000000000000000e+00,-0.000000000000000000e+00,-0.000000000000000000e+00,-0.000000000000000000e+00,-0.000000000000000000e+00,-0.000000000000000000e+00,-0.000000000000000000e+00,-0.000000000000000000e+00,-0.000000000000000000e+00,-0.000000000000000000e+00,-0.000000000000000000e+00,-0.000000000000000000e+00,-0.000000000000000000e+00,-0.000000000000000000e+00,-0.000000000000000000e+00,-0.000000000000000000e+00,-0.000000000000000000e+00,-0.000000000000000000e+00,-0.000000000000000000e+00,-0.000000000000000000e+00,-0.000000000000000000e+00,-0.000000000000000000e+00,-0.000000000000000000e+00,-0.000000000000000000e+00,-0.000000000000000000e+00,-0.000000000000000000e+00,-0.000000000000000000e+00,-0.000000000000000000e+00,-0.000000000000000000e+00,-0.000000000000000000e+00,-0.000000000000000000e+00,-0.000000000000000000e+00,-0.000000000000000000e+00,-0.000000000000000000e+00,4.346143776234022068e-288,1.099268448798610850e-226,5.184888558318917432e-178,9.594166520283572035e-140,6.597600904042622234e-110,7.795378931480243119e-87,3.860052510888855028e-69,1.116090989640570874e-55,1.613788404880051490e-45,6.603215417080085558e-38,3.050339509956415160e-32,0.000000000000000000e+00,0.000000000000000000e+00,0.000000000000000000e+00,0.000000000000000000e+00,0.000000000000000000e+00,0.000000000000000000e+00,0.000000000000000000e+00,0.000000000000000000e+00,0.000000000000000000e+00,0.000000000000000000e+00,0.000000000000000000e+00,0.000000000000000000e+00,0.000000000000000000e+00,0.000000000000000000e+00,0.000000000000000000e+00,0.000000000000000000e+00,0.000000000000000000e+00,0.000000000000000000e+00,0.000000000000000000e+00,0.000000000000000000e+00,0.000000000000000000e+00,0.000000000000000000e+00,0.000000000000000000e+00,0.000000000000000000e+00,0.000000000000000000e+00,0.000000000000000000e+00,0.000000000000000000e+00,0.000000000000000000e+00,0.000000000000000000e+00,0.000000000000000000e+00
-0.000000000000000000e+00,-0.000000000000000000e+00,-0.000000000000000000e+00,-0.000000000000000000e+00,-0.000000000000000000e+00,-0.000000000000000000e+00,-0.000000000000000000e+00,-0.000000000000000000e+00,-0.000000000000000000e+00,-0.000000000000000000e+00,-0.000000000000000000e+00,-0.000000000000000000e+00,-0.000000000000000000e+00,-0.000000000000000000e+00,-0.000000000000000000e+00,-0.000000000000000000e+00,-0.000000000000000000e+00,-0.000000000000000000e+00,-0.000000000000000000e+00,-0.000000000000000000e+00,-0.000000000000000000e+00,-0.000000000000000000e+00,-0.000000000000000000e+00,-0.000000000000000000e+00,-0.000000000000000000e+00,-0.000000000000000000e+00,-0.000000000000000000e+00,-0.000000000000000000e+00,-0.000000000000000000e+00,-0.000000000000000000e+00,-0.000000000000000000e+00,-0.000000000000000000e+00,-0.000000000000000000e+00,-0.000000000000000000e+00,-0.000000000000000000e+00,-0.000000000000000000e+00,-0.000000000000000000e+00,-0.000000000000000000e+00,-0.000000000000000000e+00,-0.000000000000000000e+00,-0.000000000000000000e+00,-0.000000000000000000e+00,-0.000000000000000000e+00,-0.000000000000000000e+00,-0.000000000000000000e+00,-0.000000000000000000e+00,-0.000000000000000000e+00,-0.000000000000000000e+00,-0.000000000000000000e+00,-0.000000000000000000e+00,-0.000000000000000000e+00,-0.000000000000000000e+00,-0.000000000000000000e+00,-0.000000000000000000e+00,-0.000000000000000000e+00,-0.000000000000000000e+00,-0.000000000000000000e+00,-0.000000000000000000e+00,-0.000000000000000000e+00,4.346143776234022068e-288,1.099268448798610850e-226,5.184888558318917432e-178,9.594166520283572035e-140,6.597600904042622234e-110,7.795378931480243119e-87,3.860052510888855028e-69,1.116090989640570874e-55,0.000000000000000000e+00,0.000000000000000000e+00,0.000000000000000000e+00,0.000000000000000000e+00,0.000000000000000000e+00,0.000000000000000000e+00,0.000000000000000000e+00,0.000000000000000000e+00,0.000000000000000000e+00,0.000000000000000000e+00,0.000000000000000000e+00,0.000000000000000000e+00,0.000000000000000000e+00,0.000000000000000000e+00,0.000000000000000000e+00,0.000000000000000000e+00,0.000000000000000000e+00,0.000000000000000000e+00,0.000000000000000000e+00,0.000000000000000000e+00,0.000000000000000000e+00,0.000000000000000000e+00,0.000000000000000000e+00,0.000000000000000000e+00,0.000000000000000000e+00,0.000000000000000000e+00,0.000000000000000000e+00,0.000000000000000000e+00,0.000000000000000000e+00,0.000000000000000000e+00,0.000000000000000000e+00,0.000000000000000000e+00,0.000000000000000000e+00
-0.000000000000000000e+00,-0.000000000000000000e+00,-0.000000000000000000e+00,-0.000000000000000000e+00,-0.000000000000000000e+00,-0.000000000000000000e+00,-0.000000000000000000e+00,-0.000000000000000000e+00,-0.000000000000000000e+00,-0.000000000000000000e+00,-0.000000000000000000e+00,-0.000000000000000000e+00,-0.000000000000000000e+00,-0.000000000000000000e+00,-0.000000000000000000e+00,-0.000000000000000000e+00,-0.000000000000000000e+00,-0.000000000000000000e+00,-0.000000000000000000e+00,-0.000000000000000000e+00,-0.000000000000000000e+00,-0.000000000000000000e+00,-0.000000000000000000e+00,-0.000000000000000000e+00,-0.000000000000000000e+00,-0.000000000000000000e+00,-0.000000000000000000e+00,-0.000000000000000000e+00,-0.000000000000000000e+00,-0.000000000000000000e+00,-0.000000000000000000e+00,-0.000000000000000000e+00,-0.000000000000000000e+00,-0.000000000000000000e+00,-0.000000000000000000e+00,-0.000000000000000000e+00,-0.000000000000000000e+00,-0.000000000000000000e+00,-0.000000000000000000e+00,-0.000000000000000000e+00,-0.000000000000000000e+00,-0.000000000000000000e+00,-0.000000000000000000e+00,-0.000000000000000000e+00,-0.000000000000000000e+00,-0.000000000000000000e+00,-0.000000000000000000e+00,-0.000000000000000000e+00,-0.000000000000000000e+00,-0.000000000000000000e+00,-0.000000000000000000e+00,-0.000000000000000000e+00,-0.000000000000000000e+00,-0.000000000000000000e+00,-0.000000000000000000e+00,-0.000000000000000000e+00,-0.000000000000000000e+00,-0.000000000000000000e+00,-0.000000000000000000e+00,4.346143776234022068e-288,1.099268448798610850e-226,5.184888558318917432e-178,9.594166520283572035e-140,6.597600904042622234e-110,0.000000000000000000e+00,0.000000000000000000e+00,0.000000000000000000e+00,0.000000000000000000e+00,0.000000000000000000e+00,0.000000000000000000e+00,0.000000000000000000e+00,0.000000000000000000e+00,0.000000000000000000e+00,0.000000000000000000e+00,0.000000000000000000e+00,0.000000000000000000e+00,0.000000000000000000e+00,0.000000000000000000e+00,0.000000000000000000e+00,0.000000000000000000e+00,0.000000000000000000e+00,0.000000000000000000e+00,0.000000000000000000e+00,0.000000000000000000e+00,0.000000000000000000e+00,0.000000000000000000e+00,0.000000000000000000e+00,0.000000000000000000e+00,0.000000000000000000e+00,0.000000000000000000e+00,0.000000000000000000e+00,0.000000000000000000e+00,0.000000000000000000e+00,0.000000000000000000e+00,0.000000000000000000e+00,0.000000000000000000e+00,0.000000000000000000e+00,0.000000000000000000e+00,0.000000000000000000e+00,0.000000000000000000e+00
-0.000000000000000000e+00,-0.000000000000000000e+00,-0.000000000000000000e+00,-0.000000000000000000e+00,-0.000000000000000000e+00,-0.000000000000000000e+00,-0.000000000000000000e+00,-0.000000000000000000e+00,-0.000000000000000000e+00,-0.000000000000000000e+00,-0.000000000000000000e+00,-0.000000000000000000e+00,-0.000000000000000000e+00,-0.000000000000000000e+00,-0.000000000000000000e+00,-0.000000000000000000e+00,-0.000000000000000000e+00,-0.000000000000000000e+00,-0.000000000000000000e+00,-0.000000000000000000e+00,-0.000000000000000000e+00,-0.000000000000000000e+00,-0.000000000000000000e+00,-0.000000000000000000e+00,-0.000000000000000000e+00,-0.000000000000000000e+00,-0.000000000000000000e+00,-0.000000000000000000e+00,-0.000000000000000000e+00,-0.000000000000000000e+00,-0.000000000000000000e+00,-0.000000000000000000e+00,-0.000000000000000000e+00,-0.000000000000000000e+00,-0.000000000000000000e+00,-0.000000000000000000e+00,-0.000000000000000000e+00,-0.000000000000000000e+00,-0.000000000000000000e+00,-0.000000000000000000e+00,-0.000000000000000000e+00,-0.000000000000000000e+00,-0.000000000000000000e+00,-0.000000000000000000e+00,-0.000000000000000000e+00,-0.000000000000000000e+00,-0.000000000000000000e+00,-0.000000000000000000e+00,-0.000000000000000000e+00,-0.000000000000000000e+00,-0.000000000000000000e+00,-0.000000000000000000e+00,-0.000000000000000000e+00,-0.000000000000000000e+00,-0.000000000000000000e+00,-0.000000000000000000e+00,-0.000000000000000000e+00,-0.000000000000000000e+00,-0.000000000000000000e+00,4.346143776234022068e-288,1.099268448798610850e-226,0.000000000000000000e+00,0.000000000000000000e+00,0.000000000000000000e+00,0.000000000000000000e+00,0.000000000000000000e+00,0.000000000000000000e+00,0.000000000000000000e+00,0.000000000000000000e+00,0.000000000000000000e+00,0.000000000000000000e+00,0.000000000000000000e+00,0.000000000000000000e+00,0.000000000000000000e+00,0.000000000000000000e+00,0.000000000000000000e+00,0.000000000000000000e+00,0.000000000000000000e+00,0.000000000000000000e+00,0.000000000000000000e+00,0.000000000000000000e+00,0.000000000000000000e+00,0.000000000000000000e+00,0.000000000000000000e+00,0.000000000000000000e+00,0.000000000000000000e+00,0.000000000000000000e+00,0.000000000000000000e+00,0.000000000000000000e+00,0.000000000000000000e+00,0.000000000000000000e+00,0.000000000000000000e+00,0.000000000000000000e+00,0.000000000000000000e+00,0.000000000000000000e+00,0.000000000000000000e+00,0.000000000000000000e+00,0.000000000000000000e+00,0.000000000000000000e+00,0.000000000000000000e+00
-0.000000000000000000e+00,-0.000000000000000000e+00,-0.000000000000000000e+00,-0.000000000000000000e+00,-0.000000000000000000e+00,-0.000000000000000000e+00,-0.000000000000000000e+00,-0.000000000000000000e+00,-0.000000000000000000e+00,-0.000000000000000000e+00,-0.000000000000000000e+00,-0.000000000000000000e+00,-0.000000000000000000e+00,-0.000000000000000000e+00,-0.000000000000000000e+00,-0.000000000000000000e+00,-0.000000000000000000e+00,-0.000000000000000000e+00,-0.000000000000000000e+00,-0.000000000000000000e+00,-0.000000000000000000e+00,-0.000000000000000000e+00,-0.000000000000000000e+00,-0.000000000000000000e+00,-0.000000000000000000e+00,-0.000000000000000000e+00,-0.000000000000000000e+00,-0.000000000000000000e+00,-0.000000000000000000e+00,-0.000000000000000000e+00,-0.000000000000000000e+00,-0.000000000000000000e+00,-0.000000000000000000e+00,-0.000000000000000000e+00,-0.000000000000000000e+00,-0.000000000000000000e+00,-0.000000000000000000e+00,-0.000000000000000000e+00,-0.000000000000000000e+00,-0.000000000000000000e+00,-0.000000000000000000e+00,-0.000000000000000000e+00,-0.000000000000000000e+00,-0.000000000000000000e+00,-0.000000000000000000e+00,-0.000000000000000000e+00,-0.000000000000000000e+00,-0.000000000000000000e+00,-0.000000000000000000e+00,-0.000000000000000000e+00,-0.000000000000000000e+00,-0.000000000000000000e+00,-0.000000000000000000e+00,-0.000000000000000000e+00,-0.000000000000000000e+00,-0.000000000000000000e+00,-0.000000000000000000e+00,-0.000000000000000000e+00,-0.000000000000000000e+00,0.000000000000000000e+00,0.000000000000000000e+00,0.000000000000000000e+00,0.000000000000000000e+00,0.000000000000000000e+00,0.000000000000000000e+00,0.000000000000000000e+00,0.000000000000000000e+00,0.000000000000000000e+00,0.000000000000000000e+00,0.000000000000000000e+00,0.000000000000000000e+00,0.000000000000000000e+00,0.000000000000000000e+00,0.000000000000000000e+00,0.000000000000000000e+00,0.000000000000000000e+00,0.000000000000000000e+00,0.000000000000000000e+00,0.000000000000000000e+00,0.000000000000000000e+00,0.000000000000000000e+00,0.000000000000000000e+00,0.000000000000000000e+00,0.000000000000000000e+00,0.000000000000000000e+00,0.000000000000000000e+00,0.000000000000000000e+00,0.000000000000000000e+00,0.000000000000000000e+00,0.000000000000000000e+00,0.000000000000000000e+00,0.000000000000000000e+00,0.000000000000000000e+00,0.000000000000000000e+00,0.000000000000000000e+00,0.000000000000000000e+00,0.000000000000000000e+00,0.000000000000000000e+00,0.000000000000000000e+00,0.000000000000000000e+00
-0.000000000000000000e+00,-0.000000000000000000e+00,-0.000000000000000000e+00,-0.000000000000000000e+00,-0.000000000000000000e+00,-0.000000000000000000e+00,-0.000000000000000000e+00,-0.000000000000000000e+00,-0.000000000000000000e+00,-0.000000000000000000e+00,-0.000000000000000000e+00,-0.000000000000000000e+00,-0.000000000000000000e+00,-0.000000000000000000e+00,-0.000000000000000000e+00,-0.000000000000000000e+00,-0.000000000000000000e+00,-0.000000000000000000e+00,-0.000000000000000000e+00,-0.000000000000000000e+00,-0.000000000000000000e+00,-0.000000000000000000e+00,-0.000000000000000000e+00,-0.000000000000000000e+00,-0.000000000000000000e+00,-0.000000000000000000e+00,-0.000000000000000000e+00,-0.000000000000000000e+00,-0.000000000000000000e+00,-0.000000000000000000e+00,-0.000000000000000000e+00,-0.000000000000000000e+00,-0.000000000000000000e+00,-0.000000000000000000e+00,-0.000000000000000000e+00,-0.000000000000000000e+00,-0.000000000000000000e+00,-0.000000000000000000e+00,-0.000000000000000000e+00,-0.000000000000000000e+00,-0.000000000000000000e+00,-0.000000000000000000e+00,-0.000000000000000000e+00,-0.000000000000000000e+00,-0.000000000000000000e+00,-0.000000000000000000e+00,-0.000000000000000000e+00,-0.000000000000000000e+00,-0.000000000000000000e+00,-0.000000000000000000e+00,-0.000000000000000000e+00,-0.000000000000000000e+00,-0.000000000000000000e+00,-0.000000000000000000e+00,-0.000000000000000000e+00,-0.000000000000000000e+00,-0.000000000000000000e+00,-0.000000000000000000e+00,0.000000000000000000e+00,0.000000000000000000e+00,0.000000000000000000e+00,0.000000000000000000e+00,0.000000000000000000e+00,0.000000000000000000e+00,0.000000000000000000e+00,0.000000000000000000e+00,0.000000000000000000e+00,0.000000000000000000e+00,0.000000000000000000e+00,0.000000000000000000e+00,0.000000000000000000e+00,0.000000000000000000e+00,0.000000000000000000e+00,0.000000000000000000e+00,0.000000000000000000e+00,0.000000000000000000e+00,0.000000000000000000e+00,0.000000000000000000e+00,0.000000000000000000e+00,0.000000000000000000e+00,0.000000000000000000e+00,0.000000000000000000e+00,0.000000000000000000e+00,0.000000000000000000e+00,0.000000000000000000e+00,0.000000000000000000e+00,0.000000000000000000e+00,0.000000000000000000e+00,0.000000000000000000e+00,0.000000000000000000e+00,0.000000000000000000e+00,0.000000000000000000e+00,0.000000000000000000e+00,0.000000000000000000e+00,0.000000000000000000e+00,0.000000000000000000e+00,0.000000000000000000e+00,0.000000000000000000e+00,0.000000000000000000e+00,0.000000000000000000e+00
