9.999999999999999293e-41,9.999999999999999293e-41,9.999999999999999293e-41,9.999999999999999293e-41,9.999999999999999293e-41,9.999999999999999293e-41,9.999999999999999293e-41,9.999999999999999293e-41,9.999999999999999293e-41,9.999999999999999293e-41,9.999999999999999293e-41,9.999999999999999293e-41,9.999999999999999293e-41,9.999999999999999293e-41,9.999999999999999293e-41,9.999999999999999293e-41,9.999999999999999293e-41,9.999999999999999293e-41,9.999999999999999293e-41,9.999999999999999293e-41,9.999999999999999293e-41,9.999999999999999293e-41,9.999999999999999293e-41,9.999999999999999293e-41,9.999999999999999293e-41,9.999999999999999293e-41,9.999999999999999293e-41,9.999999999999999293e-41,9.999999999999999293e-41,2.604557236571342052e-17,2.402680708249115131e-16,1.509881569221406816e-15,6.913818624707243710e-15,2.460694088986297692e-14,7.225478626894119040e-14,1.844662987462217925e-13,4.279188951097519700e-13,9.346503131203885285e-13,1.976122396678047544e-12,4.129869589356600236e-12,8.676812338413026246e-12,1.901640891145096245e-11,4.729674067047393977e-11,1.330739677077418404e-10,3.807083020515313215e-10,1.053002136631957329e-09,2.841994430294469382e-09,7.657255543541418355e-09,2.097728060850708933e-08,5.912312097232470221e-08,1.726277118664816571e-07,5.243184689237803533e-07,1.661061239931223754e-06,5.497271838499108646e-06,1.902361339437786346e-05,6.890979632823997615e-05,2.615563662528321270e-04,1.041224944904555741e-03,4.350136253299060653e-03,1.907087849094389262e-02,8.747743834669689800e-02,0.000000000000000000e+00,0.000000000000000000e+00,0.000000000000000000e+00,0.000000000000000000e+00,0.000000000000000000e+00,0.000000000000000000e+00,0.000000000000000000e+00,0.000000000000000000e+00,0.000000000000000000e+00,0.000000000000000000e+00,0.000000000000000000e+00,0.000000000000000000e+00,0.000000000000000000e+00,0.000000000000000000e+00,0.000000000000000000e+00,0.000000000000000000e+00,0.000000000000000000e+00,0.000000000000000000e+00,0.000000000000000000e+00,0.000000000000000000e+00,0.000000000000000000e+00,0.000000000000000000e+00,0.000000000000000000e+00,0.000000000000000000e+00,0.000000000000000000e+00,0.000000000000000000e+00,0.000000000000000000e+00,0.000000000000000000e+00,0.000000000000000000e+00,0.000000000000000000e+00,0.000000000000000000e+00,0.000000000000000000e+00,0.000000000000000000e+00,0.000000000000000000e+00,0.000000000000000000e+00,0.000000000000000000e+00,0.000000000000000000e+00,0.000000000000000000e+00,0.000000000000000000e+00
9.999999999999999293e-41,9.999999999999999293e-41,9.999999999999999293e-41,9.999999999999999293e-41,9.999999999999999293e-41,9.999999999999999293e-41,9.999999999999999293e-41,9.999999999999999293e-41,9.999999999999999293e-41,9.999999999999999293e-41,9.999999999999999293e-41,9.999999999999999293e-41,9.999999999999999293e-41,9.999999999999999293e-41,9.999999999999999293e-41,9.999999999999999293e-41,9.999999999999999293e-41,9.999999999999999293e-41,9.999999999999999293e-41,9.999999999999999293e-41,9.999999999999999293e-41,9.999999999999999293e-41,9.999999999999999293e-41,9.999999999999999293e-41,9.999999999999999293e-41,9.999999999999999293e-41,9.999999999999999293e-41,9.999999999999999293e-41,9.999999999999999293e-41,1.334884110344790286e-17,1.159032087055373677e-16,7.146092002268863912e-16,3.367266952677266258e-15,1.271761677772718755e-14,3.996247965414620337e-14,1.084609355260798027e-13,2.641010390504890180e-13,5.975865852739076614e-13,1.294491047008684149e-12,2.748662343177244132e-12,5.823885064798917195e-12,1.247379499032869794e-11,2.725679503505377480e-11,6.146647555713673165e-11,1.524335312602043054e-10,4.501441355080067936e-10,1.429429534067054205e-09,4.390947057060725935e-09,1.299554840125425166e-08,3.811205571821416997e-08,1.134080199062564800e-07,3.473971397853157429e-07,1.104286777970188737e-06,3.658448798053953643e-06,1.266378222397012736e-05,4.587559595562439865e-05,1.741305123129808716e-04,6.931993089320868636e-04,2.896121337070469391e-03,1.269649275125249444e-02,5.823879365185822415e-02,0.000000000000000000e+00,0.000000000000000000e+00,0.000000000000000000e+00,0.000000000000000000e+00,0.000000000000000000e+00,0.000000000000000000e+00,0.000000000000000000e+00,0.000000000000000000e+00,0.000000000000000000e+00,0.000000000000000000e+00,0.000000000000000000e+00,0.000000000000000000e+00,0.000000000000000000e+00,0.000000000000000000e+00,0.000000000000000000e+00,0.000000000000000000e+00,0.000000000000000000e+00,0.000000000000000000e+00,0.000000000000000000e+00,0.000000000000000000e+00,0.000000000000000000e+00,0.000000000000000000e+00,0.000000000000000000e+00,0.000000000000000000e+00,0.000000000000000000e+00,0.000000000000000000e+00,0.000000000000000000e+00,0.000000000000000000e+00,0.000000000000000000e+00,0.000000000000000000e+00,0.000000000000000000e+00,0.000000000000000000e+00,0.000000000000000000e+00,0.000000000000000000e+00,0.000000000000000000e+00,0.000000000000000000e+00,0.000000000000000000e+00,0.000000000000000000e+00,0.000000000000000000e+00
9.999999999999999293e-41,9.999999999999999293e-41,9.999999999999999293e-41,9.999999999999999293e-41,9.999999999999999293e-41,9.999999999999999293e-41,9.999999999999999293e-41,9.999999999999999293e-41,9.999999999999999293e-41,9.999999999999999293e-41,9.999999999999999293e-41,9.999999999999999293e-41,9.999999999999999293e-41,9.999999999999999293e-41,9.999999999999999293e-41,9.999999999999999293e-41,9.999999999999999293e-41,9.999999999999999293e-41,9.999999999999999293e-41,9.999999999999999293e-41,9.999999999999999293e-41,9.999999999999999293e-41,9.999999999999999293e-41,9.999999999999999293e-41,9.999999999999999293e-41,9.999999999999999293e-41,9.999999999999999293e-41,9.999999999999999293e-41,9.999999999999999293e-41,1.325642325224519021e-17,1.140321871436407652e-16,6.954615334110477528e-16,3.257448247498683420e-15,1.232079118482385225e-14,3.896561377214996411e-14,1.065947888441741274e-13,2.614215971751562215e-13,5.948292928975622040e-13,1.293643319988709456e-12,2.754191424011080551e-12,5.845488287982191959e-12,1.253310853764759283e-11,2.740236876238485123e-11,6.164385863142029182e-11,1.496489753130768802e-10,4.317200500313933133e-10,1.378833539611032933e-09,4.302113793033825800e-09,1.288011369765219842e-08,3.801584473379384474e-08,1.134772346615579503e-07,3.481105909776328094e-07,1.107247490043370276e-06,3.669211415042288083e-06,1.270237247530574239e-05,4.601730813836644969e-05,1.746706229482027398e-04,6.953524614685707055e-04,2.905117310082518719e-03,1.273604225436549692e-02,5.841970115012191933e-02,0.000000000000000000e+00,0.000000000000000000e+00,0.000000000000000000e+00,0.000000000000000000e+00,0.000000000000000000e+00,0.000000000000000000e+00,0.000000000000000000e+00,0.000000000000000000e+00,0.000000000000000000e+00,0.000000000000000000e+00,0.000000000000000000e+00,0.000000000000000000e+00,0.000000000000000000e+00,0.000000000000000000e+00,0.000000000000000000e+00,0.000000000000000000e+00,0.000000000000000000e+00,0.000000000000000000e+00,0.000000000000000000e+00,0.000000000000000000e+00,0.000000000000000000e+00,0.000000000000000000e+00,0.000000000000000000e+00,0.000000000000000000e+00,0.000000000000000000e+00,0.000000000000000000e+00,0.000000000000000000e+00,0.000000000000000000e+00,0.000000000000000000e+00,0.000000000000000000e+00,0.000000000000000000e+00,0.000000000000000000e+00,0.000000000000000000e+00,0.000000000000000000e+00,0.000000000000000000e+00,0.000000000000000000e+00,0.000000000000000000e+00,0.000000000000000000e+00,0.000000000000000000e+00
9.999999999999999293e-41,9.999999999999999293e-41,9.999999999999999293e-41,9.999999999999999293e-41,9.999999999999999293e-41,9.999999999999999293e-41,9.999999999999999293e-41,9.999999999999999293e-41,9.999999999999999293e-41,9.999999999999999293e-41,9.999999999999999293e-41,9.999999999999999293e-41,9.999999999999999293e-41,9.999999999999999293e-41,9.999999999999999293e-41,9.999999999999999293e-41,9.999999999999999293e-41,9.999999999999999293e-41,9.999999999999999293e-41,9.999999999999999293e-41,9.999999999999999293e-41,9.999999999999999293e-41,9.999999999999999293e-41,9.999999999999999293e-41,9.999999999999999293e-41,9.999999999999999293e-41,9.999999999999999293e-41,9.999999999999999293e-41,9.999999999999999293e-41,1.319007480803161882e-17,1.125773371936280030e-16,6.789601093529480565e-16,3.154499158386787373e-15,1.192099331487225804e-14,3.789136344546402045e-14,1.044213934053847455e-13,2.579061631429490672e-13,5.901618884313302052e-13,1.288749500582909342e-12,2.751349787516293462e-12,5.849785515639589553e-12,1.255592179753002689e-11,2.746979358253661489e-11,6.174759753020348479e-11,1.479647449188135843e-10,4.178620187187792722e-10,1.333065351673001529e-09,4.199893583275889050e-09,1.267743639531559689e-08,3.759461060914895350e-08,1.124839840550554853e-07,3.454370360832515825e-07,1.099255836457113500e-06,3.643458019371945934e-06,1.261416607398869278e-05,4.569887682877185018e-05,1.734635406088713379e-04,6.905453138896800727e-04,2.885028788648004092e-03,1.264785389829983613e-02,5.801390378622833105e-02,0.000000000000000000e+00,0.000000000000000000e+00,0.000000000000000000e+00,0.000000000000000000e+00,0.000000000000000000e+00,0.000000000000000000e+00,0.000000000000000000e+00,0.000000000000000000e+00,0.000000000000000000e+00,0.000000000000000000e+00,0.000000000000000000e+00,0.000000000000000000e+00,0.000000000000000000e+00,0.000000000000000000e+00,0.000000000000000000e+00,0.000000000000000000e+00,0.000000000000000000e+00,0.000000000000000000e+00,0.000000000000000000e+00,0.000000000000000000e+00,0.000000000000000000e+00,0.000000000000000000e+00,0.000000000000000000e+00,0.000000000000000000e+00,0.000000000000000000e+00,0.000000000000000000e+00,0.000000000000000000e+00,0.000000000000000000e+00,0.000000000000000000e+00,0.000000000000000000e+00,0.000000000000000000e+00,0.000000000000000000e+00,0.000000000000000000e+00,0.000000000000000000e+00,0.000000000000000000e+00,0.000000000000000000e+00,0.000000000000000000e+00,0.000000000000000000e+00,0.000000000000000000e+00
9.999999999999999293e-41,9.999999999999999293e-41,9.999999999999999293e-41,9.999999999999999293e-41,9.999999999999999293e-41,9.999999999999999293e-41,9.999999999999999293e-41,9.999999999999999293e-41,9.999999999999999293e-41,9.999999999999999293e-41,9.999999999999999293e-41,9.999999999999999293e-41,9.999999999999999293e-41,9.999999999999999293e-41,9.999999999999999293e-41,9.999999999999999293e-41,9.999999999999999293e-41,9.999999999999999293e-41,9.999999999999999293e-41,9.999999999999999293e-41,9.999999999999999293e-41,9.999999999999999293e-41,9.999999999999999293e-41,9.999999999999999293e-41,9.999999999999999293e-41,9.999999999999999293e-41,9.999999999999999293e-41,9.999999999999999293e-41,9.999999999999999293e-41,1.316558462256056809e-17,1.125247986819390543e-16,6.794975281319786074e-16,3.156338397239136539e-15,1.190275672945336748e-14,3.771131525402820705e-14,1.035845488747932028e-13,2.551341336962406592e-13,5.826133551308742067e-13,1.270436764012146276e-12,2.709636713435241454e-12,5.757606120217575241e-12,1.235340024294060921e-11,2.702121968897534051e-11,6.090261965853236423e-11,1.495059429637359107e-10,4.324528303658046336e-10,1.353167896489762026e-09,4.129740713496539090e-09,1.219088800427451915e-08,3.571409122047067603e-08,1.062233175439003127e-07,3.253191811946447279e-07,1.033988900820336100e-06,3.425350518084598398e-06,1.185635815534024766e-05,4.294893166501884450e-05,1.630153748715794946e-04,6.489263382363467817e-04,2.711044295303226877e-03,1.188471511068818140e-02,5.451192522741477031e-02,0.000000000000000000e+00,0.000000000000000000e+00,0.000000000000000000e+00,0.000000000000000000e+00,0.000000000000000000e+00,0.000000000000000000e+00,0.000000000000000000e+00,0.000000000000000000e+00,0.000000000000000000e+00,0.000000000000000000e+00,0.000000000000000000e+00,0.000000000000000000e+00,0.000000000000000000e+00,0.000000000000000000e+00,0.000000000000000000e+00,0.000000000000000000e+00,0.000000000000000000e+00,0.000000000000000000e+00,0.000000000000000000e+00,0.000000000000000000e+00,0.000000000000000000e+00,0.000000000000000000e+00,0.000000000000000000e+00,0.000000000000000000e+00,0.000000000000000000e+00,0.000000000000000000e+00,0.000000000000000000e+00,0.000000000000000000e+00,0.000000000000000000e+00,0.000000000000000000e+00,0.000000000000000000e+00,0.000000000000000000e+00,0.000000000000000000e+00,0.000000000000000000e+00,0.000000000000000000e+00,0.000000000000000000e+00,0.000000000000000000e+00,0.000000000000000000e+00,0.000000000000000000e+00
9.999999999999999293e-41,9.999999999999999293e-41,9.999999999999999293e-41,9.999999999999999293e-41,9.999999999999999293e-41,9.999999999999999293e-41,9.999999999999999293e-41,9.999999999999999293e-41,9.999999999999999293e-41,9.999999999999999293e-41,9.999999999999999293e-41,9.999999999999999293e-41,9.999999999999999293e-41,9.999999999999999293e-41,9.999999999999999293e-41,9.999999999999999293e-41,9.999999999999999293e-41,9.999999999999999293e-41,9.999999999999999293e-41,9.999999999999999293e-41,9.999999999999999293e-41,9.999999999999999293e-41,9.999999999999999293e-41,9.999999999999999293e-41,9.999999999999999293e-41,9.999999999999999293e-41,9.999999999999999293e-41,9.999999999999999293e-41,9.999999999999999293e-41,1.316250797982529047e-17,1.145709361539709119e-16,7.039068589695617892e-16,3.279318821605051919e-15,1.218477969547059184e-14,3.764884804785427936e-14,1.007181296712764429e-13,2.425482322552016038e-13,5.444929577670815808e-13,1.173153701918322939e-12,2.482268417115547029e-12,5.247652132722527276e-12,1.122498820671360463e-11,2.466199157829009363e-11,5.863795933298834924e-11,1.583117568546299029e-10,4.541762668275266635e-10,1.290249273461550707e-09,3.603104753820293914e-09,1.007096660400782797e-08,2.867142329218755379e-08,8.410725875900526942e-08,2.559562763507773748e-07,8.112150045355264856e-07,2.683911786613867246e-06,9.284234988327890110e-06,3.362006881204413649e-05,1.275766388961162821e-04,5.077468115566402497e-04,2.120823237071950158e-03,9.295494046253472906e-03,4.262830632794543939e-02,0.000000000000000000e+00,0.000000000000000000e+00,0.000000000000000000e+00,0.000000000000000000e+00,0.000000000000000000e+00,0.000000000000000000e+00,0.000000000000000000e+00,0.000000000000000000e+00,0.000000000000000000e+00,0.000000000000000000e+00,0.000000000000000000e+00,0.000000000000000000e+00,0.000000000000000000e+00,0.000000000000000000e+00,0.000000000000000000e+00,0.000000000000000000e+00,0.000000000000000000e+00,0.000000000000000000e+00,0.000000000000000000e+00,0.000000000000000000e+00,0.000000000000000000e+00,0.000000000000000000e+00,0.000000000000000000e+00,0.000000000000000000e+00,0.000000000000000000e+00,0.000000000000000000e+00,0.000000000000000000e+00,0.000000000000000000e+00,0.000000000000000000e+00,0.000000000000000000e+00,0.000000000000000000e+00,0.000000000000000000e+00,0.000000000000000000e+00,0.000000000000000000e+00,0.000000000000000000e+00,0.000000000000000000e+00,0.000000000000000000e+00,0.000000000000000000e+00,0.000000000000000000e+00
9.999999999999999293e-41,9.999999999999999293e-41,9.999999999999999293e-41,9.999999999999999293e-41,9.999999999999999293e-41,9.999999999999999293e-41,9.999999999999999293e-41,9.999999999999999293e-41,9.999999999999999293e-41,9.999999999999999293e-41,9.999999999999999293e-41,9.999999999999999293e-41,9.999999999999999293e-41,9.999999999999999293e-41,9.999999999999999293e-41,9.999999999999999293e-41,9.999999999999999293e-41,9.999999999999999293e-41,9.999999999999999293e-41,9.999999999999999293e-41,9.999999999999999293e-41,9.999999999999999293e-41,9.999999999999999293e-41,9.999999999999999293e-41,9.999999999999999293e-41,9.999999999999999293e-41,9.999999999999999293e-41,9.999999999999999293e-41,9.999999999999999293e-41,1.292138165122761247e-17,1.141573008090522519e-16,6.942325377233449410e-16,3.111874149345355751e-15,1.093930879454039315e-14,3.190975952819399816e-14,8.119237198041652924e-14,1.880251538255434831e-13,4.102901732919911459e-13,8.669119024657509627e-13,1.810742306189488119e-12,3.796893510280710362e-12,8.134682541160585291e-12,1.868232232550553260e-11,4.787859280416852082e-11,1.300712148300587739e-10,3.528157763951256388e-10,9.459905711281081060e-10,2.542395047846840080e-09,6.955425372670572969e-09,1.958229494640831574e-08,5.711781409929602063e-08,1.732931969198104796e-07,5.482289524551378974e-07,1.811451302661355804e-06,6.259325790978429040e-06,2.264253649287527247e-05,8.583071079538058545e-05,3.412385617128235000e-04,1.423769602735495705e-03,6.233377601352011604e-03,2.855490165597664859e-02,0.000000000000000000e+00,0.000000000000000000e+00,0.000000000000000000e+00,0.000000000000000000e+00,0.000000000000000000e+00,0.000000000000000000e+00,0.000000000000000000e+00,0.000000000000000000e+00,0.000000000000000000e+00,0.000000000000000000e+00,0.000000000000000000e+00,0.000000000000000000e+00,0.000000000000000000e+00,0.000000000000000000e+00,0.000000000000000000e+00,0.000000000000000000e+00,0.000000000000000000e+00,0.000000000000000000e+00,0.000000000000000000e+00,0.000000000000000000e+00,0.000000000000000000e+00,0.000000000000000000e+00,0.000000000000000000e+00,0.000000000000000000e+00,0.000000000000000000e+00,0.000000000000000000e+00,0.000000000000000000e+00,0.000000000000000000e+00,0.000000000000000000e+00,0.000000000000000000e+00,0.000000000000000000e+00,0.000000000000000000e+00,0.000000000000000000e+00,0.000000000000000000e+00,0.000000000000000000e+00,0.000000000000000000e+00,0.000000000000000000e+00,0.000000000000000000e+00,0.000000000000000000e+00
9.999999999999999293e-41,9.999999999999999293e-41,9.999999999999999293e-41,9.999999999999999293e-41,9.999999999999999293e-41,9.999999999999999293e-41,9.999999999999999293e-41,9.999999999999999293e-41,9.999999999999999293e-41,9.999999999999999293e-41,9.999999999999999293e-41,9.999999999999999293e-41,9.999999999999999293e-41,9.999999999999999293e-41,9.999999999999999293e-41,9.999999999999999293e-41,9.999999999999999293e-41,9.999999999999999293e-41,9.999999999999999293e-41,9.999999999999999293e-41,9.999999999999999293e-41,9.999999999999999293e-41,9.999999999999999293e-41,9.999999999999999293e-41,9.999999999999999293e-41,9.999999999999999293e-41,9.999999999999999293e-41,9.999999999999999293e-41,9.999999999999999293e-41,9.368702094402210174e-18,8.043895834344263193e-17,4.795855096583559667e-16,2.123698389328140252e-15,7.415697205109953693e-15,2.155756111501455900e-14,5.475279465394810403e-14,1.266401597995422904e-13,2.760001805624145865e-13,5.822858222895749533e-13,1.213935854292417108e-12,2.539267580205238939e-12,5.395551067989583099e-12,1.198877518738427689e-11,2.962705002361504548e-11,8.074135144085052970e-11,2.244639317240102204e-10,6.147099326937103958e-10,1.671601334778896431e-09,4.593147792912813423e-09,1.292992391838777953e-08,3.761661716615211577e-08,1.136814553971893861e-07,3.579726986176301291e-07,1.176801541567766060e-06,4.044431688293767485e-06,1.454799073378754883e-05,5.482380126573808586e-05,2.166399410179617924e-04,8.982421574480917246e-04,3.907546337568848331e-03,1.779005429322310511e-02,0.000000000000000000e+00,0.000000000000000000e+00,0.000000000000000000e+00,0.000000000000000000e+00,0.000000000000000000e+00,0.000000000000000000e+00,0.000000000000000000e+00,0.000000000000000000e+00,0.000000000000000000e+00,0.000000000000000000e+00,0.000000000000000000e+00,0.000000000000000000e+00,0.000000000000000000e+00,0.000000000000000000e+00,0.000000000000000000e+00,0.000000000000000000e+00,0.000000000000000000e+00,0.000000000000000000e+00,0.000000000000000000e+00,0.000000000000000000e+00,0.000000000000000000e+00,0.000000000000000000e+00,0.000000000000000000e+00,0.000000000000000000e+00,0.000000000000000000e+00,0.000000000000000000e+00,0.000000000000000000e+00,0.000000000000000000e+00,0.000000000000000000e+00,0.000000000000000000e+00,0.000000000000000000e+00,0.000000000000000000e+00,0.000000000000000000e+00,0.000000000000000000e+00,0.000000000000000000e+00,0.000000000000000000e+00,0.000000000000000000e+00,0.000000000000000000e+00,0.000000000000000000e+00
9.999999999999999293e-41,9.999999999999999293e-41,9.999999999999999293e-41,9.999999999999999293e-41,9.999999999999999293e-41,9.999999999999999293e-41,9.999999999999999293e-41,9.999999999999999293e-41,9.999999999999999293e-41,9.999999999999999293e-41,9.999999999999999293e-41,9.999999999999999293e-41,9.999999999999999293e-41,9.999999999999999293e-41,9.999999999999999293e-41,9.999999999999999293e-41,9.999999999999999293e-41,9.999999999999999293e-41,9.999999999999999293e-41,9.999999999999999293e-41,9.999999999999999293e-41,9.999999999999999293e-41,9.999999999999999293e-41,9.999999999999999293e-41,9.999999999999999293e-41,9.999999999999999293e-41,9.999999999999999293e-41,9.999999999999999293e-41,9.999999999999999293e-41,5.528614641867325249e-18,4.459697084382601220e-17,2.522731615325752300e-16,1.068087936971841594e-15,3.593284574344409108e-15,1.013753494650566683e-14,2.514066502249380474e-14,5.702965015782176972e-14,1.222302248718847772e-13,2.539306064976652223e-13,5.214469773236822484e-13,1.074433355454394438e-12,2.265708501466254768e-12,5.119711744721605418e-12,1.271318318469989344e-11,3.309082505345251803e-11,8.621942812049067580e-11,2.233608580186627286e-10,5.821196540903868746e-10,1.546383875149590221e-09,4.227034186388822147e-09,1.196125058053318855e-08,3.516743663897529799e-08,1.076790013455493254e-07,3.439101098637701450e-07,1.147131386277605229e-06,4.000310162029823888e-06,1.459807187018819618e-05,5.579629573865443052e-05,2.235313763585625722e-04,9.388860365739402697e-04,4.129413931907432479e-03,1.889396048888374036e-02,0.000000000000000000e+00,0.000000000000000000e+00,0.000000000000000000e+00,0.000000000000000000e+00,0.000000000000000000e+00,0.000000000000000000e+00,0.000000000000000000e+00,0.000000000000000000e+00,0.000000000000000000e+00,0.000000000000000000e+00,0.000000000000000000e+00,0.000000000000000000e+00,0.000000000000000000e+00,0.000000000000000000e+00,0.000000000000000000e+00,0.000000000000000000e+00,0.000000000000000000e+00,0.000000000000000000e+00,0.000000000000000000e+00,0.000000000000000000e+00,0.000000000000000000e+00,0.000000000000000000e+00,0.000000000000000000e+00,0.000000000000000000e+00,0.000000000000000000e+00,0.000000000000000000e+00,0.000000000000000000e+00,0.000000000000000000e+00,0.000000000000000000e+00,0.000000000000000000e+00,0.000000000000000000e+00,0.000000000000000000e+00,0.000000000000000000e+00,0.000000000000000000e+00,0.000000000000000000e+00,0.000000000000000000e+00,0.000000000000000000e+00,0.000000000000000000e+00
9.999999999999999293e-41,9.999999999999999293e-41,9.999999999999999293e-41,9.999999999999999293e-41,9.999999999999999293e-41,9.999999999999999293e-41,9.999999999999999293e-41,9.999999999999999293e-41,9.999999999999999293e-41,9.999999999999999293e-41,9.999999999999999293e-41,9.999999999999999293e-41,9.999999999999999293e-41,9.999999999999999293e-41,9.999999999999999293e-41,9.999999999999999293e-41,9.999999999999999293e-41,9.999999999999999293e-41,9.999999999999999293e-41,9.999999999999999293e-41,9.999999999999999293e-41,9.999999999999999293e-41,9.999999999999999293e-41,9.999999999999999293e-41,9.999999999999999293e-41,9.999999999999999293e-41,9.999999999999999293e-41,9.999999999999999293e-41,9.999999999999999293e-41,4.570784700714893150e-18,3.434207437968123929e-17,1.858061168139666846e-16,7.677773541292667782e-16,2.554493624881777320e-15,7.177057023099901953e-15,1.776655332710972422e-14,4.020054931985005702e-14,8.574651609700405139e-14,1.767523269698368322e-13,3.590299200730244377e-13,7.293412122980758354e-13,1.498213803226957694e-12,3.152598010323809967e-12,7.037643427204222113e-12,1.719591728954191165e-11,4.445289411078057300e-11,1.160545111689402428e-10,3.025626822002745115e-10,7.950025804924602823e-10,2.130799634301845761e-09,5.878169525952470799e-09,1.678631890205359794e-08,4.979717498389909351e-08,1.537970917786287336e-07,4.952780316339366925e-07,1.665030459055217865e-06,5.849222789737817599e-06,2.149188591568573230e-05,8.265962184721825905e-05,3.329520779995406030e-04,1.404082383346231134e-03,6.179144008013151036e-03,0.000000000000000000e+00,0.000000000000000000e+00,0.000000000000000000e+00,0.000000000000000000e+00,0.000000000000000000e+00,0.000000000000000000e+00,0.000000000000000000e+00,0.000000000000000000e+00,0.000000000000000000e+00,0.000000000000000000e+00,0.000000000000000000e+00,0.000000000000000000e+00,0.000000000000000000e+00,0.000000000000000000e+00,0.000000000000000000e+00,0.000000000000000000e+00,0.000000000000000000e+00,0.000000000000000000e+00,0.000000000000000000e+00,0.000000000000000000e+00,0.000000000000000000e+00,0.000000000000000000e+00,0.000000000000000000e+00,0.000000000000000000e+00,0.000000000000000000e+00,0.000000000000000000e+00,0.000000000000000000e+00,0.000000000000000000e+00,0.000000000000000000e+00,0.000000000000000000e+00,0.000000000000000000e+00,0.000000000000000000e+00,0.000000000000000000e+00,0.000000000000000000e+00,0.000000000000000000e+00,0.000000000000000000e+00,0.000000000000000000e+00,0.000000000000000000e+00
9.999999999999999293e-41,9.999999999999999293e-41,9.999999999999999293e-41,9.999999999999999293e-41,9.999999999999999293e-41,9.999999999999999293e-41,9.999999999999999293e-41,9.999999999999999293e-41,9.999999999999999293e-41,9.999999999999999293e-41,9.999999999999999293e-41,9.999999999999999293e-41,9.999999999999999293e-41,9.999999999999999293e-41,9.999999999999999293e-41,9.999999999999999293e-41,9.999999999999999293e-41,9.999999999999999293e-41,9.999999999999999293e-41,9.999999999999999293e-41,9.999999999999999293e-41,9.999999999999999293e-41,9.999999999999999293e-41,9.999999999999999293e-41,9.999999999999999293e-41,9.999999999999999293e-41,9.999999999999999293e-41,9.999999999999999293e-41,9.999999999999999293e-41,3.655472604655792632e-18,2.592392413021312063e-17,1.341609217064816367e-16,5.349464692183105207e-16,1.728976577779356323e-15,4.744611936988767297e-15,1.151896988881293662e-14,2.563212670128106204e-14,5.384086662280880491e-14,1.093280156626341584e-13,2.186527493190632733e-13,4.370493519538715605e-13,8.875906589466236731e-13,1.888100784216901219e-12,4.295979731960135044e-12,1.023416183100034305e-11,2.476089296435336442e-11,6.026476532705959978e-11,1.483410858690837482e-10,3.725498771097006627e-10,9.616742189052812913e-10,2.564488472483802223e-09,7.088212039978969201e-09,2.035141958068614943e-08,6.079344359926687605e-08,1.891601487964298642e-07,6.136671830369323444e-07,2.077606737292595252e-06,7.347035910541282168e-06,2.715963196741326101e-05,1.050229365624673756e-04,4.248739559976381854e-04,1.795720536356282954e-03,7.875618075464819318e-03,0.000000000000000000e+00,0.000000000000000000e+00,0.000000000000000000e+00,0.000000000000000000e+00,0.000000000000000000e+00,0.000000000000000000e+00,0.000000000000000000e+00,0.000000000000000000e+00,0.000000000000000000e+00,0.000000000000000000e+00,0.000000000000000000e+00,0.000000000000000000e+00,0.000000000000000000e+00,0.000000000000000000e+00,0.000000000000000000e+00,0.000000000000000000e+00,0.000000000000000000e+00,0.000000000000000000e+00,0.000000000000000000e+00,0.000000000000000000e+00,0.000000000000000000e+00,0.000000000000000000e+00,0.000000000000000000e+00,0.000000000000000000e+00,0.000000000000000000e+00,0.000000000000000000e+00,0.000000000000000000e+00,0.000000000000000000e+00,0.000000000000000000e+00,0.000000000000000000e+00,0.000000000000000000e+00,0.000000000000000000e+00,0.000000000000000000e+00,0.000000000000000000e+00,0.000000000000000000e+00,0.000000000000000000e+00,0.000000000000000000e+00
9.999999999999999293e-41,9.999999999999999293e-41,9.999999999999999293e-41,9.999999999999999293e-41,9.999999999999999293e-41,9.999999999999999293e-41,9.999999999999999293e-41,9.999999999999999293e-41,9.999999999999999293e-41,9.999999999999999293e-41,9.999999999999999293e-41,9.999999999999999293e-41,9.999999999999999293e-41,9.999999999999999293e-41,9.999999999999999293e-41,9.999999999999999293e-41,9.999999999999999293e-41,9.999999999999999293e-41,9.999999999999999293e-41,9.999999999999999293e-41,9.999999999999999293e-41,9.999999999999999293e-41,9.999999999999999293e-41,9.999999999999999293e-41,9.999999999999999293e-41,9.999999999999999293e-41,9.999999999999999293e-41,9.999999999999999293e-41,9.999999999999999293e-41,3.484352014547243800e-18,2.296563855521213537e-17,1.124713051066640209e-16,4.302476552409163141e-16,1.348034171030111308e-15,3.613296638447660949e-15,8.612165739771334915e-15,1.887117392320394537e-14,3.911261572400976036e-14,7.882356053726552250e-14,1.593949447755840696e-13,3.311606543880945444e-13,7.068380274472173926e-13,1.530046723194369793e-12,3.334244124545580673e-12,7.327679616904534725e-12,1.634133916143607674e-11,3.722392793469243078e-11,8.707500903327406957e-11,2.099933671242812005e-10,5.247410470827353083e-10,1.385805037227945947e-09,3.911034010559479493e-09,1.147250556636111795e-08,3.434690991096438408e-08,1.052362861422391809e-07,3.325467720148685913e-07,1.090104420869726541e-06,3.719723993737071809e-06,1.323933604173315805e-05,4.921178105727197353e-05,1.911604763130513712e-04,7.756709889898652684e-04,3.276553891691460878e-03,0.000000000000000000e+00,0.000000000000000000e+00,0.000000000000000000e+00,0.000000000000000000e+00,0.000000000000000000e+00,0.000000000000000000e+00,0.000000000000000000e+00,0.000000000000000000e+00,0.000000000000000000e+00,0.000000000000000000e+00,0.000000000000000000e+00,0.000000000000000000e+00,0.000000000000000000e+00,0.000000000000000000e+00,0.000000000000000000e+00,0.000000000000000000e+00,0.000000000000000000e+00,0.000000000000000000e+00,0.000000000000000000e+00,0.000000000000000000e+00,0.000000000000000000e+00,0.000000000000000000e+00,0.000000000000000000e+00,0.000000000000000000e+00,0.000000000000000000e+00,0.000000000000000000e+00,0.000000000000000000e+00,0.000000000000000000e+00,0.000000000000000000e+00,0.000000000000000000e+00,0.000000000000000000e+00,0.000000000000000000e+00,0.000000000000000000e+00,0.000000000000000000e+00,0.000000000000000000e+00,0.000000000000000000e+00,0.000000000000000000e+00
9.999999999999999293e-41,9.999999999999999293e-41,9.999999999999999293e-41,9.999999999999999293e-41,9.999999999999999293e-41,9.999999999999999293e-41,9.999999999999999293e-41,9.999999999999999293e-41,9.999999999999999293e-41,9.999999999999999293e-41,9.999999999999999293e-41,9.999999999999999293e-41,9.999999999999999293e-41,9.999999999999999293e-41,9.999999999999999293e-41,9.999999999999999293e-41,9.999999999999999293e-41,9.999999999999999293e-41,9.999999999999999293e-41,9.999999999999999293e-41,9.999999999999999293e-41,9.999999999999999293e-41,9.999999999999999293e-41,9.999999999999999293e-41,9.999999999999999293e-41,9.999999999999999293e-41,9.999999999999999293e-41,9.999999999999999293e-41,9.999999999999999293e-41,3.082425025324914104e-18,1.899719560413947945e-17,8.861242375417508988e-17,3.276600038486189853e-16,1.006199220698375013e-15,2.687662861645906856e-15,6.511362504575683262e-15,1.475827824900116403e-14,3.189074850959637739e-14,6.649862471521343395e-14,1.352497949233059806e-13,2.713110944284866250e-13,5.426592017465940593e-13,1.092697943736567406e-12,2.232489910147582613e-12,4.656082434767120344e-12,9.975145033294313189e-12,2.243852725768260487e-11,5.477675932881523462e-11,1.424337244934957698e-10,3.774289151936084817e-10,1.003922900346767014e-09,2.698273104254499447e-09,7.406323324446771210e-09,2.092948794241379843e-08,6.120280582770732434e-08,1.857758041984902456e-07,5.864710185139606634e-07,1.928068099599642806e-06,6.607903953856039577e-06,2.362841299233908965e-05,8.820495178098346537e-05,3.437715623939751252e-04,1.396597107138387644e-03,5.873106507561566027e-03,0.000000000000000000e+00,0.000000000000000000e+00,0.000000000000000000e+00,0.000000000000000000e+00,0.000000000000000000e+00,0.000000000000000000e+00,0.000000000000000000e+00,0.000000000000000000e+00,0.000000000000000000e+00,0.000000000000000000e+00,0.000000000000000000e+00,0.000000000000000000e+00,0.000000000000000000e+00,0.000000000000000000e+00,0.000000000000000000e+00,0.000000000000000000e+00,0.000000000000000000e+00,0.000000000000000000e+00,0.000000000000000000e+00,0.000000000000000000e+00,0.000000000000000000e+00,0.000000000000000000e+00,0.000000000000000000e+00,0.000000000000000000e+00,0.000000000000000000e+00,0.000000000000000000e+00,0.000000000000000000e+00,0.000000000000000000e+00,0.000000000000000000e+00,0.000000000000000000e+00,0.000000000000000000e+00,0.000000000000000000e+00,0.000000000000000000e+00,0.000000000000000000e+00,0.000000000000000000e+00,0.000000000000000000e+00
9.999999999999999293e-41,9.999999999999999293e-41,9.999999999999999293e-41,9.999999999999999293e-41,9.999999999999999293e-41,9.999999999999999293e-41,9.999999999999999293e-41,9.999999999999999293e-41,9.999999999999999293e-41,9.999999999999999293e-41,9.999999999999999293e-41,9.999999999999999293e-41,9.999999999999999293e-41,9.999999999999999293e-41,9.999999999999999293e-41,9.999999999999999293e-41,9.999999999999999293e-41,9.999999999999999293e-41,9.999999999999999293e-41,9.999999999999999293e-41,9.999999999999999293e-41,9.999999999999999293e-41,9.999999999999999293e-41,9.999999999999999293e-41,9.999999999999999293e-41,9.999999999999999293e-41,9.999999999999999293e-41,9.999999999999999293e-41,9.999999999999999293e-41,2.470196921953403928e-18,1.424482177500878239e-17,6.439957527963065471e-17,2.371257366144988986e-16,7.355147906014517325e-16,1.981582722346127996e-15,4.771434900344935953e-15,1.054398319067849692e-14,2.190434814727950409e-14,4.368428046618626522e-14,8.512116201479932099e-14,1.643867288276502968e-13,3.182316917168806448e-13,6.246507492797473226e-13,1.270026743447782747e-12,2.737058761802695371e-12,6.207204412014845816e-12,1.442638292327467314e-11,3.386316975356202960e-11,8.033454529553568578e-11,1.939055621695776764e-10,4.794510138749740930e-10,1.220620125929727959e-09,3.210721263431484409e-09,8.746201369578489803e-09,2.471381970730164163e-08,7.252504385772653280e-08,2.212456609136640848e-07,7.022320733307755886e-07,2.320897805989825830e-06,7.993530651707164207e-06,2.870827730120790232e-05,1.075496276258178907e-04,4.200207254553317191e-04,1.703776754492164220e-03,7.083492304554479986e-03,0.000000000000000000e+00,0.000000000000000000e+00,0.000000000000000000e+00,0.000000000000000000e+00,0.000000000000000000e+00,0.000000000000000000e+00,0.000000000000000000e+00,0.000000000000000000e+00,0.000000000000000000e+00,0.000000000000000000e+00,0.000000000000000000e+00,0.000000000000000000e+00,0.000000000000000000e+00,0.000000000000000000e+00,0.000000000000000000e+00,0.000000000000000000e+00,0.000000000000000000e+00,0.000000000000000000e+00,0.000000000000000000e+00,0.000000000000000000e+00,0.000000000000000000e+00,0.000000000000000000e+00,0.000000000000000000e+00,0.000000000000000000e+00,0.000000000000000000e+00,0.000000000000000000e+00,0.000000000000000000e+00,0.000000000000000000e+00,0.000000000000000000e+00,0.000000000000000000e+00,0.000000000000000000e+00,0.000000000000000000e+00,0.000000000000000000e+00,0.000000000000000000e+00,0.000000000000000000e+00
9.999999999999999293e-41,9.999999999999999293e-41,9.999999999999999293e-41,9.999999999999999293e-41,9.999999999999999293e-41,9.999999999999999293e-41,9.999999999999999293e-41,9.999999999999999293e-41,9.999999999999999293e-41,9.999999999999999293e-41,9.999999999999999293e-41,9.999999999999999293e-41,9.999999999999999293e-41,9.999999999999999293e-41,9.999999999999999293e-41,9.999999999999999293e-41,9.999999999999999293e-41,9.999999999999999293e-41,9.999999999999999293e-41,9.999999999999999293e-41,9.999999999999999293e-41,9.999999999999999293e-41,9.999999999999999293e-41,9.999999999999999293e-41,9.999999999999999293e-41,9.999999999999999293e-41,9.999999999999999293e-41,9.999999999999999293e-41,9.999999999999999293e-41,2.370355470765762292e-18,1.305802870487682071e-17,5.728644351972212357e-17,2.060690368574444820e-16,6.259818158549575252e-16,1.653880432191256888e-15,3.910883508438555070e-15,8.499961331952568722e-15,1.738814994196921845e-14,3.418211676689447703e-14,6.587896529731729167e-14,1.274758961626656529e-13,2.531254466517323707e-13,5.182210298225589705e-13,1.082631721476610437e-12,2.286223162911952640e-12,4.872716839238589914e-12,1.052346646111507041e-11,2.315708836499788804e-11,5.218180136216266544e-11,1.208790773434944305e-10,2.892563729487546471e-10,7.271585388983627310e-10,1.941814746791576303e-09,5.390883830793543107e-09,1.528679098784327334e-08,4.429431868260561607e-08,1.319864084007204868e-07,4.066509134479895136e-07,1.299947720002827533e-06,4.320578605869086273e-06,1.494961931787176002e-05,5.389207952192636179e-05,2.024172804567832956e-04,7.907854857591932983e-04,3.190774761293608836e-03,0.000000000000000000e+00,0.000000000000000000e+00,0.000000000000000000e+00,0.000000000000000000e+00,0.000000000000000000e+00,0.000000000000000000e+00,0.000000000000000000e+00,0.000000000000000000e+00,0.000000000000000000e+00,0.000000000000000000e+00,0.000000000000000000e+00,0.000000000000000000e+00,0.000000000000000000e+00,0.000000000000000000e+00,0.000000000000000000e+00,0.000000000000000000e+00,0.000000000000000000e+00,0.000000000000000000e+00,0.000000000000000000e+00,0.000000000000000000e+00,0.000000000000000000e+00,0.000000000000000000e+00,0.000000000000000000e+00,0.000000000000000000e+00,0.000000000000000000e+00,0.000000000000000000e+00,0.000000000000000000e+00,0.000000000000000000e+00,0.000000000000000000e+00,0.000000000000000000e+00,0.000000000000000000e+00,0.000000000000000000e+00,0.000000000000000000e+00,0.000000000000000000e+00,0.000000000000000000e+00
9.999999999999999293e-41,9.999999999999999293e-41,9.999999999999999293e-41,9.999999999999999293e-41,9.999999999999999293e-41,9.999999999999999293e-41,9.999999999999999293e-41,9.999999999999999293e-41,9.999999999999999293e-41,9.999999999999999293e-41,9.999999999999999293e-41,9.999999999999999293e-41,9.999999999999999293e-41,9.999999999999999293e-41,9.999999999999999293e-41,9.999999999999999293e-41,9.999999999999999293e-41,9.999999999999999293e-41,9.999999999999999293e-41,9.999999999999999293e-41,9.999999999999999293e-41,9.999999999999999293e-41,9.999999999999999293e-41,9.999999999999999293e-41,9.999999999999999293e-41,9.999999999999999293e-41,9.999999999999999293e-41,9.999999999999999293e-41,3.514008411216029362e-19,2.291469387870422270e-18,1.162591260320193440e-17,4.726335601748256039e-17,1.587949190037310602e-16,4.548144768230046703e-16,1.144308998998598503e-15,2.602329413289870581e-15,5.504672174514819749e-15,1.116954556365434868e-14,2.236445868455983769e-14,4.485800797817824855e-14,9.015812907059279597e-14,1.807771130057778158e-13,3.613554598148968018e-13,7.229464559113588390e-13,1.456810252194865263e-12,2.976042377520908109e-12,6.203034688715788645e-12,1.340221300329287820e-11,3.094397492783517274e-11,7.620540329984293291e-11,1.930347437700498415e-10,4.926122427255126262e-10,1.268195871824827258e-09,3.322357514526891449e-09,8.926684600537306591e-09,2.473117581195539494e-08,7.088724552647592911e-08,2.106541552290992326e-07,6.499280438871122090e-07,2.084050158163697926e-06,6.951157932623491540e-06,2.413174970707974870e-05,8.722192878579786157e-05,3.279851531123022267e-04,1.278342528374370969e-03,5.097040367257956416e-03,0.000000000000000000e+00,0.000000000000000000e+00,0.000000000000000000e+00,0.000000000000000000e+00,0.000000000000000000e+00,0.000000000000000000e+00,0.000000000000000000e+00,0.000000000000000000e+00,0.000000000000000000e+00,0.000000000000000000e+00,0.000000000000000000e+00,0.000000000000000000e+00,0.000000000000000000e+00,0.000000000000000000e+00,0.000000000000000000e+00,0.000000000000000000e+00,0.000000000000000000e+00,0.000000000000000000e+00,0.000000000000000000e+00,0.000000000000000000e+00,0.000000000000000000e+00,0.000000000000000000e+00,0.000000000000000000e+00,0.000000000000000000e+00,0.000000000000000000e+00,0.000000000000000000e+00,0.000000000000000000e+00,0.000000000000000000e+00,0.000000000000000000e+00,0.000000000000000000e+00,0.000000000000000000e+00,0.000000000000000000e+00,0.000000000000000000e+00,0.000000000000000000e+00
9.999999999999999293e-41,9.999999999999999293e-41,9.999999999999999293e-41,9.999999999999999293e-41,9.999999999999999293e-41,9.999999999999999293e-41,9.999999999999999293e-41,9.999999999999999293e-41,9.999999999999999293e-41,9.999999999999999293e-41,9.999999999999999293e-41,9.999999999999999293e-41,9.999999999999999293e-41,9.999999999999999293e-41,9.999999999999999293e-41,9.999999999999999293e-41,9.999999999999999293e-41,9.999999999999999293e-41,9.999999999999999293e-41,9.999999999999999293e-41,9.999999999999999293e-41,9.999999999999999293e-41,9.999999999999999293e-41,9.999999999999999293e-41,9.999999999999999293e-41,9.999999999999999293e-41,9.999999999999999293e-41,9.999999999999999293e-41,3.169639015746610261e-19,1.818004937450638099e-18,8.287431818903877567e-18,3.088256580448333037e-17,9.687629553870130139e-17,2.639392284489525804e-16,6.469470005912320582e-16,1.481516236573708233e-15,3.267767139061196328e-15,7.036656947136274772e-15,1.478754878701237596e-14,3.024887186280700224e-14,6.036207429851929223e-14,1.183380515747027464e-13,2.300565645859097073e-13,4.480087350275364541e-13,8.877183657751522073e-13,1.833884905816137369e-12,3.986940386993257156e-12,8.962362246883631654e-12,2.043673418692293802e-11,4.702641076707245428e-11,1.096455801129988285e-10,2.606998496773860089e-10,6.356015635086558074e-10,1.595329203680438872e-09,4.133380189922907871e-09,1.107525847933809826e-08,3.073096504055389053e-08,8.839155202939206092e-08,2.637650705920254155e-07,8.172215956868377059e-07,2.630827803700890572e-06,8.805435861898895048e-06,3.065530503179182795e-05,1.109920682616575134e-04,4.171718213684599353e-04,1.616273819522525681e-03,0.000000000000000000e+00,0.000000000000000000e+00,0.000000000000000000e+00,0.000000000000000000e+00,0.000000000000000000e+00,0.000000000000000000e+00,0.000000000000000000e+00,0.000000000000000000e+00,0.000000000000000000e+00,0.000000000000000000e+00,0.000000000000000000e+00,0.000000000000000000e+00,0.000000000000000000e+00,0.000000000000000000e+00,0.000000000000000000e+00,0.000000000000000000e+00,0.000000000000000000e+00,0.000000000000000000e+00,0.000000000000000000e+00,0.000000000000000000e+00,0.000000000000000000e+00,0.000000000000000000e+00,0.000000000000000000e+00,0.000000000000000000e+00,0.000000000000000000e+00,0.000000000000000000e+00,0.000000000000000000e+00,0.000000000000000000e+00,0.000000000000000000e+00,0.000000000000000000e+00,0.000000000000000000e+00,0.000000000000000000e+00,0.000000000000000000e+00,0.000000000000000000e+00
9.999999999999999293e-41,9.999999999999999293e-41,9.999999999999999293e-41,9.999999999999999293e-41,9.999999999999999293e-41,9.999999999999999293e-41,9.999999999999999293e-41,9.999999999999999293e-41,9.999999999999999293e-41,9.999999999999999293e-41,9.999999999999999293e-41,9.999999999999999293e-41,9.999999999999999293e-41,9.999999999999999293e-41,9.999999999999999293e-41,9.999999999999999293e-41,9.999999999999999293e-41,9.999999999999999293e-41,9.999999999999999293e-41,9.999999999999999293e-41,9.999999999999999293e-41,9.999999999999999293e-41,9.999999999999999293e-41,9.999999999999999293e-41,9.999999999999999293e-41,9.999999999999999293e-41,9.999999999999999293e-41,9.999999999999999293e-41,3.128819569204606781e-19,1.675214251762370466e-18,7.467112939387703571e-18,2.830355175556518355e-17,9.278246534158315763e-17,2.670163046953229096e-16,6.852376651381819981e-16,1.595344636126982229e-15,3.431503886196630540e-15,6.944050871898760925e-15,1.344733359521612746e-14,2.530212133654135610e-14,4.686857269607756404e-14,8.655956812787204421e-14,1.623183415628062859e-13,3.162474625308297846e-13,6.450568238352115221e-13,1.357084807898993494e-12,2.893413815505659374e-12,6.210441042819295732e-12,1.345100878485892435e-11,2.956522772206041813e-11,6.632246585745135630e-11,1.525425088240496024e-10,3.622723189687731895e-10,9.013642253744203887e-10,2.349774018368303485e-09,6.315537628626669541e-09,1.736900232915226739e-08,4.899219751691521618e-08,1.423767587158878954e-07,4.278175251918298252e-07,1.332231363462210719e-06,4.305616328757509881e-06,1.445473361176507311e-05,5.042618578580139704e-05,1.826620427391792954e-04,6.844795863665087236e-04,2.620048309505688695e-03,0.000000000000000000e+00,0.000000000000000000e+00,0.000000000000000000e+00,0.000000000000000000e+00,0.000000000000000000e+00,0.000000000000000000e+00,0.000000000000000000e+00,0.000000000000000000e+00,0.000000000000000000e+00,0.000000000000000000e+00,0.000000000000000000e+00,0.000000000000000000e+00,0.000000000000000000e+00,0.000000000000000000e+00,0.000000000000000000e+00,0.000000000000000000e+00,0.000000000000000000e+00,0.000000000000000000e+00,0.000000000000000000e+00,0.000000000000000000e+00,0.000000000000000000e+00,0.000000000000000000e+00,0.000000000000000000e+00,0.000000000000000000e+00,0.000000000000000000e+00,0.000000000000000000e+00,0.000000000000000000e+00,0.000000000000000000e+00,0.000000000000000000e+00,0.000000000000000000e+00,0.000000000000000000e+00,0.000000000000000000e+00,0.000000000000000000e+00
9.999999999999999293e-41,9.999999999999999293e-41,9.999999999999999293e-41,9.999999999999999293e-41,9.999999999999999293e-41,9.999999999999999293e-41,9.999999999999999293e-41,9.999999999999999293e-41,9.999999999999999293e-41,9.999999999999999293e-41,9.999999999999999293e-41,9.999999999999999293e-41,9.999999999999999293e-41,9.999999999999999293e-41,9.999999999999999293e-41,9.999999999999999293e-41,9.999999999999999293e-41,9.999999999999999293e-41,9.999999999999999293e-41,9.999999999999999293e-41,9.999999999999999293e-41,9.999999999999999293e-41,9.999999999999999293e-41,9.999999999999999293e-41,9.999999999999999293e-41,9.999999999999999293e-41,9.999999999999999293e-41,9.999999999999999293e-41,3.450118978119243457e-19,1.745348946225943070e-18,7.310925236968243312e-18,2.580366069139737645e-17,7.826218229950078533e-17,2.082977138102445875e-16,4.969668900468095618e-16,1.085097279842701449e-15,2.210860837292528836e-15,4.278515496214092408e-15,7.988283496687704671e-15,1.459078961608752823e-14,2.648529628934025249e-14,4.902457701238815028e-14,9.531131229531609123e-14,1.954763098722029042e-13,4.126452041198726211e-13,8.747971207142910394e-13,1.846186556244525243e-12,3.890737861793111580e-12,8.251225328456895518e-12,1.784009827460207049e-11,4.045072479712869925e-11,9.754726209291720916e-11,2.438140818079936732e-10,6.162732312485279070e-10,1.570124011994710715e-09,4.060489680115517972e-09,1.074107664271116285e-08,2.922495053890289092e-08,8.208058831746279359e-08,2.384861485016827020e-07,7.178735070261298794e-07,2.240963424913697091e-06,7.260111220409114158e-06,2.442108608886467685e-05,8.527454406350346125e-05,3.085251186093352759e-04,1.148641335110549277e-03,0.000000000000000000e+00,0.000000000000000000e+00,0.000000000000000000e+00,0.000000000000000000e+00,0.000000000000000000e+00,0.000000000000000000e+00,0.000000000000000000e+00,0.000000000000000000e+00,0.000000000000000000e+00,0.000000000000000000e+00,0.000000000000000000e+00,0.000000000000000000e+00,0.000000000000000000e+00,0.000000000000000000e+00,0.000000000000000000e+00,0.000000000000000000e+00,0.000000000000000000e+00,0.000000000000000000e+00,0.000000000000000000e+00,0.000000000000000000e+00,0.000000000000000000e+00,0.000000000000000000e+00,0.000000000000000000e+00,0.000000000000000000e+00,0.000000000000000000e+00,0.000000000000000000e+00,0.000000000000000000e+00,0.000000000000000000e+00,0.000000000000000000e+00,0.000000000000000000e+00,0.000000000000000000e+00,0.000000000000000000e+00,0.000000000000000000e+00
9.999999999999999293e-41,9.999999999999999293e-41,9.999999999999999293e-41,9.999999999999999293e-41,9.999999999999999293e-41,9.999999999999999293e-41,9.999999999999999293e-41,9.999999999999999293e-41,9.999999999999999293e-41,9.999999999999999293e-41,9.999999999999999293e-41,9.999999999999999293e-41,9.999999999999999293e-41,9.999999999999999293e-41,9.999999999999999293e-41,9.999999999999999293e-41,9.999999999999999293e-41,9.999999999999999293e-41,9.999999999999999293e-41,9.999999999999999293e-41,9.999999999999999293e-41,9.999999999999999293e-41,9.999999999999999293e-41,9.999999999999999293e-41,9.999999999999999293e-41,9.999999999999999293e-41,9.999999999999999293e-41,9.999999999999999293e-41,3.185629524082861542e-19,1.429567909500082475e-18,5.391722257911081472e-18,1.740041142283966754e-17,4.898381021976564209e-17,1.226776974090167758e-16,2.787113741604650819e-16,5.852424546347634868e-16,1.156154277503084329e-15,2.189343873196579056e-15,4.077448534293511447e-15,7.724681585794068606e-15,1.523452631653843194e-14,3.106554369799369129e-14,6.392680394259603695e-14,1.303917278501849689e-13,2.625150120155452204e-13,5.241843597280323311e-13,1.047697375740044696e-12,2.135052002982034797e-12,4.567646404147655017e-12,1.032145829506436813e-11,2.401185119182021974e-11,5.629578177575028601e-11,1.325796151431885183e-10,3.155688291865203277e-10,7.648840592932268385e-10,1.899121735242182693e-09,4.849845830428077953e-09,1.277227434701341717e-08,3.474836485015062880e-08,9.778299466827949572e-08,2.848795469734713434e-07,8.599384466428659625e-07,2.691321641051738902e-06,8.737135765627987468e-06,2.942611322448784598e-05,1.027261792933001420e-04,3.703351931299665115e-04,1.362210840228465347e-03,0.000000000000000000e+00,0.000000000000000000e+00,0.000000000000000000e+00,0.000000000000000000e+00,0.000000000000000000e+00,0.000000000000000000e+00,0.000000000000000000e+00,0.000000000000000000e+00,0.000000000000000000e+00,0.000000000000000000e+00,0.000000000000000000e+00,0.000000000000000000e+00,0.000000000000000000e+00,0.000000000000000000e+00,0.000000000000000000e+00,0.000000000000000000e+00,0.000000000000000000e+00,0.000000000000000000e+00,0.000000000000000000e+00,0.000000000000000000e+00,0.000000000000000000e+00,0.000000000000000000e+00,0.000000000000000000e+00,0.000000000000000000e+00,0.000000000000000000e+00,0.000000000000000000e+00,0.000000000000000000e+00,0.000000000000000000e+00,0.000000000000000000e+00,0.000000000000000000e+00,0.000000000000000000e+00,0.000000000000000000e+00
9.999999999999999293e-41,9.999999999999999293e-41,9.999999999999999293e-41,9.999999999999999293e-41,9.999999999999999293e-41,9.999999999999999293e-41,9.999999999999999293e-41,9.999999999999999293e-41,9.999999999999999293e-41,9.999999999999999293e-41,9.999999999999999293e-41,9.999999999999999293e-41,9.999999999999999293e-41,9.999999999999999293e-41,9.999999999999999293e-41,9.999999999999999293e-41,9.999999999999999293e-41,9.999999999999999293e-41,9.999999999999999293e-41,9.999999999999999293e-41,9.999999999999999293e-41,9.999999999999999293e-41,9.999999999999999293e-41,9.999999999999999293e-41,9.999999999999999293e-41,9.999999999999999293e-41,9.999999999999999293e-41,9.999999999999999293e-41,2.755518122616831951e-19,1.105975587945636043e-18,3.812732426947265533e-18,1.152279797185930491e-17,3.132596449014894916e-17,7.881469552256502883e-17,1.878587313164765111e-16,4.291491945373476029e-16,9.404902781763247433e-16,1.973001093201657966e-15,3.965550383334480976e-15,7.677919512477898109e-15,1.444338595255397242e-14,2.665860677128990759e-14,4.873950682570742090e-14,8.902207495040976205e-14,1.636039456287037338e-13,3.048217163212825002e-13,5.868338414999760719e-13,1.209340267923526740e-12,2.687238088341068477e-12,6.198141539086684847e-12,1.433210272207158216e-11,3.293360382140801174e-11,7.567675148010975018e-11,1.755721539082860494e-10,4.146483739774784205e-10,1.003468973543895081e-09,2.502510509053230032e-09,6.441718367739790125e-09,1.710005662137316492e-08,4.682260345069605787e-08,1.324108452800383573e-07,3.872361218731211679e-07,1.172402228573665370e-06,3.677566929362480496e-06,1.195669736991540068e-05,4.028409259532586605e-05,1.403801069853830984e-04,5.026317890186223760e-04,1.812517328529640592e-03,0.000000000000000000e+00,0.000000000000000000e+00,0.000000000000000000e+00,0.000000000000000000e+00,0.000000000000000000e+00,0.000000000000000000e+00,0.000000000000000000e+00,0.000000000000000000e+00,0.000000000000000000e+00,0.000000000000000000e+00,0.000000000000000000e+00,0.000000000000000000e+00,0.000000000000000000e+00,0.000000000000000000e+00,0.000000000000000000e+00,0.000000000000000000e+00,0.000000000000000000e+00,0.000000000000000000e+00,0.000000000000000000e+00,0.000000000000000000e+00,0.000000000000000000e+00,0.000000000000000000e+00,0.000000000000000000e+00,0.000000000000000000e+00,0.000000000000000000e+00,0.000000000000000000e+00,0.000000000000000000e+00,0.000000000000000000e+00,0.000000000000000000e+00,0.000000000000000000e+00,0.000000000000000000e+00
9.999999999999999293e-41,9.999999999999999293e-41,9.999999999999999293e-41,9.999999999999999293e-41,9.999999999999999293e-41,9.999999999999999293e-41,9.999999999999999293e-41,9.999999999999999293e-41,9.999999999999999293e-41,9.999999999999999293e-41,9.999999999999999293e-41,9.999999999999999293e-41,9.999999999999999293e-41,9.999999999999999293e-41,9.999999999999999293e-41,9.999999999999999293e-41,9.999999999999999293e-41,9.999999999999999293e-41,9.999999999999999293e-41,9.999999999999999293e-41,9.999999999999999293e-41,9.999999999999999293e-41,9.999999999999999293e-41,9.999999999999999293e-41,9.999999999999999293e-41,9.999999999999999293e-41,9.999999999999999293e-41,6.779320449952013967e-20,3.131109476951996750e-19,1.259278296482259446e-18,4.435411749994933601e-18,1.378294139597038081e-17,3.815158216588738035e-17,9.517940631877731515e-17,2.168788824331911382e-16,4.578165868109579401e-16,9.081382435768435736e-16,1.716301142607694595e-15,3.130012036906524342e-15,5.571839183302120062e-15,9.779411247054588089e-15,1.706922139923641563e-14,2.984358246776961494e-14,5.269489652944755227e-14,9.586969899316838566e-14,1.867167834281619843e-13,3.954772880934529114e-13,8.791291249107457891e-13,1.963869771086124313e-12,4.331736139685004525e-12,9.458108560192888615e-12,2.064000350549172449e-11,4.549018345134404926e-11,1.029883290515667200e-10,2.452792230034524733e-10,6.119837354710524565e-10,1.561717345977105363e-09,4.033753008871262032e-09,1.057879009119778008e-08,2.835390056995723531e-08,7.807964245875414941e-08,2.216705713238610678e-07,6.502009731440265918e-07,1.973003638128945798e-06,6.198581083176079012e-06,2.016708174909174402e-05,6.789395361898955563e-05,2.356763183486113998e-04,8.341957045145410301e-04,0.000000000000000000e+00,0.000000000000000000e+00,0.000000000000000000e+00,0.000000000000000000e+00,0.000000000000000000e+00,0.000000000000000000e+00,0.000000000000000000e+00,0.000000000000000000e+00,0.000000000000000000e+00,0.000000000000000000e+00,0.000000000000000000e+00,0.000000000000000000e+00,0.000000000000000000e+00,0.000000000000000000e+00,0.000000000000000000e+00,0.000000000000000000e+00,0.000000000000000000e+00,0.000000000000000000e+00,0.000000000000000000e+00,0.000000000000000000e+00,0.000000000000000000e+00,0.000000000000000000e+00,0.000000000000000000e+00,0.000000000000000000e+00,0.000000000000000000e+00,0.000000000000000000e+00,0.000000000000000000e+00,0.000000000000000000e+00,0.000000000000000000e+00,0.000000000000000000e+00,0.000000000000000000e+00
9.999999999999999293e-41,9.999999999999999293e-41,9.999999999999999293e-41,9.999999999999999293e-41,9.999999999999999293e-41,9.999999999999999293e-41,9.999999999999999293e-41,9.999999999999999293e-41,9.999999999999999293e-41,9.999999999999999293e-41,9.999999999999999293e-41,9.999999999999999293e-41,9.999999999999999293e-41,9.999999999999999293e-41,9.999999999999999293e-41,9.999999999999999293e-41,9.999999999999999293e-41,9.999999999999999293e-41,9.999999999999999293e-41,9.999999999999999293e-41,9.999999999999999293e-41,9.999999999999999293e-41,9.999999999999999293e-41,9.999999999999999293e-41,9.999999999999999293e-41,9.999999999999999293e-41,9.999999999999999293e-41,8.445519900003445666e-20,3.494941377498232362e-19,1.260152808284800203e-18,3.993910859849634223e-18,1.124799969804143640e-17,2.849639995862229994e-17,6.581053193128295156e-17,1.404383299172319252e-16,2.806968069951333974e-16,5.323337215368102365e-16,9.696883373387655961e-16,1.715587706235421215e-15,2.978875189907933305e-15,5.143015970923977430e-15,9.048087391751777998e-15,1.679207413092705117e-14,3.334578930211732355e-14,6.913458898662758818e-14,1.444081347149577729e-13,2.980704550176729695e-13,6.067209177102723290e-13,1.225917393928159882e-12,2.480387719320388482e-12,5.065672685437966464e-12,1.054231909406846811e-11,2.301687618303247525e-11,5.463341062605788959e-11,1.376366483561594985e-10,3.504722121979056400e-10,8.864570928559216325e-10,2.241014944085727922e-09,5.726783437027253053e-09,1.492757816582222482e-08,3.992547623304518198e-08,1.099651364071926889e-07,3.125687080399586974e-07,9.181510367372779107e-07,2.789563005906378505e-06,8.770012169258824773e-06,2.852393882901707185e-05,9.579735141664997525e-05,3.301419177608291345e-04,1.146203284965099196e-03,0.000000000000000000e+00,0.000000000000000000e+00,0.000000000000000000e+00,0.000000000000000000e+00,0.000000000000000000e+00,0.000000000000000000e+00,0.000000000000000000e+00,0.000000000000000000e+00,0.000000000000000000e+00,0.000000000000000000e+00,0.000000000000000000e+00,0.000000000000000000e+00,0.000000000000000000e+00,0.000000000000000000e+00,0.000000000000000000e+00,0.000000000000000000e+00,0.000000000000000000e+00,0.000000000000000000e+00,0.000000000000000000e+00,0.000000000000000000e+00,0.000000000000000000e+00,0.000000000000000000e+00,0.000000000000000000e+00,0.000000000000000000e+00,0.000000000000000000e+00,0.000000000000000000e+00,0.000000000000000000e+00,0.000000000000000000e+00,0.000000000000000000e+00,0.000000000000000000e+00
9.999999999999999293e-41,9.999999999999999293e-41,9.999999999999999293e-41,9.999999999999999293e-41,9.999999999999999293e-41,9.999999999999999293e-41,9.999999999999999293e-41,9.999999999999999293e-41,9.999999999999999293e-41,9.999999999999999293e-41,9.999999999999999293e-41,9.999999999999999293e-41,9.999999999999999293e-41,9.999999999999999293e-41,9.999999999999999293e-41,9.999999999999999293e-41,9.999999999999999293e-41,9.999999999999999293e-41,9.999999999999999293e-41,9.999999999999999293e-41,9.999999999999999293e-41,9.999999999999999293e-41,9.999999999999999293e-41,9.999999999999999293e-41,9.999999999999999293e-41,9.999999999999999293e-41,9.999999999999999293e-41,7.727295375538317341e-20,2.824643681158170987e-19,9.143019399191572690e-19,2.642447869076356241e-18,6.885980565858454494e-18,1.635743230629242140e-17,3.584118567048551284e-17,7.339889362820538251e-17,1.428848077699622669e-16,2.707305054360763635e-16,5.132874497736406724e-16,9.921616729579083426e-16,1.952242360154820969e-15,3.849022044228460116e-15,7.489982311590954021e-15,1.429339102588418601e-14,2.678968133694246274e-14,4.960871446935199399e-14,9.143423281373711318e-14,1.689351152881933174e-13,3.148237297131385072e-13,5.947985180186145190e-13,1.148369283381113185e-12,2.339188035548554444e-12,5.271222337504725558e-12,1.288344908306892541e-11,3.197547334677837868e-11,7.797688652880352203e-11,1.871827000699499611e-10,4.480908209688782886e-10,1.082994057749768355e-09,2.666101416549113579e-09,6.723586034309469789e-09,1.743079336163489603e-08,4.655406264885862521e-08,1.282727043677543474e-07,3.649899668577512198e-07,1.073293651510697664e-06,3.263263165662506667e-06,1.025932569807409083e-05,3.332228024798817011e-05,1.114336735685146190e-04,3.797214007541005508e-04,0.000000000000000000e+00,0.000000000000000000e+00,0.000000000000000000e+00,0.000000000000000000e+00,0.000000000000000000e+00,0.000000000000000000e+00,0.000000000000000000e+00,0.000000000000000000e+00,0.000000000000000000e+00,0.000000000000000000e+00,0.000000000000000000e+00,0.000000000000000000e+00,0.000000000000000000e+00,0.000000000000000000e+00,0.000000000000000000e+00,0.000000000000000000e+00,0.000000000000000000e+00,0.000000000000000000e+00,0.000000000000000000e+00,0.000000000000000000e+00,0.000000000000000000e+00,0.000000000000000000e+00,0.000000000000000000e+00,0.000000000000000000e+00,0.000000000000000000e+00,0.000000000000000000e+00,0.000000000000000000e+00,0.000000000000000000e+00,0.000000000000000000e+00,0.000000000000000000e+00
9.999999999999999293e-41,9.999999999999999293e-41,9.999999999999999293e-41,9.999999999999999293e-41,9.999999999999999293e-41,9.999999999999999293e-41,9.999999999999999293e-41,9.999999999999999293e-41,9.999999999999999293e-41,9.999999999999999293e-41,9.999999999999999293e-41,9.999999999999999293e-41,9.999999999999999293e-41,9.999999999999999293e-41,9.999999999999999293e-41,9.999999999999999293e-41,9.999999999999999293e-41,9.999999999999999293e-41,9.999999999999999293e-41,9.999999999999999293e-41,9.999999999999999293e-41,9.999999999999999293e-41,9.999999999999999293e-41,9.999999999999999293e-41,9.999999999999999293e-41,9.999999999999999293e-41,1.826880424774770529e-20,6.977878857078042301e-20,2.429914063025485979e-19,7.770539900696932682e-19,2.293607112379277130e-18,6.265505684795179801e-18,1.586664365708137110e-17,3.733440532095892129e-17,8.197475420999128795e-17,1.690316023062904862e-16,3.299986180964400702e-16,6.156425515886950781e-16,1.108064626439033022e-15,1.942183137953520635e-15,3.344289588742728311e-15,5.701944167604002787e-15,9.692644822006763909e-15,1.652382877648297129e-14,2.838911636799823624e-14,4.935950087200561942e-14,8.739151505300711633e-14,1.612719909204028792e-13,3.247479681630048324e-13,7.200848209327951916e-13,1.667186310378581198e-12,3.835233906702860827e-12,8.640974168709835563e-12,1.919253628195302012e-11,4.252766183700132844e-11,9.501845183219528139e-11,2.157637045100094825e-10,5.012177699579871292e-10,1.198840448780441411e-09,2.957134135519103829e-09,7.502911036105931643e-09,1.956143507393324628e-08,5.246361938613054381e-08,1.449769727674392393e-07,4.133260366810135132e-07,1.216840348387952711e-06,3.700987363317936165e-06,1.162651909320524550e-05,3.765755500009925226e-05,1.250162558037416706e-04,4.183501751495646154e-04,0.000000000000000000e+00,0.000000000000000000e+00,0.000000000000000000e+00,0.000000000000000000e+00,0.000000000000000000e+00,0.000000000000000000e+00,0.000000000000000000e+00,0.000000000000000000e+00,0.000000000000000000e+00,0.000000000000000000e+00,0.000000000000000000e+00,0.000000000000000000e+00,0.000000000000000000e+00,0.000000000000000000e+00,0.000000000000000000e+00,0.000000000000000000e+00,0.000000000000000000e+00,0.000000000000000000e+00,0.000000000000000000e+00,0.000000000000000000e+00,0.000000000000000000e+00,0.000000000000000000e+00,0.000000000000000000e+00,0.000000000000000000e+00,0.000000000000000000e+00,0.000000000000000000e+00,0.000000000000000000e+00,0.000000000000000000e+00,0.000000000000000000e+00
9.999999999999999293e-41,9.999999999999999293e-41,9.999999999999999293e-41,9.999999999999999293e-41,9.999999999999999293e-41,9.999999999999999293e-41,9.999999999999999293e-41,9.999999999999999293e-41,9.999999999999999293e-41,9.999999999999999293e-41,9.999999999999999293e-41,9.999999999999999293e-41,9.999999999999999293e-41,9.999999999999999293e-41,9.999999999999999293e-41,9.999999999999999293e-41,9.999999999999999293e-41,9.999999999999999293e-41,9.999999999999999293e-41,9.999999999999999293e-41,9.999999999999999293e-41,9.999999999999999293e-41,9.999999999999999293e-41,9.999999999999999293e-41,9.999999999999999293e-41,9.999999999999999293e-41,2.670577962925975063e-20,9.751107525725738664e-20,3.228017748033750216e-19,9.701936585997833228e-19,2.656589188267349391e-18,6.662743188380573301e-18,1.541245507699752578e-17,3.315415476890389807e-17,6.692017806166947319e-17,1.279463153405981518e-16,2.339189132499003088e-16,4.127605244004342857e-16,7.091223016531723659e-16,1.195778019460286059e-15,1.993693938800593733e-15,3.307869629749658064e-15,5.493339683091479917e-15,9.200780645502028193e-15,1.585272127813234570e-14,2.918974442363823131e-14,5.870669309099859423e-14,1.252293413439121524e-13,2.700987004695363590e-13,5.737557785974061165e-13,1.196535589997774395e-12,2.468330689278038295e-12,5.086937848555359052e-12,1.056534969746846325e-11,2.226305623908592465e-11,4.783603947199051206e-11,1.057723115226975583e-10,2.464731635464760703e-10,6.090044562029631395e-10,1.551265898221335342e-09,3.991341898503554769e-09,1.036639643638389554e-08,2.736190469848942079e-08,7.387017894168327700e-08,2.048721492824940055e-07,5.852256973052207669e-07,1.724311164502327384e-06,5.243158688662024969e-06,1.644273701326639487e-05,5.301503504198670037e-05,1.740825639889568188e-04,5.674405405061467862e-04,0.000000000000000000e+00,0.000000000000000000e+00,0.000000000000000000e+00,0.000000000000000000e+00,0.000000000000000000e+00,0.000000000000000000e+00,0.000000000000000000e+00,0.000000000000000000e+00,0.000000000000000000e+00,0.000000000000000000e+00,0.000000000000000000e+00,0.000000000000000000e+00,0.000000000000000000e+00,0.000000000000000000e+00,0.000000000000000000e+00,0.000000000000000000e+00,0.000000000000000000e+00,0.000000000000000000e+00,0.000000000000000000e+00,0.000000000000000000e+00,0.000000000000000000e+00,0.000000000000000000e+00,0.000000000000000000e+00,0.000000000000000000e+00,0.000000000000000000e+00,0.000000000000000000e+00,0.000000000000000000e+00,0.000000000000000000e+00
9.999999999999999293e-41,9.999999999999999293e-41,9.999999999999999293e-41,9.999999999999999293e-41,9.999999999999999293e-41,9.999999999999999293e-41,9.999999999999999293e-41,9.999999999999999293e-41,9.999999999999999293e-41,9.999999999999999293e-41,9.999999999999999293e-41,9.999999999999999293e-41,9.999999999999999293e-41,9.999999999999999293e-41,9.999999999999999293e-41,9.999999999999999293e-41,9.999999999999999293e-41,9.999999999999999293e-41,9.999999999999999293e-41,9.999999999999999293e-41,9.999999999999999293e-41,9.999999999999999293e-41,9.999999999999999293e-41,9.999999999999999293e-41,9.999999999999999293e-41,9.999999999999999293e-41,3.230731823551236077e-20,1.042550591928536844e-19,3.075736324435388963e-19,8.320495227049522882e-19,2.073243579185986914e-18,4.785813870474197475e-18,1.030455988424279509e-17,2.085229712455745252e-17,3.997906364570311635e-17,7.322288057316903671e-17,1.291710798870266523e-16,2.212431526137421031e-16,3.708796333069760514e-16,6.147729623395106741e-16,1.026544167163421797e-15,1.778261196547821230e-15,3.271861645794880289e-15,6.353744063078449847e-15,1.263549297134736259e-14,2.503411858213430901e-14,4.881707408013371855e-14,9.370824850788076661e-14,1.781530873636418896e-13,3.380141048855319937e-13,6.446215550446564063e-13,1.242961566369629948e-12,2.434288100433423087e-12,4.861988683030856661e-12,1.006461682873008753e-11,2.279269094065186431e-11,5.756343111407622240e-11,1.511094583148229954e-10,3.900473542038845347e-10,9.843463204268363247e-10,2.463195059967523080e-09,6.201812273558148931e-09,1.587481279221175515e-08,4.157824153311229076e-08,1.118537384957957995e-07,3.097620318495078696e-07,8.842197625326287659e-07,2.603263079106743229e-06,7.903844878031733229e-06,2.470588121959661678e-05,7.907761268264490884e-05,2.553224962603321368e-04,0.000000000000000000e+00,0.000000000000000000e+00,0.000000000000000000e+00,0.000000000000000000e+00,0.000000000000000000e+00,0.000000000000000000e+00,0.000000000000000000e+00,0.000000000000000000e+00,0.000000000000000000e+00,0.000000000000000000e+00,0.000000000000000000e+00,0.000000000000000000e+00,0.000000000000000000e+00,0.000000000000000000e+00,0.000000000000000000e+00,0.000000000000000000e+00,0.000000000000000000e+00,0.000000000000000000e+00,0.000000000000000000e+00,0.000000000000000000e+00,0.000000000000000000e+00,0.000000000000000000e+00,0.000000000000000000e+00,0.000000000000000000e+00,0.000000000000000000e+00,0.000000000000000000e+00,0.000000000000000000e+00,0.000000000000000000e+00
9.999999999999999293e-41,9.999999999999999293e-41,9.999999999999999293e-41,9.999999999999999293e-41,9.999999999999999293e-41,9.999999999999999293e-41,9.999999999999999293e-41,9.999999999999999293e-41,9.999999999999999293e-41,9.999999999999999293e-41,9.999999999999999293e-41,9.999999999999999293e-41,9.999999999999999293e-41,9.999999999999999293e-41,9.999999999999999293e-41,9.999999999999999293e-41,9.999999999999999293e-41,9.999999999999999293e-41,9.999999999999999293e-41,9.999999999999999293e-41,9.999999999999999293e-41,9.999999999999999293e-41,9.999999999999999293e-41,9.999999999999999293e-41,9.999999999999999293e-41,8.964872337844788925e-21,2.807031231086028271e-20,8.126943607112209343e-20,2.178247522491267109e-19,5.418930450319064996e-19,1.256248129393322101e-18,2.728903420274621566e-18,5.598636780403721356e-18,1.097707835858454055e-17,2.091478606270918776e-17,3.947702855340588588e-17,7.489575601992026790e-17,1.432238613958166815e-16,2.737803280587487235e-16,5.170863565248333731e-16,9.571988209384351145e-16,1.732743414702878504e-15,3.074633862221592570e-15,5.375186041592890428e-15,9.315416153877999306e-15,1.610191836795458371e-14,2.791572251099934900e-14,4.877478305034904133e-14,8.622611052158180054e-14,1.547324054413343580e-13,2.829926385013728605e-13,5.381298719179162313e-13,1.125218547377989623e-12,2.644988496220185230e-12,6.535933699429367470e-12,1.591535979441869094e-11,3.759381600128237104e-11,8.702217615588143962e-11,2.003936631660146516e-10,4.647812044349567113e-10,1.095097345463896054e-09,2.635712143995791706e-09,6.502700269926306950e-09,1.648123483137137982e-08,4.297392358952846950e-08,1.153867548823684558e-07,3.192588387969933459e-07,9.106427002669305822e-07,2.677841409647778801e-06,8.111143380023871468e-06,2.523057878627881976e-05,7.990386143825103774e-05,2.518564620624619776e-04,0.000000000000000000e+00,0.000000000000000000e+00,0.000000000000000000e+00,0.000000000000000000e+00,0.000000000000000000e+00,0.000000000000000000e+00,0.000000000000000000e+00,0.000000000000000000e+00,0.000000000000000000e+00,0.000000000000000000e+00,0.000000000000000000e+00,0.000000000000000000e+00,0.000000000000000000e+00,0.000000000000000000e+00,0.000000000000000000e+00,0.000000000000000000e+00,0.000000000000000000e+00,0.000000000000000000e+00,0.000000000000000000e+00,0.000000000000000000e+00,0.000000000000000000e+00,0.000000000000000000e+00,0.000000000000000000e+00,0.000000000000000000e+00,0.000000000000000000e+00,0.000000000000000000e+00,0.000000000000000000e+00
9.999999999999999293e-41,9.999999999999999293e-41,9.999999999999999293e-41,9.999999999999999293e-41,9.999999999999999293e-41,9.999999999999999293e-41,9.999999999999999293e-41,9.999999999999999293e-41,9.999999999999999293e-41,9.999999999999999293e-41,9.999999999999999293e-41,9.999999999999999293e-41,9.999999999999999293e-41,9.999999999999999293e-41,9.999999999999999293e-41,9.999999999999999293e-41,9.999999999999999293e-41,9.999999999999999293e-41,9.999999999999999293e-41,9.999999999999999293e-41,9.999999999999999293e-41,9.999999999999999293e-41,9.999999999999999293e-41,9.999999999999999293e-41,9.999999999999999293e-41,9.487590758370257932e-21,2.875445243048005310e-20,8.268506206352054926e-20,2.252185260956314932e-19,5.799433960008097536e-19,1.409562149575737570e-18,3.231944101618877624e-18,6.997415891845911991e-18,1.434290583604114141e-17,2.794697867577345665e-17,5.203913490063755074e-17,9.316658712377015004e-17,1.614306908786186983e-16,2.725268299759052709e-16,4.512079415603221673e-16,7.371964625521808553e-16,1.195407903956457339e-15,1.933823117863720261e-15,3.135123377224313362e-15,5.113843901592596940e-15,8.420779545642287018e-15,1.404293893654073642e-14,2.390223299302036355e-14,4.273891734157945610e-14,8.409683320677716564e-14,1.823467270010310378e-13,4.114187969635749584e-13,9.186995642285286532e-13,1.999418215283986368e-12,4.264372894628386837e-12,9.016201321602047309e-12,1.910535219131947419e-11,4.091742713231630227e-11,8.910002035489987064e-11,1.980715186500079392e-10,4.507762662511442569e-10,1.052607943876053240e-09,2.525618035975943923e-09,6.229406169967786276e-09,1.579880628818998259e-08,4.122246280723802103e-08,1.107267561762088706e-07,3.063409953867593052e-07,8.731696002774558140e-07,2.563354304360090789e-06,7.738130159717084860e-06,2.390365027746441153e-05,7.457204840002445686e-05,2.273499815994149860e-04,0.000000000000000000e+00,0.000000000000000000e+00,0.000000000000000000e+00,0.000000000000000000e+00,0.000000000000000000e+00,0.000000000000000000e+00,0.000000000000000000e+00,0.000000000000000000e+00,0.000000000000000000e+00,0.000000000000000000e+00,0.000000000000000000e+00,0.000000000000000000e+00,0.000000000000000000e+00,0.000000000000000000e+00,0.000000000000000000e+00,0.000000000000000000e+00,0.000000000000000000e+00,0.000000000000000000e+00,0.000000000000000000e+00,0.000000000000000000e+00,0.000000000000000000e+00,0.000000000000000000e+00,0.000000000000000000e+00,0.000000000000000000e+00,0.000000000000000000e+00,0.000000000000000000e+00
9.999999999999999293e-41,9.999999999999999293e-41,9.999999999999999293e-41,9.999999999999999293e-41,9.999999999999999293e-41,9.999999999999999293e-41,9.999999999999999293e-41,9.999999999999999293e-41,9.999999999999999293e-41,9.999999999999999293e-41,9.999999999999999293e-41,9.999999999999999293e-41,9.999999999999999293e-41,9.999999999999999293e-41,9.999999999999999293e-41,9.999999999999999293e-41,9.999999999999999293e-41,9.999999999999999293e-41,9.999999999999999293e-41,9.999999999999999293e-41,9.999999999999999293e-41,9.999999999999999293e-41,9.999999999999999293e-41,9.999999999999999293e-41,4.730214114741006383e-21,1.407933031156131056e-20,3.953361755130509726e-20,1.045074499211648486e-19,2.598982015861009851e-19,6.083844367075851414e-19,1.342935744629854686e-18,2.803523304415645235e-18,5.556535613625589671e-18,1.050483716866846577e-17,1.904310527913044627e-17,3.328961054895150075e-17,5.644633560096473132e-17,9.338224250442169243e-17,1.515981277909821474e-16,2.428280748682455314e-16,3.857459531354027044e-16,6.105742565084929577e-16,9.671830105108467194e-16,1.541981522672949455e-15,2.509905693675534667e-15,4.305476909432201256e-15,8.031375685930135586e-15,1.614978688338654816e-14,3.350917252821214111e-14,6.911079404980110832e-14,1.396680009224804435e-13,2.770199664534251148e-13,5.435631458758299965e-13,1.064608630570762197e-12,2.097429639602163682e-12,4.181825937521026707e-12,8.475286089599823119e-12,1.751667515486674911e-11,3.707157116612731259e-11,8.155836430703543273e-11,1.898172063304291085e-10,4.609974067163785542e-10,1.139118551382265379e-09,2.838106553035304900e-09,7.153633980513222748e-09,1.835365109057108704e-08,4.816677177899194890e-08,1.297119932389255661e-07,3.590945411295696536e-07,1.022712649594321519e-06,2.995230924142166941e-06,8.997080740187070428e-06,2.750709648102281978e-05,8.391649872914510038e-05,0.000000000000000000e+00,0.000000000000000000e+00,0.000000000000000000e+00,0.000000000000000000e+00,0.000000000000000000e+00,0.000000000000000000e+00,0.000000000000000000e+00,0.000000000000000000e+00,0.000000000000000000e+00,0.000000000000000000e+00,0.000000000000000000e+00,0.000000000000000000e+00,0.000000000000000000e+00,0.000000000000000000e+00,0.000000000000000000e+00,0.000000000000000000e+00,0.000000000000000000e+00,0.000000000000000000e+00,0.000000000000000000e+00,0.000000000000000000e+00,0.000000000000000000e+00,0.000000000000000000e+00,0.000000000000000000e+00,0.000000000000000000e+00,0.000000000000000000e+00,0.000000000000000000e+00
9.999999999999999293e-41,9.999999999999999293e-41,9.999999999999999293e-41,9.999999999999999293e-41,9.999999999999999293e-41,9.999999999999999293e-41,9.999999999999999293e-41,9.999999999999999293e-41,9.999999999999999293e-41,9.999999999999999293e-41,9.999999999999999293e-41,9.999999999999999293e-41,9.999999999999999293e-41,9.999999999999999293e-41,9.999999999999999293e-41,9.999999999999999293e-41,9.999999999999999293e-41,9.999999999999999293e-41,9.999999999999999293e-41,9.999999999999999293e-41,9.999999999999999293e-41,9.999999999999999293e-41,9.999999999999999293e-41,9.999999999999999293e-41,6.691756092967962524e-21,1.774186034816553514e-20,4.467925272520288842e-20,1.067578934432358257e-19,2.420272557853266499e-19,5.211020951588559389e-19,1.067582205500373673e-18,2.086867059374901758e-18,3.905820093894430314e-18,7.027698742678694614e-18,1.221135468697667404e-17,2.058973045023645897e-17,3.385658401814213748e-17,5.457312642896123414e-17,8.674988135556165743e-17,1.373228888398858471e-16,2.204186457466416244e-16,3.679758421422252759e-16,6.502161690967432610e-16,1.207384777878246020e-15,2.295443348148284581e-15,4.358232216604074711e-15,8.156881194860818815e-15,1.501590415884494448e-14,2.729424397539677813e-14,4.929195604845757212e-14,8.901454932174834192e-14,1.616654418982019627e-13,2.966856439142726782e-13,5.522249655553248589e-13,1.045496402713348784e-12,2.020187955201708849e-12,4.065112634891527278e-12,9.039591853937961846e-12,2.250457434403526744e-11,5.803211336595862018e-11,1.462972186523358645e-10,3.582874673322691747e-10,8.646167486314753332e-10,2.087585126202938906e-09,5.099769749637261844e-09,1.269551971290852975e-08,3.234655443988268724e-08,8.456564926481112799e-08,2.271920070661291983e-07,6.276818517134650207e-07,1.783262180960448292e-06,5.202646711695186725e-06,1.551920005282500859e-05,4.678634329495945133e-05,1.385550961905301817e-04,0.000000000000000000e+00,0.000000000000000000e+00,0.000000000000000000e+00,0.000000000000000000e+00,0.000000000000000000e+00,0.000000000000000000e+00,0.000000000000000000e+00,0.000000000000000000e+00,0.000000000000000000e+00,0.000000000000000000e+00,0.000000000000000000e+00,0.000000000000000000e+00,0.000000000000000000e+00,0.000000000000000000e+00,0.000000000000000000e+00,0.000000000000000000e+00,0.000000000000000000e+00,0.000000000000000000e+00,0.000000000000000000e+00,0.000000000000000000e+00,0.000000000000000000e+00,0.000000000000000000e+00,0.000000000000000000e+00,0.000000000000000000e+00,0.000000000000000000e+00
9.999999999999999293e-41,9.999999999999999293e-41,9.999999999999999293e-41,9.999999999999999293e-41,9.999999999999999293e-41,9.999999999999999293e-41,9.999999999999999293e-41,9.999999999999999293e-41,9.999999999999999293e-41,9.999999999999999293e-41,9.999999999999999293e-41,9.999999999999999293e-41,9.999999999999999293e-41,9.999999999999999293e-41,9.999999999999999293e-41,9.999999999999999293e-41,9.999999999999999293e-41,9.999999999999999293e-41,9.999999999999999293e-41,9.999999999999999293e-41,9.999999999999999293e-41,9.999999999999999293e-41,9.999999999999999293e-41,2.477860589006041355e-21,6.224016631273906891e-21,1.499756234403310115e-20,3.460532027185377391e-20,7.639077076248287675e-20,1.613275629344893982e-19,3.263003892536197488e-19,6.336687618178046473e-19,1.187047964674513021e-18,2.161753871839468371e-18,3.869988524725609827e-18,6.897550216330469211e-18,1.236321031342436807e-17,2.235210714506854792e-17,4.056286016968033489e-17,7.322842243019140268e-17,1.304413441010236132e-16,2.281947784256511552e-16,3.917483363062821287e-16,6.613788732933909554e-16,1.102388550250452113e-15,1.822594760636853553e-15,3.003426410497425937e-15,4.955369708795911063e-15,8.219180510644135972e-15,1.375284204240632166e-14,2.328311182437320293e-14,3.997848983435463147e-14,6.977125865589408580e-14,1.245150948528866948e-13,2.347015883914481711e-13,4.963812869947832723e-13,1.172313347257162990e-12,2.852220457080489536e-12,6.760621752154454636e-12,1.547700106713418062e-11,3.463307407467233863e-11,7.689525239229897445e-11,1.714605051418549311e-10,3.872313249000283721e-10,8.907057007812839716e-10,2.094154993211424451e-09,5.043994120450322731e-09,1.246448396439528810e-08,3.163305432187361856e-08,8.250178651610952073e-08,2.212178604595921737e-07,6.098384642460297723e-07,1.727149282341294979e-06,5.012634884214467043e-06,1.480603322895319078e-05,4.374994022286850584e-05,1.242746662005940765e-04,0.000000000000000000e+00,0.000000000000000000e+00,0.000000000000000000e+00,0.000000000000000000e+00,0.000000000000000000e+00,0.000000000000000000e+00,0.000000000000000000e+00,0.000000000000000000e+00,0.000000000000000000e+00,0.000000000000000000e+00,0.000000000000000000e+00,0.000000000000000000e+00,0.000000000000000000e+00,0.000000000000000000e+00,0.000000000000000000e+00,0.000000000000000000e+00,0.000000000000000000e+00,0.000000000000000000e+00,0.000000000000000000e+00,0.000000000000000000e+00,0.000000000000000000e+00,0.000000000000000000e+00,0.000000000000000000e+00,0.000000000000000000e+00
9.999999999999999293e-41,9.999999999999999293e-41,9.999999999999999293e-41,9.999999999999999293e-41,9.999999999999999293e-41,9.999999999999999293e-41,9.999999999999999293e-41,9.999999999999999293e-41,9.999999999999999293e-41,9.999999999999999293e-41,9.999999999999999293e-41,9.999999999999999293e-41,9.999999999999999293e-41,9.999999999999999293e-41,9.999999999999999293e-41,9.999999999999999293e-41,9.999999999999999293e-41,9.999999999999999293e-41,9.999999999999999293e-41,9.999999999999999293e-41,9.999999999999999293e-41,9.999999999999999293e-41,1.183914318345599815e-21,2.959778002826217759e-21,7.239239301283787786e-21,1.727727894569937456e-20,4.012006156276957954e-20,9.038113009944372137e-20,1.969759036796576818e-19,4.143436873873665465e-19,8.399419821327791504e-19,1.639948994949170136e-18,3.085356967823757247e-18,5.601630683182289872e-18,9.837816266026455311e-18,1.676633020284658450e-17,2.783054789849133046e-17,4.517916611121884159e-17,7.203493808698830079e-17,1.132958021023444162e-16,1.765168704340172464e-16,2.735366704521242501e-16,4.231889193204938796e-16,6.559015248015141061e-16,1.021579680562907658e-15,1.603338814071079753e-15,2.541754637583143463e-15,4.079208425343454815e-15,6.659628517279195047e-15,1.128383515454339158e-14,2.074003044830669529e-14,4.238225812310258568e-14,9.250907646676226150e-14,2.031887656772399442e-13,4.356612323010301937e-13,9.093218237099259563e-13,1.864230992111741324e-12,3.795978942092120575e-12,7.751109296674980797e-12,1.598750168604181513e-11,3.348342708922660702e-11,7.146015819809204217e-11,1.557922338762602907e-10,3.475450056014345286e-10,7.943140258802899103e-10,1.861552382032827480e-09,4.476461462229305060e-09,1.105092447831820805e-08,2.802002717125486905e-08,7.299522839632660291e-08,1.954093870588067982e-07,5.373795386580992077e-07,1.516006129221405380e-06,4.369998188681176564e-06,1.274118775653045029e-05,3.666854164715805601e-05,0.000000000000000000e+00,0.000000000000000000e+00,0.000000000000000000e+00,0.000000000000000000e+00,0.000000000000000000e+00,0.000000000000000000e+00,0.000000000000000000e+00,0.000000000000000000e+00,0.000000000000000000e+00,0.000000000000000000e+00,0.000000000000000000e+00,0.000000000000000000e+00,0.000000000000000000e+00,0.000000000000000000e+00,0.000000000000000000e+00,0.000000000000000000e+00,0.000000000000000000e+00,0.000000000000000000e+00,0.000000000000000000e+00,0.000000000000000000e+00,0.000000000000000000e+00,0.000000000000000000e+00,0.000000000000000000e+00,0.000000000000000000e+00
9.999999999999999293e-41,9.999999999999999293e-41,9.999999999999999293e-41,9.999999999999999293e-41,9.999999999999999293e-41,9.999999999999999293e-41,9.999999999999999293e-41,9.999999999999999293e-41,9.999999999999999293e-41,9.999999999999999293e-41,9.999999999999999293e-41,9.999999999999999293e-41,9.999999999999999293e-41,9.999999999999999293e-41,9.999999999999999293e-41,9.999999999999999293e-41,9.999999999999999293e-41,9.999999999999999293e-41,9.999999999999999293e-41,9.999999999999999293e-41,9.999999999999999293e-41,9.999999999999999293e-41,2.226972748011357330e-21,5.213761713800785300e-21,1.188196555687499091e-20,2.627979703996735200e-20,5.627638130252585829e-20,1.164827413114712194e-19,2.328265897098680788e-19,4.493072209173593989e-19,8.375962532300678950e-19,1.510197906409796694e-18,2.638412518510642153e-18,4.477245452864264070e-18,7.400505835488481813e-18,1.195360878467651738e-17,1.893237217504982884e-17,2.950833117211626447e-17,4.542496164956115525e-17,6.931296631348474695e-17,1.051989812411773053e-16,1.593380979009073597e-16,2.415852733926496683e-16,3.677481499881897641e-16,5.643077550353999389e-16,8.823972922204264086e-16,1.443151461743568106e-15,2.549194473956835875e-15,4.879988581930037446e-15,9.774659045795162655e-15,1.967138945971470574e-14,3.892412557518347257e-14,7.543648388318261864e-14,1.439355998590626409e-13,2.725439590654079471e-13,5.161253415680748356e-13,9.838742454415279619e-13,1.897427294191419781e-12,3.715807125123393752e-12,7.409471360291123944e-12,1.507499687739595378e-11,3.139868621498143683e-11,6.751383794759769489e-11,1.505695619877142184e-10,3.455701598655757743e-10,8.088325051909050963e-10,1.925916064956681431e-09,4.673745220685244404e-09,1.159109973844053366e-08,2.944106526463489349e-08,7.669260341793892025e-08,2.050160194693305307e-07,5.622144265566665766e-07,1.578341223858245890e-06,4.509794639132894531e-06,1.292646205123009260e-05,3.595372440141307433e-05,0.000000000000000000e+00,0.000000000000000000e+00,0.000000000000000000e+00,0.000000000000000000e+00,0.000000000000000000e+00,0.000000000000000000e+00,0.000000000000000000e+00,0.000000000000000000e+00,0.000000000000000000e+00,0.000000000000000000e+00,0.000000000000000000e+00,0.000000000000000000e+00,0.000000000000000000e+00,0.000000000000000000e+00,0.000000000000000000e+00,0.000000000000000000e+00,0.000000000000000000e+00,0.000000000000000000e+00,0.000000000000000000e+00,0.000000000000000000e+00,0.000000000000000000e+00,0.000000000000000000e+00,0.000000000000000000e+00
9.999999999999999293e-41,9.999999999999999293e-41,9.999999999999999293e-41,9.999999999999999293e-41,9.999999999999999293e-41,9.999999999999999293e-41,9.999999999999999293e-41,9.999999999999999293e-41,9.999999999999999293e-41,9.999999999999999293e-41,9.999999999999999293e-41,9.999999999999999293e-41,9.999999999999999293e-41,9.999999999999999293e-41,9.999999999999999293e-41,9.999999999999999293e-41,9.999999999999999293e-41,9.999999999999999293e-41,9.999999999999999293e-41,9.999999999999999293e-41,9.999999999999999293e-41,1.378112311733690030e-21,3.001324142108829525e-21,6.401582242424432602e-21,1.333584819394864692e-20,2.707355061888753583e-20,5.346993521656015312e-20,1.026204373325049070e-19,1.912827317628776571e-19,3.462967061115111427e-19,6.092983177632067364e-19,1.043049628082206667e-18,1.740205152160869421e-18,2.835333573746340154e-18,4.522451633608793929e-18,7.081077747275862705e-18,1.091513296149110998e-17,1.661498945583089013e-17,2.505525691076779269e-17,3.757572999969802371e-17,5.641186511659022558e-17,8.588753801715361855e-17,1.353686988396466772e-16,2.250696755804782545e-16,3.952693864563619439e-16,7.193372942387308497e-16,1.322969968914968254e-15,2.416223223792925132e-15,4.351674530147430945e-15,7.732127781650834310e-15,1.361110648236611675e-14,2.386759883649482926e-14,4.191826444195133548e-14,7.408565518628924662e-14,1.322838830058239459e-13,2.393773847924444817e-13,4.400649987443414997e-13,8.234724384766796925e-13,1.574851206945837002e-12,3.155515904601794695e-12,6.956806200281223584e-12,1.674382614346337197e-11,4.117909180330677669e-11,9.940212541405609236e-11,2.349609595128988447e-10,5.503243886224436325e-10,1.293068664224202307e-09,3.075714515880389701e-09,7.449908279340330660e-09,1.844173476341923655e-08,4.675366264291669571e-08,1.215262584236389579e-07,3.239356603617822844e-07,8.846069124759185373e-07,2.466503287428234212e-06,6.960829186529045040e-06,1.947650303358908864e-05,5.167748523283247086e-05,0.000000000000000000e+00,0.000000000000000000e+00,0.000000000000000000e+00,0.000000000000000000e+00,0.000000000000000000e+00,0.000000000000000000e+00,0.000000000000000000e+00,0.000000000000000000e+00,0.000000000000000000e+00,0.000000000000000000e+00,0.000000000000000000e+00,0.000000000000000000e+00,0.000000000000000000e+00,0.000000000000000000e+00,0.000000000000000000e+00,0.000000000000000000e+00,0.000000000000000000e+00,0.000000000000000000e+00,0.000000000000000000e+00,0.000000000000000000e+00,0.000000000000000000e+00,0.000000000000000000e+00
9.999999999999999293e-41,9.999999999999999293e-41,9.999999999999999293e-41,9.999999999999999293e-41,9.999999999999999293e-41,9.999999999999999293e-41,9.999999999999999293e-41,9.999999999999999293e-41,9.999999999999999293e-41,9.999999999999999293e-41,9.999999999999999293e-41,9.999999999999999293e-41,9.999999999999999293e-41,9.999999999999999293e-41,9.999999999999999293e-41,9.999999999999999293e-41,9.999999999999999293e-41,9.999999999999999293e-41,9.999999999999999293e-41,9.999999999999999293e-41,9.150875701999277716e-22,1.864331946902942909e-21,3.744357080323570595e-21,7.393718059127749063e-21,1.432112663211608358e-20,2.715728322747449306e-20,5.034597677091049508e-20,9.115492943651472898e-20,1.611076523944439121e-19,2.779631161156947752e-19,4.684078990562160986e-19,7.718957427695176728e-19,1.246704872338194187e-18,1.981222058736737141e-18,3.117976063999928614e-18,4.904893909743329090e-18,7.796310738173497093e-18,1.262917124807401108e-17,2.089599133660003969e-17,3.513557525943692405e-17,5.947693337504175744e-17,1.004314799136423162e-16,1.681175491231500974e-16,2.782761091300002818e-16,4.556707731293719911e-16,7.398595827165118805e-16,1.195179015890109434e-15,1.928005075946610648e-15,3.117096054367332397e-15,5.067663766497730630e-15,8.309116166886184088e-15,1.377471360630205149e-14,2.313666120619919216e-14,3.944264168268115954e-14,6.836186098260484504e-14,1.213208827174030443e-13,2.286869949892429665e-13,4.857016889116787372e-13,1.145329904325960805e-12,2.761519750921988100e-12,6.464627854944722186e-12,1.459778300780911786e-11,3.218836520645814857e-11,7.032943119399356918e-11,1.540730470219931545e-10,3.412467918932844927e-10,7.683146863901247802e-10,1.764675189203189972e-09,4.144006880907419408e-09,9.963763479342595028e-09,2.455126150612688205e-08,6.203003491313165083e-08,1.607179883409511229e-07,4.267967823483958844e-07,1.159375523450490564e-06,3.205145403335486964e-06,8.906470743630856210e-06,2.419067614179474821e-05,0.000000000000000000e+00,0.000000000000000000e+00,0.000000000000000000e+00,0.000000000000000000e+00,0.000000000000000000e+00,0.000000000000000000e+00,0.000000000000000000e+00,0.000000000000000000e+00,0.000000000000000000e+00,0.000000000000000000e+00,0.000000000000000000e+00,0.000000000000000000e+00,0.000000000000000000e+00,0.000000000000000000e+00,0.000000000000000000e+00,0.000000000000000000e+00,0.000000000000000000e+00,0.000000000000000000e+00,0.000000000000000000e+00,0.000000000000000000e+00,0.000000000000000000e+00,0.000000000000000000e+00
9.999999999999999293e-41,9.999999999999999293e-41,9.999999999999999293e-41,9.999999999999999293e-41,9.999999999999999293e-41,9.999999999999999293e-41,9.999999999999999293e-41,9.999999999999999293e-41,9.999999999999999293e-41,9.999999999999999293e-41,9.999999999999999293e-41,9.999999999999999293e-41,9.999999999999999293e-41,9.999999999999999293e-41,9.999999999999999293e-41,9.999999999999999293e-41,9.999999999999999293e-41,9.999999999999999293e-41,9.999999999999999293e-41,5.761173268561921843e-22,1.116653747008749428e-21,2.155612384639178190e-21,4.139136402671049023e-21,7.897602336172467214e-21,1.496138629736818507e-20,2.811652947881111225e-20,5.236102493275862160e-20,9.649265333713741470e-20,1.756542398729346706e-19,3.152321478434523067e-19,5.565993543863806539e-19,9.652362463036384403e-19,1.641902252256624984e-18,2.738042465703529935e-18,4.476561728294951642e-18,7.181724829296166398e-18,1.132204547229293439e-17,1.757507515665292268e-17,2.692638481988582199e-17,4.082426475444260034e-17,6.142320595767421517e-17,9.197184089202507274e-17,1.374354631151640131e-16,2.055055117906214457e-16,3.082645066588595873e-16,4.649492450916320412e-16,7.066070415242655372e-16,1.084069593068626872e-15,1.681759308885405473e-15,2.642003926288732104e-15,4.210520771496387383e-15,6.855120780020018834e-15,1.171551006532857094e-14,2.197574775553033639e-14,4.554151076980026535e-14,9.899018848232867363e-14,2.139639596841109605e-13,4.500777933111698055e-13,9.224270717655885663e-13,1.859768211098680957e-12,3.727775913511817744e-12,7.494516072246708342e-12,1.521294843333639732e-11,3.132613641922561855e-11,6.565007284258866448e-11,1.403355450018445971e-10,3.064586792089199870e-10,6.844207845659369552e-10,1.564477646399902801e-09,3.662464615592798747e-09,8.785091238802119274e-09,2.159870272409382893e-08,5.443549474616683060e-08,1.406022391946773384e-07,3.717757920013879096e-07,1.003270040947360555e-06,2.742438982954742449e-06,7.462662573269934371e-06,1.947819356107086697e-05,0.000000000000000000e+00,0.000000000000000000e+00,0.000000000000000000e+00,0.000000000000000000e+00,0.000000000000000000e+00,0.000000000000000000e+00,0.000000000000000000e+00,0.000000000000000000e+00,0.000000000000000000e+00,0.000000000000000000e+00,0.000000000000000000e+00,0.000000000000000000e+00,0.000000000000000000e+00,0.000000000000000000e+00,0.000000000000000000e+00,0.000000000000000000e+00,0.000000000000000000e+00,0.000000000000000000e+00,0.000000000000000000e+00,0.000000000000000000e+00,0.000000000000000000e+00
9.999999999999999293e-41,9.999999999999999293e-41,9.999999999999999293e-41,9.999999999999999293e-41,9.999999999999999293e-41,9.999999999999999293e-41,9.999999999999999293e-41,9.999999999999999293e-41,9.999999999999999293e-41,9.999999999999999293e-41,9.999999999999999293e-41,9.999999999999999293e-41,9.999999999999999293e-41,9.999999999999999293e-41,9.999999999999999293e-41,9.999999999999999293e-41,9.999999999999999293e-41,9.999999999999999293e-41,5.110821907889719108e-22,9.632097988114430587e-22,1.814084720323206937e-21,3.404854599249919936e-21,6.351361339692084705e-21,1.174406851896583039e-20,2.147258053088393365e-20,3.873522110766689812e-20,6.880931902769736150e-20,1.201763221927964173e-19,2.061189767544129699e-19,3.469234269844995670e-19,5.728417261143340850e-19,9.281232116695980836e-19,1.476412275506336992e-18,2.308212229748824644e-18,3.551541236929950129e-18,5.387270937634031298e-18,8.071620291891237329e-18,1.197094657762278334e-17,1.761375639043961543e-17,2.577167838841793170e-17,3.758517280373544527e-17,5.476193794220325655e-17,7.989005177350826752e-17,1.169437523818643796e-16,1.721036661165939146e-16,2.551084060814040152e-16,3.815954953321832144e-16,5.781368326355318664e-16,8.978898099851107601e-16,1.468527609178570832e-15,2.599398800023625412e-15,4.955687894204969664e-15,9.805050401682601827e-15,1.941210626367326029e-14,3.778114767807583515e-14,7.212792143028375773e-14,1.357877683686665008e-13,2.539677940659179827e-13,4.752777751526390551e-13,8.952091791849330098e-13,1.704868535638716140e-12,3.293954318334820344e-12,6.472620351326621745e-12,1.295856091659270447e-11,2.646856867845323532e-11,5.521763905059326624e-11,1.177655414623501756e-10,2.569246727509149595e-10,5.734987160817127709e-10,1.310106031687600686e-09,3.064021888286826105e-09,7.339162505142541427e-09,1.800884395379664822e-08,4.527009771230157936e-08,1.165180822416823801e-07,3.065290356795312019e-07,8.205775129517859163e-07,2.211968900136068650e-06,5.865751781114027702e-06,1.460232716658824110e-05,0.000000000000000000e+00,0.000000000000000000e+00,0.000000000000000000e+00,0.000000000000000000e+00,0.000000000000000000e+00,0.000000000000000000e+00,0.000000000000000000e+00,0.000000000000000000e+00,0.000000000000000000e+00,0.000000000000000000e+00,0.000000000000000000e+00,0.000000000000000000e+00,0.000000000000000000e+00,0.000000000000000000e+00,0.000000000000000000e+00,0.000000000000000000e+00,0.000000000000000000e+00,0.000000000000000000e+00,0.000000000000000000e+00,0.000000000000000000e+00
9.999999999999999293e-41,9.999999999999999293e-41,9.999999999999999293e-41,9.999999999999999293e-41,9.999999999999999293e-41,9.999999999999999293e-41,9.999999999999999293e-41,9.999999999999999293e-41,9.999999999999999293e-41,9.999999999999999293e-41,9.999999999999999293e-41,9.999999999999999293e-41,9.999999999999999293e-41,9.999999999999999293e-41,9.999999999999999293e-41,9.999999999999999293e-41,2.744392052466006775e-22,4.837571972874118726e-22,8.553077764523219360e-22,1.513017809603954967e-21,2.671336703233013024e-21,4.696183253580591509e-21,8.201921325648370627e-21,1.420162082366544680e-20,2.433342380721830450e-20,4.119098023867156499e-20,6.879649292781497632e-20,1.132516367143190787e-19,1.836293818921579961e-19,2.931654909295305060e-19,4.608550962000678355e-19,7.135855447881097894e-19,1.089064498254802830e-18,1.639894285417077597e-18,2.439357511189576173e-18,3.589869991998313889e-18,5.235363824108477193e-18,7.580170663239697860e-18,1.091696783843573375e-17,1.567024868939127017e-17,2.246263482867172428e-17,3.221915318997009217e-17,4.634148167244281380e-17,6.706080904099741566e-17,9.837563244710424409e-17,1.485692527096453349e-16,2.357085317521464080e-16,3.970724779488043756e-16,7.027245954561161894e-16,1.274769116279568445e-15,2.318081824035550547e-15,4.174977704470224159e-15,7.426497683083288785e-15,1.307932610328791169e-14,2.291449993630510599e-14,4.014110130734429540e-14,7.064279398691599516e-14,1.253905164504531749e-13,2.251947441198333502e-13,4.102327474123191182e-13,7.594624075171395756e-13,1.430964356034560127e-12,2.749535327722936145e-12,5.427213608496231285e-12,1.114422268892031746e-11,2.380031961319191022e-11,5.208405509635965013e-11,1.154033495459616008e-10,2.582198594047042318e-10,5.849918156233697025e-10,1.346777582006873911e-09,3.160443340225903735e-09,7.575323111278535286e-09,1.856845011490309219e-08,4.656339399154997746e-08,1.193835950484065222e-07,3.122001056085522637e-07,8.276488860085738910e-07,2.193044290130416339e-06,5.635505356243051900e-06,0.000000000000000000e+00,0.000000000000000000e+00,0.000000000000000000e+00,0.000000000000000000e+00,0.000000000000000000e+00,0.000000000000000000e+00,0.000000000000000000e+00,0.000000000000000000e+00,0.000000000000000000e+00,0.000000000000000000e+00,0.000000000000000000e+00,0.000000000000000000e+00,0.000000000000000000e+00,0.000000000000000000e+00,0.000000000000000000e+00,0.000000000000000000e+00,0.000000000000000000e+00,0.000000000000000000e+00,0.000000000000000000e+00,0.000000000000000000e+00
9.999999999999999293e-41,9.999999999999999293e-41,9.999999999999999293e-41,9.999999999999999293e-41,9.999999999999999293e-41,9.999999999999999293e-41,9.999999999999999293e-41,9.999999999999999293e-41,9.999999999999999293e-41,9.999999999999999293e-41,9.999999999999999293e-41,9.999999999999999293e-41,9.999999999999999293e-41,9.999999999999999293e-41,9.999999999999999293e-41,2.971046524128708389e-22,4.900465672792835445e-22,8.123940635532102636e-22,1.350779348284769686e-21,2.247852522605554870e-21,3.736181041467257238e-21,6.190223278925913302e-21,1.020458551447269876e-20,1.670916781012944959e-20,2.713413874485279390e-20,4.364229077719263747e-20,6.944808780795838530e-20,1.092478601480521756e-19,1.697959581104716000e-19,2.606676248747086761e-19,3.952878425364073994e-19,5.922832023774594013e-19,8.773851576166801626e-19,1.286047935298198629e-18,1.867219524236763392e-18,2.688721596779789397e-18,3.845497373759364080e-18,5.472569607274303995e-18,7.769353250961843065e-18,1.105328550605617733e-17,1.588262083509098462e-17,2.331358954310202889e-17,3.536239524145032118e-17,5.571934754054527163e-17,9.075580434593822686e-17,1.509304449951413444e-16,2.528943648004835248e-16,4.229008736247882198e-16,7.026401829448119234e-16,1.159299684988506278e-15,1.903098180997569868e-15,3.117973941846267949e-15,5.115995901611318069e-15,8.434771685252973577e-15,1.401517114730287973e-14,2.352925796991429621e-14,3.999652607074288830e-14,6.895869660074826135e-14,1.207586633229753077e-13,2.152233343149539496e-13,3.950962461829882494e-13,7.763827933334061829e-13,1.678185342771940997e-12,3.842598129052861412e-12,8.819359659237743352e-12,1.982184957017239760e-11,4.372027265374201583e-11,9.563368495541177071e-11,2.096077283453592221e-10,4.639366027268513001e-10,1.042466625246100066e-09,2.386161896370421371e-09,5.575577141740963697e-09,1.331593040865782906e-08,3.252293095443357868e-08,8.122285030578617045e-08,2.071329362657755516e-07,5.374003862810973649e-07,1.406179169614762443e-06,3.640264754389891331e-06,8.969793671731937781e-06,0.000000000000000000e+00,0.000000000000000000e+00,0.000000000000000000e+00,0.000000000000000000e+00,0.000000000000000000e+00,0.000000000000000000e+00,0.000000000000000000e+00,0.000000000000000000e+00,0.000000000000000000e+00,0.000000000000000000e+00,0.000000000000000000e+00,0.000000000000000000e+00,0.000000000000000000e+00,0.000000000000000000e+00,0.000000000000000000e+00,0.000000000000000000e+00,0.000000000000000000e+00,0.000000000000000000e+00,0.000000000000000000e+00
9.999999999999999293e-41,9.999999999999999293e-41,9.999999999999999293e-41,9.999999999999999293e-41,9.999999999999999293e-41,9.999999999999999293e-41,9.999999999999999293e-41,9.999999999999999293e-41,9.999999999999999293e-41,9.999999999999999293e-41,9.999999999999999293e-41,9.999999999999999293e-41,9.999999999999999293e-41,1.820652743111624598e-22,2.804120966877663315e-22,4.356520619336067373e-22,6.815324267405625777e-22,1.071643509682929338e-21,1.690657561893477156e-21,2.671334355942303384e-21,4.219951683683290120e-21,6.653749353205762506e-21,1.045501770526026925e-20,1.634724858280348294e-20,2.540202887786583846e-20,3.918256935741023373e-20,5.994145481166387913e-20,9.087725722328997315e-20,1.364842696629471713e-19,2.030136231405067336e-19,2.991422976455176678e-19,4.369690379797418712e-19,6.337394600764168456e-19,9.150547629473585139e-19,1.320871910947544904e-18,1.916537824570855964e-18,2.811479736451530707e-18,4.188600057039845191e-18,6.347066684340756808e-18,9.761706234053375421e-18,1.516489331517231600e-17,2.366255763143870431e-17,3.690560643174504836e-17,5.735641319409560106e-17,8.871249594214461345e-17,1.365912374892475950e-16,2.096492809496144098e-16,3.214170214855910892e-16,4.933485132731641425e-16,7.599363311484588584e-16,1.177417978567279974e-15,1.838726504451610365e-15,2.899711723833882955e-15,4.625272400416303868e-15,7.472719587105263612e-15,1.224387841154162114e-14,2.039946230289191590e-14,3.507525464794197678e-14,6.485833726926332264e-14,1.330399628049026261e-13,2.925066023024955940e-13,6.486318091200084175e-13,1.404433983800625939e-12,2.959275907054270121e-12,6.122321113787899155e-12,1.257403590878343840e-11,2.587636821811044996e-11,5.372819713159758324e-11,1.130962300048758523e-10,2.421314266661886771e-10,5.283752558954951292e-10,1.176900420387826059e-09,2.678324687214687991e-09,6.231251179740676239e-09,1.482550196543671631e-08,3.606943343937306867e-08,8.966656104579408241e-08,2.272683266883504685e-07,5.842514711660255479e-07,1.505624714561444465e-06,3.794381294515570481e-06,8.924588264906025252e-06,0.000000000000000000e+00,0.000000000000000000e+00,0.000000000000000000e+00,0.000000000000000000e+00,0.000000000000000000e+00,0.000000000000000000e+00,0.000000000000000000e+00,0.000000000000000000e+00,0.000000000000000000e+00,0.000000000000000000e+00,0.000000000000000000e+00,0.000000000000000000e+00,0.000000000000000000e+00,0.000000000000000000e+00,0.000000000000000000e+00,0.000000000000000000e+00,0.000000000000000000e+00,0.000000000000000000e+00
9.999999999999999293e-41,9.999999999999999293e-41,9.999999999999999293e-41,9.999999999999999293e-41,9.999999999999999293e-41,9.999999999999999293e-41,9.999999999999999293e-41,9.999999999999999293e-41,9.999999999999999293e-41,9.999999999999999293e-41,9.999999999999999293e-41,1.269053750571505045e-22,1.830526619630232463e-22,2.670333373942521857e-22,3.933907044712856178e-22,5.844195753483934288e-22,8.742746630040572458e-22,1.315123923002014871e-21,1.986508995966813095e-21,3.009329193050443351e-21,4.566722200948055008e-21,6.935731225686228848e-21,1.053483647452048257e-20,1.599710821489511575e-20,2.428239918852961222e-20,3.685111477349873231e-20,5.593421356827270549e-20,8.494698745584814830e-20,1.291124574028743284e-19,1.963918230212204437e-19,2.987965027438106419e-19,4.542597416636339670e-19,6.891854398443579101e-19,1.041897558905636901e-18,1.567262097172147072e-18,2.343157608395494126e-18,3.479274460763959635e-18,5.129897920093593551e-18,7.512469870221128939e-18,1.093523895161618051e-17,1.583894130633140941e-17,2.286054723133631966e-17,3.293081776684894638e-17,4.742639108244036992e-17,6.840708170955664621e-17,9.899383938345361217e-17,1.439691381409973920e-16,2.107544350569512590e-16,3.110076604435138478e-16,4.632759095839498805e-16,6.974442066495888939e-16,1.062364981534514973e-15,1.640093279429565601e-15,2.583635828757450074e-15,4.244489514078465863e-15,7.512163975298838112e-15,1.442915767160210391e-14,2.907492000742964379e-14,5.894423178065037894e-14,1.175674366724252426e-13,2.298247028728303884e-13,4.426670195858944500e-13,8.467187125607594198e-13,1.620320524016363311e-12,3.120872455400749471e-12,6.077467703408149154e-12,1.200504854778053749e-11,2.411078986657242141e-11,4.931539842202339660e-11,1.028447795773554882e-10,2.188710595996045499e-10,4.756436394112017823e-10,1.056027427368391727e-09,2.396266043088767864e-09,5.558558048318264145e-09,1.318149113228408515e-08,3.194226698987691552e-08,7.899734835477323276e-08,1.987589307659188991e-07,5.050929745013761328e-07,1.276294843362141096e-06,3.107321413556190577e-06,6.901812309551259423e-06,0.000000000000000000e+00,0.000000000000000000e+00,0.000000000000000000e+00,0.000000000000000000e+00,0.000000000000000000e+00,0.000000000000000000e+00,0.000000000000000000e+00,0.000000000000000000e+00,0.000000000000000000e+00,0.000000000000000000e+00,0.000000000000000000e+00,0.000000000000000000e+00,0.000000000000000000e+00,0.000000000000000000e+00,0.000000000000000000e+00,0.000000000000000000e+00,0.000000000000000000e+00
9.999999999999999293e-41,9.999999999999999293e-41,9.999999999999999293e-41,9.999999999999999293e-41,9.999999999999999293e-41,9.999999999999999293e-41,9.999999999999999293e-41,9.999999999999999293e-41,9.021602931039173681e-23,1.215200010871521121e-22,1.662147177663496592e-22,2.306310170887632817e-22,3.243071078193574992e-22,4.616983685473172885e-22,6.647993323666768331e-22,9.671696048306458708e-22,1.420154391547605440e-21,2.102334285322430295e-21,3.134096762901687685e-21,4.699304378443708900e-21,7.078250297572045185e-21,1.069601798532518547e-20,1.619331170468105331e-20,2.452862339961483745e-20,3.712283881487764676e-20,5.605969839605126049e-20,8.436283767301201148e-20,1.263679065394726902e-19,1.882225913529590959e-19,2.785394605289351796e-19,4.092774575260005979e-19,5.968844465478498469e-19,8.638976523295141434e-19,1.240991789299669565e-18,1.770084037665894594e-18,2.508288129303678616e-18,3.534160167776262668e-18,4.956178189599950445e-18,6.925652706026778099e-18,9.655503028188190355e-18,1.344857997226404343e-17,1.873988504224190483e-17,2.616179939515624260e-17,3.664221033732330671e-17,5.155959083304971896e-17,7.298272603551820529e-17,1.040530266736890640e-16,1.495988899958638375e-16,2.171449184780138166e-16,3.188418684682264073e-16,4.764991863596917012e-16,7.362904801589658179e-16,1.203376388724581621e-15,2.102164751783568908e-15,3.862412195854036575e-15,7.244729592378350707e-15,1.355511534908354095e-14,2.504950371631122547e-14,4.570584291806017749e-14,8.269678438106549738e-14,1.492055683433295503e-13,2.698959790193149139e-13,4.916828187509537948e-13,9.053105514878140038e-13,1.689344785807413262e-12,3.201291401311066715e-12,6.169801084490889038e-12,1.210725150168594170e-11,2.421147371323003713e-11,4.937299939899528515e-11,1.027279697258517121e-10,2.181785694510232639e-10,4.731797098642468033e-10,1.048253599428457575e-09,2.372712364074409149e-09,5.487936955731488797e-09,1.296864102947515994e-08,3.128925096946798975e-08,7.693184443527716232e-08,1.919283802118107778e-07,4.812069321027356671e-07,1.188422445108871393e-06,2.782609783421039181e-06,0.000000000000000000e+00,0.000000000000000000e+00,0.000000000000000000e+00,0.000000000000000000e+00,0.000000000000000000e+00,0.000000000000000000e+00,0.000000000000000000e+00,0.000000000000000000e+00,0.000000000000000000e+00,0.000000000000000000e+00,0.000000000000000000e+00,0.000000000000000000e+00,0.000000000000000000e+00,0.000000000000000000e+00,0.000000000000000000e+00,0.000000000000000000e+00,0.000000000000000000e+00
9.999999999999999293e-41,9.999999999999999293e-41,9.999999999999999293e-41,9.999999999999999293e-41,9.999999999999999293e-41,6.972719811246717765e-23,8.751458829798906924e-23,1.117818650048699056e-22,1.451338718874756943e-22,1.913457175163169311e-22,2.559086859180834778e-22,3.468493464097571011e-22,4.759489645175784746e-22,6.605308413311066196e-22,9.261510617709901084e-22,1.310534479226765522e-21,1.869352043227425713e-21,2.684660987700142425e-21,3.877169478462140074e-21,5.623595517829014439e-21,8.181758908256878508e-21,1.192491209285134204e-20,1.739035060035512251e-20,2.534489407837557494e-20,3.687301273020379549e-20,5.349656356748030883e-20,7.732958563703951239e-20,1.112835110364472017e-19,1.593382063184850697e-19,2.268902008149713157e-19,3.212247619977874582e-19,4.521347073808682968e-19,6.327595295648525921e-19,8.807610355890011141e-19,1.219941476722497440e-18,1.682486344763735352e-18,2.312280308118276431e-18,3.169604651296421669e-18,4.337979136871249534e-18,5.934216493392812300e-18,8.123389920427783567e-18,1.114102029012792984e-17,1.532658312128285326e-17,2.117478212532173627e-17,2.941405047859657202e-17,4.113193433646917287e-17,5.800228573675146658e-17,8.281753015093672226e-17,1.208699996535549749e-16,1.831066082228067228e-16,2.918321850201926225e-16,4.891782115574427800e-16,8.488500839817599016e-16,1.493844108558220107e-15,2.626531315019930042e-15,4.583002646323874299e-15,7.931761550308721353e-15,1.365342343903422232e-14,2.346986154206168762e-14,4.045439935269852170e-14,7.017824213984046219e-14,1.229019619470187627e-13,2.178228164578597138e-13,3.914449326521909092e-13,7.143478777909194690e-13,1.325323868350238981e-12,2.502466611515975767e-12,4.815649776426625897e-12,9.457031969452445844e-12,1.895492665435041949e-11,3.874794676850230571e-11,8.074918491081095036e-11,1.715751330581715722e-10,3.718724354915861689e-10,8.225897271703555244e-10,1.857743804441759514e-09,4.284149935875899645e-09,1.008609623140128253e-08,2.421722639080078918e-08,5.915242811339542739e-08,1.461410102340191044e-07,3.607234512371482496e-07,8.677303682378980045e-07,1.945664531358258135e-06,0.000000000000000000e+00,0.000000000000000000e+00,0.000000000000000000e+00,0.000000000000000000e+00,0.000000000000000000e+00,0.000000000000000000e+00,0.000000000000000000e+00,0.000000000000000000e+00,0.000000000000000000e+00,0.000000000000000000e+00,0.000000000000000000e+00,0.000000000000000000e+00,0.000000000000000000e+00,0.000000000000000000e+00,0.000000000000000000e+00,0.000000000000000000e+00
7.118149448986320918e-23,7.792508364202020743e-23,8.830978441824613042e-23,1.025811555866606152e-22,1.216792469265010967e-22,1.470539864408030115e-22,1.807755060330786205e-22,2.257694277280462842e-22,2.861360059387154795e-22,3.676583389635460517e-22,4.784858458434987029e-22,6.301560700555554416e-22,8.390515196896865079e-22,1.128429899170993582e-21,1.531391186731542808e-21,2.095052459178349287e-21,2.886386018306343148e-21,4.000472586672337252e-21,5.571791988456531889e-21,7.790231036751581512e-21,1.092209146333590653e-20,1.533963406561568073e-20,2.155916907569482990e-20,3.029291903605460176e-20,4.251720278462103009e-20,5.955940703839103542e-20,8.321441299939243484e-20,1.158923187843986204e-19,1.608157892781057883e-19,2.222770251565806382e-19,3.059627405768842451e-19,4.194369157745099306e-19,5.727265712283927750e-19,7.791818598655263970e-19,1.056643755755286349e-18,1.429131965841396956e-18,1.929157895074286421e-18,2.601120487674486677e-18,3.506172052049465142e-18,4.729307370325760322e-18,6.389808097115839845e-18,8.656855106447410814e-18,1.177384646828389749e-17,1.610269740185443467e-17,2.221897352264203209e-17,3.113398003938769390e-17,4.476141143565740718e-17,6.674989379454785722e-17,1.037409400129918502e-16,1.671138432292929003e-16,2.754378313933601764e-16,4.582544649569796541e-16,7.623812901028301288e-16,1.262802241927539931e-15,2.081607213953055780e-15,3.420969280091419299e-15,5.621288425373866984e-15,9.264299651621838411e-15,1.535903189986252785e-14,2.568117077538981937e-14,4.340201931149428645e-14,7.427161097556217674e-14,1.288777775466297085e-13,2.270374133018150420e-13,4.068854395619222991e-13,7.468009417166008773e-13,1.418093039625347491e-12,2.788683119711064087e-12,5.617781839775994897e-12,1.146493429770850791e-11,2.359670940270566738e-11,4.901409331465263365e-11,1.030299883051643874e-10,2.197900853731835561e-10,4.768966965038411732e-10,1.054107583953317590e-09,2.375757906708284041e-09,5.461915093033961941e-09,1.280544367091380875e-08,3.057415994422983972e-08,7.408411733404827886e-08,1.807917044012961063e-07,4.373000037862212120e-07,1.016683549648727161e-06,2.159652643120756509e-06,0.000000000000000000e+00,0.000000000000000000e+00,0.000000000000000000e+00,0.000000000000000000e+00,0.000000000000000000e+00,0.000000000000000000e+00,0.000000000000000000e+00,0.000000000000000000e+00,0.000000000000000000e+00,0.000000000000000000e+00,0.000000000000000000e+00,0.000000000000000000e+00,0.000000000000000000e+00,0.000000000000000000e+00,0.000000000000000000e+00
1.279399892828182312e-22,1.387850527253749811e-22,1.553035079930277256e-22,1.776867326750931943e-22,2.071485849313237833e-22,2.455763090568375420e-22,2.956186468793454010e-22,3.609321519006295454e-22,4.465260466465746295e-22,5.592624921899765907e-22,7.085564158644157749e-22,9.073431677801590730e-22,1.173432553728242018e-21,1.531382041184004463e-21,2.015036647909151019e-21,2.671092611563419571e-21,3.563875535372904573e-21,4.781851010649651748e-21,6.446447746560168438e-21,8.723946082995006620e-21,1.184081150097668166e-20,1.610439946824254573e-20,2.193049118997683265e-20,2.987791328752233180e-20,4.069343943844122352e-20,5.537252063146414068e-20,7.523422002394489932e-20,1.020178561597774514e-19,1.380158849654138538e-19,1.862396794663461052e-19,2.506371633198890610e-19,3.363989772092432398e-19,4.503680999695649908e-19,6.015789995375257549e-19,8.020431509017899191e-19,1.067815831766032202e-18,1.420525908702913669e-18,1.889542247718150903e-18,2.515160717500373812e-18,3.353572698816751410e-18,4.485710710770305109e-18,6.034914234053486225e-18,8.203973394431843628e-18,1.134769561336215474e-17,1.609803449003507619e-17,2.355757036605902484e-17,3.556725330757460830e-17,5.507806420628352940e-17,8.667585860798154775e-17,1.373905174807869530e-16,2.180008607426603891e-16,3.451988806831068266e-16,5.452128260969883208e-16,8.598836460748913345e-16,1.356949421612099379e-15,2.147670203907247009e-15,3.417258217156485551e-15,5.478318664752706787e-15,8.865773104053853570e-15,1.450766292433392354e-14,2.403769175632837313e-14,4.037741614343970687e-14,6.894314513896908442e-14,1.210264570688569959e-13,2.234647784095779700e-13,4.382156871061681823e-13,8.937123436037506666e-13,1.841324930850772559e-12,3.774739213959604295e-12,7.688217396902780366e-12,1.563284041281149620e-11,3.192538285916797418e-11,6.581912267439039725e-11,1.375144672882772245e-10,2.919291083528115264e-10,6.308173162272488231e-10,1.389016251750306391e-09,3.118480233844504456e-09,7.139078470777492834e-09,1.665374035953950398e-08,3.950834954044712956e-08,9.488218235399529222e-08,2.284218978451603981e-07,5.404908494501268611e-07,1.212491420344533023e-06,0.000000000000000000e+00,0.000000000000000000e+00,0.000000000000000000e+00,0.000000000000000000e+00,0.000000000000000000e+00,0.000000000000000000e+00,0.000000000000000000e+00,0.000000000000000000e+00,0.000000000000000000e+00,0.000000000000000000e+00,0.000000000000000000e+00,0.000000000000000000e+00,0.000000000000000000e+00,0.000000000000000000e+00,0.000000000000000000e+00
2.329211872269087012e-22,2.506046496387001935e-22,2.772717623213173769e-22,3.129584904705105073e-22,3.592570856382390017e-22,4.186697663862305126e-22,4.946780778324464192e-22,5.920009217037979476e-22,7.169539562396664574e-22,8.780101719182184991e-22,1.086525684219908033e-21,1.357700313613627829e-21,1.711959879892735043e-21,2.176736678271221883e-21,2.788894569362011808e-21,3.597968044070104596e-21,4.670556168109585541e-21,6.095759558934672877e-21,7.993246645301156053e-21,1.052228263016095094e-20,1.389571661943267111e-20,1.839521444270122839e-20,2.439436884642681686e-20,3.238483470460598387e-20,4.301278300569405016e-20,5.712433379704585267e-20,7.582393175687853341e-20,1.005505800565193044e-19,1.331748325454782857e-19,1.761307808193915465e-19,2.325853886246223671e-19,3.066687127360911863e-19,4.037842571284047861e-19,5.310237219547216501e-19,6.977917856755339188e-19,9.166518847553439030e-19,1.204721694655196187e-18,1.586088891492591705e-18,2.096379556871398799e-18,2.791422069549049338e-18,3.762892228005969160e-18,5.164259395312108211e-18,7.250072492705138186e-18,1.043144452592081885e-17,1.535148945144822906e-17,2.298848739552683600e-17,3.480560630926080385e-17,5.297253062350364927e-17,8.071888008133671174e-17,1.228935842600051393e-16,1.868698020322585868e-16,2.840118501526792619e-16,4.320754612914635062e-16,6.591723876674571096e-16,1.010354663032436627e-15,1.558816187445558393e-15,2.424921406021305980e-15,3.809232840194432968e-15,6.050438237810508749e-15,9.728976121788975292e-15,1.587536553051807085e-14,2.656426498184943525e-14,4.675948037114069743e-14,8.836915842949888547e-14,1.766132644752040131e-13,3.598729731778312342e-13,7.284984266188648324e-13,1.454042061790930632e-12,2.870717175070348414e-12,5.644102313906178238e-12,1.112467263804815014e-11,2.210028793664863905e-11,4.442789518045751735e-11,9.062950962309109838e-11,1.879607382477234964e-10,3.968393082968069676e-10,8.536414591842804413e-10,1.871830583168348904e-09,4.184614573444183177e-09,9.534643437582674353e-09,2.211600867024675221e-08,5.207762940112181161e-08,1.237401497279015015e-07,2.929919641046418770e-07,6.748340985309536076e-07,1.450571955548527469e-06,0.000000000000000000e+00,0.000000000000000000e+00,0.000000000000000000e+00,0.000000000000000000e+00,0.000000000000000000e+00,0.000000000000000000e+00,0.000000000000000000e+00,0.000000000000000000e+00,0.000000000000000000e+00,0.000000000000000000e+00,0.000000000000000000e+00,0.000000000000000000e+00,0.000000000000000000e+00,0.000000000000000000e+00
3.467142696010848041e-22,3.702499394176951905e-22,4.054305393567869046e-22,4.519861898683015176e-22,5.116011143371472851e-22,5.869902552274784180e-22,6.819132316975396726e-22,8.013757068302445267e-22,9.519703878373917200e-22,1.142364042261943618e-21,1.383921988858966715e-21,1.691544876602530348e-21,2.084828240745972794e-21,2.589452305736051537e-21,3.239212228569508428e-21,4.078511855802905585e-21,5.165652697847836257e-21,6.577138192358883349e-21,8.413263307862621481e-21,1.080523605189171081e-20,1.392418854600055229e-20,1.799343456332253039e-20,2.330274872020269378e-20,3.022834149020743650e-20,3.925614651194278187e-20,5.101398361133609026e-20,6.631243337677281953e-20,8.619346723619589988e-20,1.120012744165962514e-19,1.454691403904444931e-19,1.888456574752057926e-19,2.450598055677597768e-19,3.179931802542441828e-19,4.128785674048357030e-19,5.370578477097722838e-19,7.012050055422834011e-19,9.214791422168444314e-19,1.223030050781106310e-18,1.645393026438958346e-18,2.250328512631932444e-18,3.132752865373093661e-18,4.435418828851897563e-18,6.368799885224048925e-18,9.238858219060118956e-18,1.348640286896483050e-17,1.974620985390724850e-17,2.893705960055133909e-17,4.239984218034249246e-17,6.211426883776059880e-17,9.103872746414498115e-17,1.336466150980327115e-16,1.967872078519678931e-16,2.910666834388154453e-16,4.331129586510950957e-16,6.492876763895671151e-16,9.819268609403866256e-16,1.499814768383922922e-15,2.316373152507616485e-15,3.625509155208729610e-15,5.801860893368442188e-15,9.705201409334876417e-15,1.735984175779854615e-14,3.303427906717120811e-14,6.479690574294412118e-14,1.271773344810561972e-13,2.464120165333500926e-13,4.709489366405679468e-13,8.923471426022674085e-13,1.686977847117881731e-12,3.200466937792696974e-12,6.121362100043202497e-12,1.184414300636261367e-11,2.324073207021255534e-11,4.632902196033250927e-11,9.393965310813583595e-11,1.939146623130907784e-10,4.077669527473541446e-10,8.738148355619797204e-10,1.908600638020746387e-09,4.248644436378581618e-09,9.632737602174846460e-09,2.220736369161144897e-08,5.186855906036075349e-08,1.217963190196419065e-07,2.831514754632777301e-07,6.334126795324221291e-07,1.302690349945417170e-06,0.000000000000000000e+00,0.000000000000000000e+00,0.000000000000000000e+00,0.000000000000000000e+00,0.000000000000000000e+00,0.000000000000000000e+00,0.000000000000000000e+00,0.000000000000000000e+00,0.000000000000000000e+00,0.000000000000000000e+00,0.000000000000000000e+00,0.000000000000000000e+00,0.000000000000000000e+00
4.777603365039869089e-22,5.068530158701385142e-22,5.500053272441494045e-22,6.065490383985457905e-22,6.781427892238279714e-22,7.675442524334243977e-22,8.785547816852271131e-22,1.016190943384800099e-21,1.186967766204239409e-21,1.399311575043743819e-21,1.664035568876591084e-21,1.995113104995119032e-21,2.410524956407630205e-21,2.933459526781783628e-21,3.593784542032616812e-21,4.430007612715421862e-21,5.491764619894865952e-21,6.843059230651990737e-21,8.566172226344954049e-21,1.076706359314004885e-20,1.358159047309287679e-20,1.718408251552510288e-20,2.179783385442817296e-20,2.770925412549054732e-20,3.528348196251411253e-20,4.498951189778220853e-20,5.742860384617899451e-20,7.338114117556028868e-20,9.386331517478744197e-20,1.202308134590688139e-19,1.543218875444562247e-19,1.987009229470121923e-19,2.570446909304482697e-19,3.347192820079549427e-19,4.396695624785486929e-19,5.836888807942862538e-19,7.841910502867032839e-19,1.066628651360212642e-18,1.467716597735417772e-18,2.039745869072797832e-18,2.856446037124796793e-18,4.021086982049894110e-18,5.678238447630243948e-18,8.030382375755219510e-18,1.136338229433915876e-17,1.608386001727327034e-17,2.277588090911550836e-17,3.228798768701248940e-17,4.586579200438196425e-17,6.535832561422054534e-17,9.354030467636221517e-17,1.346211639626076468e-16,1.950567161280964200e-16,2.848614509174396056e-16,4.197513766780329844e-16,6.247232831363902869e-16,9.410267682655583675e-16,1.444595448005114024e-15,2.299119929100537825e-15,3.873567276173718577e-15,6.933272729189879541e-15,1.290729659237266280e-14,2.430404950664090983e-14,4.546936110082293254e-14,8.404797793611935994e-14,1.537847728969301804e-13,2.798939116359652889e-13,5.094279854615483129e-13,9.315996155414580590e-13,1.718208173944612821e-12,3.205345276055265536e-12,6.061106006275076867e-12,1.163562455682425687e-11,2.270269616035986564e-11,4.505892116942657244e-11,9.102796342124386105e-11,1.872669106754071903e-10,3.924554297064137673e-10,8.380159098924779420e-10,1.823285153462946886e-09,4.040830575223926654e-09,9.113688885616993280e-09,2.087351960602556531e-08,4.832574675699882141e-08,1.120381306292331906e-07,2.554027140703948127e-07,5.542244300095754146e-07,1.091007215319397102e-06,0.000000000000000000e+00,0.000000000000000000e+00,0.000000000000000000e+00,0.000000000000000000e+00,0.000000000000000000e+00,0.000000000000000000e+00,0.000000000000000000e+00,0.000000000000000000e+00,0.000000000000000000e+00,0.000000000000000000e+00,0.000000000000000000e+00,0.000000000000000000e+00
6.743706476694872044e-22,7.114746094868738345e-22,7.661539407496333884e-22,8.372182263458673996e-22,9.263491100420991958e-22,1.036460352517424836e-21,1.171608939168204772e-21,1.337094426096117439e-21,1.539696049100584420e-21,1.788124280771093276e-21,2.093318237828383074e-21,2.469274238666289492e-21,2.933668861073663849e-21,3.508963545948143994e-21,4.223620931852234943e-21,5.113921748159308552e-21,6.225818362519215784e-21,7.617739894752923136e-21,9.364125383165743023e-21,1.155967957857621861e-20,1.432542138651735917e-20,1.781581605277792181e-20,2.223026961560673759e-20,2.782738058375001294e-20,3.494439555794399083e-20,4.402970033389016406e-20,5.568579891466688868e-20,7.073639779217345071e-20,9.032060449572756695e-20,1.160388275662275277e-19,1.501575549180581618e-19,1.958772648531061563e-19,2.577596438343564891e-19,3.422181360008912429e-19,4.582479671029175825e-19,6.183527188302712568e-19,8.397686071975733995e-19,1.146115423972155293e-18,1.569616247472834664e-18,2.154146151472529139e-18,2.959598289937893429e-18,4.067934924161757935e-18,5.592175875138180291e-18,7.689297783917888445e-18,1.057918217774610627e-17,1.457314821056624681e-17,2.011583179917034115e-17,2.784893549036695773e-17,3.870787243216033400e-17,5.406979297070618701e-17,7.598335818107963209e-17,1.075275156509315442e-16,1.533790829592825667e-16,2.207399342596997208e-16,3.210574769947699857e-16,4.742868731611927733e-16,7.205439982438371027e-16,1.146187637155459502e-15,1.928027363741614581e-15,3.395513927890551141e-15,6.119392118264994944e-15,1.105910315442010875e-14,1.983158664010581216e-14,3.521125976279505666e-14,6.205421799530926500e-14,1.090141250640200537e-13,1.917574456463258132e-13,3.390708604318540239e-13,6.046510436446796224e-13,1.090137832030899088e-12,1.990923048108399403e-12,3.688508176653609733e-12,6.939590938297601690e-12,1.326983876144251746e-11,2.580573358749597779e-11,5.106290581451587568e-11,1.028497183479575872e-10,2.109322199449142731e-10,4.405817862284660208e-10,9.373299994557320196e-10,2.030938319984616076e-09,4.479330501124266079e-09,1.004360856183287881e-08,2.282963286206567286e-08,5.230029843864781809e-08,1.193555483514464123e-07,2.654820174220954468e-07,5.548447907595424068e-07,0.000000000000000000e+00,0.000000000000000000e+00,0.000000000000000000e+00,0.000000000000000000e+00,0.000000000000000000e+00,0.000000000000000000e+00,0.000000000000000000e+00,0.000000000000000000e+00,0.000000000000000000e+00,0.000000000000000000e+00,0.000000000000000000e+00,0.000000000000000000e+00
8.318294460874687937e-22,8.731542546972456113e-22,9.337000872320287920e-22,1.011828014482805022e-21,1.108972361650001015e-21,1.227866353112960474e-21,1.372295163267612712e-21,1.547213144294189421e-21,1.758928627475513334e-21,2.015373203561470719e-21,2.326569410887905457e-21,2.705074391870596039e-21,3.166757741924403332e-21,3.731535475772577732e-21,4.424679852694056110e-21,5.278140518206675092e-21,6.332835677280735993e-21,7.640843518002076567e-21,9.269337479797847532e-21,1.130559517958661478e-20,1.386303412246105189e-20,1.709140856820857292e-20,2.118890668255427077e-20,2.642025468970595276e-20,3.314206920682918645e-20,4.183673481994175632e-20,5.315921460857781638e-20,6.800046820881562996e-20,8.757612442623731368e-20,1.135323189372011449e-19,1.481074323165809260e-19,1.943104652502736670e-19,2.561923185426088883e-19,3.391685745161014204e-19,4.504545855891144316e-19,5.996518575457331101e-19,7.995214130806856804e-19,1.067042110639150285e-18,1.424875536931163691e-18,1.903417064453821328e-18,2.543673219768334995e-18,3.401349343648538440e-18,4.552765640381866462e-18,6.103327761764504199e-18,8.199997879338811598e-18,1.104944668916054080e-17,1.494484568918491132e-17,2.030648313937579025e-17,2.774193642531828559e-17,3.813833740032110072e-17,5.280371391640358844e-17,7.368746454302994478e-17,1.037522584654662258e-16,1.477432360805370184e-16,2.141532977441582551e-16,3.200209302165550899e-16,5.001990178834380724e-16,8.216776946242361590e-16,1.403169776966493884e-15,2.443393092811674886e-15,4.267748126614362348e-15,7.411325395020626063e-15,1.276850699151447827e-14,2.186266437125434500e-14,3.733218455427995211e-14,6.381724876910092695e-14,1.095954159193867962e-13,1.896446006621976547e-13,3.314549625320669341e-13,5.862125599426178052e-13,1.050662323268819846e-12,1.910420272950931461e-12,3.527158893649006069e-12,6.616741903130367509e-12,1.261874629562002131e-11,2.447553490779904011e-11,4.830007116154302883e-11,9.700473194483517544e-11,1.983254529872228583e-10,4.128232579006800451e-10,8.749124175578697586e-10,1.887450895893827886e-09,4.141875811361837817e-09,9.230211044287987867e-09,2.081657932354563025e-08,4.717580882561782689e-08,1.059693474972073232e-07,2.301334918014439345e-07,4.644570640708355738e-07,0.000000000000000000e+00,0.000000000000000000e+00,0.000000000000000000e+00,0.000000000000000000e+00,0.000000000000000000e+00,0.000000000000000000e+00,0.000000000000000000e+00,0.000000000000000000e+00,0.000000000000000000e+00,0.000000000000000000e+00,0.000000000000000000e+00
7.135125566011149531e-22,7.465680330774795152e-22,7.948789608097837171e-22,8.570097509139005482e-22,9.339925933084614565e-22,1.027881606962413481e-21,1.141516979441113075e-21,1.278698521711011085e-21,1.444246165542735210e-21,1.644342585709416731e-21,1.886781689403853628e-21,2.181596092105084349e-21,2.541460292309618017e-21,2.982765753559803948e-21,3.526509171297829892e-21,4.200022119166498575e-21,5.038757200957080725e-21,6.089064811227793452e-21,7.411888613652529173e-21,9.087555180883927812e-21,1.122217504212977149e-20,1.395646299446403900e-20,1.747693551319607582e-20,2.203158981755699439e-20,2.794863155613172853e-20,3.566368548198226534e-20,4.575251907250446494e-20,5.897285314319392701e-20,7.632454546835216540e-20,9.911323948754355652e-20,1.290482454740072968e-19,1.683595191672296528e-19,2.199501859755837295e-19,2.875980102086581503e-19,3.762271685914698746e-19,4.922627298770774157e-19,6.441219268667664643e-19,8.428793538952240381e-19,1.103181669895917373e-18,1.444539789467318282e-18,1.893123238259065924e-18,2.484270310526439781e-18,3.266178984611839626e-18,4.304976660665318135e-18,5.692303005422671672e-18,7.556146214138942870e-18,1.007695704702649206e-17,1.351119598522287554e-17,1.822677620525382228e-17,2.475663547435432001e-17,3.388145822684933629e-17,4.677150623458190461e-17,6.529328944638272546e-17,9.277855862264616141e-17,1.357979453348099310e-16,2.074654621534435439e-16,3.324603881107514579e-16,5.538154376374349794e-16,9.424757288933887449e-16,1.612423770205376969e-15,2.746750779927841484e-15,4.643626159195243532e-15,7.796884858169092994e-15,1.303899016270904386e-14,2.179333348943280470e-14,3.652918523222042881e-14,6.158819044731143752e-14,1.047075063593549299e-13,1.798719387431626468e-13,3.127033215766173834e-13,5.508454796873526647e-13,9.841779599708538656e-13,1.784813240151837844e-12,3.287458193042204185e-12,6.152889497859619438e-12,1.170661905126333654e-11,2.264972046438684786e-11,4.457608021936263261e-11,8.926016807456897894e-11,1.818921095313775434e-10,3.772386438123762052e-10,7.962317016977098049e-10,1.709729719813029929e-09,3.731422659836778430e-09,8.260002486435395991e-09,1.846660747471428790e-08,4.134352991696118976e-08,9.121525920135792924e-08,1.928414935605561750e-07,3.746818223263960555e-07,0.000000000000000000e+00,0.000000000000000000e+00,0.000000000000000000e+00,0.000000000000000000e+00,0.000000000000000000e+00,0.000000000000000000e+00,0.000000000000000000e+00,0.000000000000000000e+00,0.000000000000000000e+00,0.000000000000000000e+00
9.133073727441341215e-22,9.542924522442797384e-22,1.014184056314355113e-21,1.091183308019679800e-21,1.186577628286341039e-21,1.302885263234983383e-21,1.443677802695767875e-21,1.613640650401264375e-21,1.818805459492540800e-21,2.066837078559910462e-21,2.367423628476720893e-21,2.732917895389756190e-21,3.179030295360979559e-21,3.725615867896952448e-21,4.398245365167963830e-21,5.229337509567043827e-21,6.260608648655278960e-21,7.545513476305530793e-21,9.152550305687991463e-21,1.116957988492703951e-20,1.371006239208574178e-20,1.691891307900685960e-20,2.098226660090849644e-20,2.613996632018894661e-20,3.269722355797536918e-20,4.104626380908819785e-20,5.168804506230088014e-20,6.526021169929004389e-20,8.257801824019946460e-20,1.046829005332179103e-19,1.328966746561990026e-19,1.689145031779350128e-19,2.149016852985535985e-19,2.736352655189590471e-19,3.486901684907302182e-19,4.446908094981329107e-19,5.676442391918899560e-19,7.254059284275039938e-19,9.283060986457689648e-19,1.190039433437539798e-18,1.528860048200748388e-18,1.969329820159125039e-18,2.544693086522044890e-18,3.300346574207479851e-18,4.298804435779269656e-18,5.626735244906006592e-18,7.405391468764022668e-18,9.806026114574011190e-18,1.307230499645723956e-17,1.755519824259327103e-17,2.377174616898919792e-17,3.252808331579757344e-17,4.521544295507510751e-17,6.447239543404576843e-17,9.542368045179222287e-17,1.475869650349245508e-16,2.374676461645618487e-16,3.921130075027922485e-16,6.544313432758214497e-16,1.092004382082637356e-15,1.812204927713840118e-15,2.988305013491869475e-15,4.904473451314991654e-15,8.034084887903243697e-15,1.317629986982892681e-14,2.169868783523929816e-14,3.597188089437449022e-14,6.015975297417604471e-14,1.016743926111431038e-13,1.738891877207421783e-13,3.012779935570423079e-13,5.292626677259521528e-13,9.434078917429978178e-13,1.707304065015368726e-12,3.138348060307901042e-12,5.861618119114339277e-12,1.112724017418098643e-11,2.147468099112984069e-11,4.214553001771815303e-11,8.413054072360794460e-11,1.708471749153892859e-10,3.529721440075363590e-10,7.418102992519898138e-10,1.585080844571400099e-09,3.439550752912233285e-09,7.560502558778611504e-09,1.674885899696403342e-08,3.702575306060225020e-08,8.020085742517655435e-08,1.650875411522408893e-07,3.093943493577760691e-07,0.000000000000000000e+00,0.000000000000000000e+00,0.000000000000000000e+00,0.000000000000000000e+00,0.000000000000000000e+00,0.000000000000000000e+00,0.000000000000000000e+00,0.000000000000000000e+00,0.000000000000000000e+00
3.398237354148250493e-22,3.600174762511887160e-22,3.899140738769902520e-22,4.289814659348134540e-22,4.782951998863067548e-22,5.396622194848095326e-22,6.155879081363115059e-22,7.093457239185773821e-22,8.251756515946464159e-22,9.685408382899608750e-22,1.146449961762380898e-21,1.367848810553996989e-21,1.644279497295526546e-21,1.990486842338186898e-21,2.425417336479058985e-21,2.973394745844362289e-21,3.665580054881502124e-21,4.542087930079851416e-21,5.654297258119582662e-21,7.067844514824198126e-21,8.866979325743751870e-21,1.115899202643057035e-20,1.408098932729317966e-20,1.780729260904914764e-20,2.255964048037233229e-20,2.861956580146002758e-20,3.634285122827339730e-20,4.618032177657164407e-20,5.870315841748135253e-20,7.463457119780038668e-20,9.488757477239977963e-20,1.206226200754747111e-19,1.533140744564004563e-19,1.948416534590139184e-19,2.476130402978591030e-19,3.147240116916580587e-19,4.001747340065762754e-19,5.091735537526399296e-19,6.485320185021185779e-19,8.272302833811499283e-19,1.057183408427816456e-18,1.354310916795437605e-18,1.740051691575530923e-18,2.243523904790249462e-18,2.904456220194820488e-18,3.777722103248258046e-18,4.939466182352830531e-18,6.496410618875531965e-18,8.599605165710507526e-18,1.146666866270592974e-17,1.542622672083120016e-17,2.102550901144741306e-17,2.928958399565135212e-17,4.225731884327669818e-17,6.388451720089985255e-17,1.013328413040151235e-16,1.666740322065402853e-16,2.792160450195327397e-16,4.690751801006716696e-16,7.830657259914553766e-16,1.294728754963957601e-15,2.121378433292366264e-15,3.453210389636425731e-15,5.603032083349095043e-15,9.092349945707164430e-15,1.480173529492240907e-14,2.423688182097336519e-14,4.000546287919268066e-14,6.668190912292780660e-14,1.123975856992681093e-13,1.918052836807698359e-13,3.316767793068868718e-13,5.816544679307970610e-13,1.035155440676090820e-12,1.870423571944830283e-12,3.432361163026397458e-12,6.398187758575852492e-12,1.211814922219363101e-11,2.332620903960247791e-11,4.564473926699535385e-11,9.081772917777373180e-11,1.837595097413644899e-10,3.781264433086134470e-10,7.911266820756413469e-10,1.681948809374282577e-09,3.628506964752616685e-09,7.920054304117077972e-09,1.738982262907790843e-08,3.798682747680423854e-08,8.092552200006759654e-08,1.627909675404654435e-07,0.000000000000000000e+00,0.000000000000000000e+00,0.000000000000000000e+00,0.000000000000000000e+00,0.000000000000000000e+00,0.000000000000000000e+00,0.000000000000000000e+00,0.000000000000000000e+00,0.000000000000000000e+00
4.768276877647946350e-22,5.022381791541686618e-22,5.395969889692343625e-22,5.880044068477541415e-22,6.484982790692335533e-22,7.229625890531075245e-22,8.139680545818562179e-22,9.248734098220011761e-22,1.060032096452638835e-21,1.224877131327331281e-21,1.426306967801129949e-21,1.673089573280457945e-21,1.976132631312510184e-21,2.349338409408703051e-21,2.810215389343148641e-21,3.380800957852369913e-21,4.089034224894174857e-21,4.969929731661604273e-21,6.067995158434491356e-21,7.439124141586581150e-21,9.153754564534714562e-21,1.130077617748333039e-20,1.399143542455351932e-20,1.736645957384056617e-20,2.160152415360374411e-20,2.691750409048109747e-20,3.359147106145836567e-20,4.197055109684568466e-20,5.249065771264707796e-20,6.569940258973292544e-20,8.228481051624527222e-20,1.031141877058302232e-19,1.292846539534248246e-19,1.621862469177743736e-19,2.035914677511419712e-19,2.557691515057384728e-19,3.216366426527867809e-19,4.049726661305221504e-19,5.106998375413284425e-19,6.452655989538583177e-19,8.171877546906986594e-19,1.037783809105952036e-18,1.322193985043237897e-18,1.690870307186666029e-18,2.171534540667647499e-18,2.802239598967038267e-18,3.635393047462664809e-18,4.743955754541808094e-18,6.230506066149766589e-18,8.242162698125580799e-18,1.100085585973238018e-17,1.487574500479987321e-17,2.055291458827504609e-17,2.937550621947368782e-17,4.390598411041452720e-17,6.872485834713950690e-17,1.114779196251847156e-16,1.843045348368309543e-16,3.059822190821013584e-16,5.054234617018586437e-16,8.275525431021679423e-16,1.343180518756120152e-15,2.165711626561987137e-15,3.479337419758729182e-15,5.587246264894022950e-15,8.994726463576154946e-15,1.455444802410933347e-14,2.372272754971519762e-14,3.901884740782899626e-14,6.485679485102945285e-14,1.090698671443312925e-13,1.857532556259434750e-13,3.206275722269257484e-13,5.613268992731824067e-13,9.972660524578542934e-13,1.798563370302254390e-12,3.293413316314962329e-12,6.124342660045240211e-12,1.156835911356535136e-11,2.220203449178006698e-11,4.330407642830898594e-11,8.585514438130517830e-11,1.730431516963937619e-10,3.545506659776616155e-10,7.382696182538938345e-10,1.561090722429147117e-09,3.346475013719285388e-09,7.247823012761654421e-09,1.575406345854717574e-08,3.394096129366162786e-08,7.090783539767472834e-08,1.388480597947820019e-07,0.000000000000000000e+00,0.000000000000000000e+00,0.000000000000000000e+00,0.000000000000000000e+00,0.000000000000000000e+00,0.000000000000000000e+00,0.000000000000000000e+00,0.000000000000000000e+00
5.783292009219997322e-22,6.065287790558173272e-22,6.477810716747668294e-22,7.009013787065763180e-22,7.668177118634348589e-22,8.472564097118671847e-22,9.447026283201123535e-22,1.062332965461928706e-21,1.204197841542202096e-21,1.375374370519174045e-21,1.582211961096383031e-21,1.832603909940352710e-21,2.136414761564127411e-21,2.505958465190162448e-21,2.956460886137349539e-21,3.507113007082138932e-21,4.181649114310559066e-21,5.009693942110199617e-21,6.028369919536893866e-21,7.283673758289343623e-21,8.833268167518260557e-21,1.074844554334444068e-20,1.311854462552152920e-20,1.605441096706256326e-20,1.969441672804392876e-20,2.420966465032980135e-20,2.981503148035599757e-20,3.677528182310339737e-20,4.542336026171789102e-20,5.617320404213048531e-20,6.954280233044041373e-20,8.618177828114791870e-20,1.069075349673094681e-19,1.327519369561920079e-19,1.650235374466825415e-19,2.053905874150395966e-19,2.559878762325957156e-19,3.195679571683949118e-19,3.996982217378048356e-19,5.010315295113179554e-19,6.296752510016240252e-19,7.937069831506309604e-19,1.003871865106171014e-18,1.274591673426709371e-18,1.625298507646020545e-18,2.082465584369263324e-18,2.682382129857134591e-18,3.475153662211874984e-18,4.530726044696075914e-18,5.948488910025578469e-18,7.876254198664454259e-18,1.055443189846641511e-17,1.441964503159975670e-17,2.031396988079508139e-17,2.984006931064169030e-17,4.587354381031603670e-17,7.323703853680046588e-17,1.195995701045830515e-16,1.967893328860234986e-16,3.228801204668228480e-16,5.256468456987075619e-16,8.483530990937987999e-16,1.359393611322697405e-15,2.168499820102888433e-15,3.453956190797049002e-15,5.509254485728200772e-15,8.823178504254761723e-15,1.421957171018064730e-14,2.310421465667784713e-14,3.790559667469218755e-14,6.287149796073340371e-14,1.055299705040994719e-13,1.794033008768651520e-13,3.091273338103416869e-13,5.402120651608797406e-13,9.578292071189874791e-13,1.723540687319827641e-12,3.148113918896722416e-12,5.838084324791809154e-12,1.099488580235108662e-11,2.103405151339832268e-11,4.088410053435170954e-11,8.075466954750510191e-11,1.621041291258159419e-10,3.306779518116250695e-10,6.852339322544549640e-10,1.441174051983890073e-09,3.070598074775340156e-09,6.602885955710608125e-09,1.422740508931227794e-08,3.031255491039400772e-08,6.241715025113138266e-08,1.200027065611545480e-07,0.000000000000000000e+00,0.000000000000000000e+00,0.000000000000000000e+00,0.000000000000000000e+00,0.000000000000000000e+00,0.000000000000000000e+00,0.000000000000000000e+00
6.595982066740120611e-264,1.042259034450731268e-261,1.117202516596855357e-258,4.640241159015307013e-255,5.949221660320065849e-251,2.056978235224067995e-246,1.734219831981597112e-241,3.286477663721781882e-236,1.307233677299930945e-230,1.025691031726711620e-224,1.492002916090581650e-218,3.805954401077352610e-212,1.600134773030494944e-205,1.046590903447218818e-198,1.007375750780062045e-191,1.335389635149770890e-184,2.296349295360570048e-177,4.804320213387808218e-170,1.146952359960995052e-162,2.911636735672876004e-155,7.387611611558956078e-148,1.749624525136847521e-140,3.604334742763890751e-133,6.057770604841759529e-126,7.790680495880423074e-119,7.201646455161907019e-112,4.500455908360113290e-105,1.797856112095035232e-98,4.357261304634337697e-92,6.110263652101328159e-86,4.750796386786368162e-80,1.975143157906930798e-74,4.259240962654805559e-69,4.653882098830909231e-64,2.532745684750773146e-59,6.796343269800578835e-55,8.961153018217452164e-51,5.825499242067123394e-47,1.884781780136791290e-43,3.081983161943819666e-40,2.601588803071585031e-37,1.163146447292477791e-34,2.837464505802917766e-32,3.906757857660001518e-30,3.147045571074562384e-28,1.541169448373546276e-26,4.772227529357316482e-25,9.725421645009233695e-24,1.357533438498444086e-22,1.349738389635898327e-21,9.928413292070339531e-21,5.602230570634917377e-20,2.509117665597201598e-19,9.207980339503430933e-19,2.851101628825612897e-18,7.648850559349016210e-18,1.821114013883312430e-17,3.930488199634161810e-17,7.835182008999964807e-17,1.466235833700404363e-16,2.612068616211796960e-16,4.482903251262165358e-16,7.486441604473333514e-16,1.226773895191344033e-15,1.986163227997082284e-15,3.195022646980419442e-15,5.130052579244598764e-15,8.251755087180296270e-15,1.333559757168626161e-14,2.170309736193421364e-14,3.563412461408741894e-14,5.911073898874807886e-14,9.917749311638748099e-14,1.684678739832038560e-13,2.899549130266049681e-13,5.059659353115713000e-13,8.954918616372495295e-13,1.607901470839753965e-12,2.929665240811780003e-12,5.418083197288056960e-12,1.017315654229176910e-11,1.939814033424931446e-11,3.757063375113704858e-11,7.392543158380811691e-11,1.477829259178091646e-10,3.001261587896487338e-10,6.189643525724611278e-10,1.295147207512298354e-09,2.744334241778591801e-09,5.866605263920637837e-09,1.256157674594958456e-08,2.658789639934466416e-08,5.439067094752610193e-08,0.000000000000000000e+00,0.000000000000000000e+00,0.000000000000000000e+00,0.000000000000000000e+00,0.000000000000000000e+00,0.000000000000000000e+00,0.000000000000000000e+00
9.275785367585301172e-252,1.057333609428119763e-249,7.238679103007844146e-247,1.756531643649952613e-243,1.224661077231339128e-239,2.163962394539237541e-235,8.805690494988876538e-231,7.654070940950264423e-226,1.333322656712427930e-220,4.397136478387696993e-215,2.587537084625964961e-209,2.584332130478255224e-203,4.138531693335561738e-197,1.010772878491614339e-190,3.548775089192379562e-184,1.699855301751968459e-177,1.047061307496797191e-170,7.817746410555220662e-164,6.669104883547234298e-157,6.113193728839139547e-150,5.662718841706922780e-143,4.985199528615792069e-136,3.913748755685890780e-129,2.576929103378807070e-122,1.344146705287786744e-115,5.222387756211383516e-109,1.430519877425808955e-102,2.620202135540585452e-96,3.055553125757298919e-90,2.167404498866506916e-84,8.981410125892049518e-79,2.099132940279822391e-73,2.686197703157659812e-68,1.837485627173999679e-63,6.601700879971172896e-59,1.231298598719141324e-54,1.185900702271488071e-50,5.903167031263888187e-47,1.528694804454512418e-43,2.084864325699583575e-40,1.523898265807118675e-37,6.101433942019747429e-35,1.373940851639842921e-32,1.791870560008332998e-30,1.397906572027394025e-28,6.753798998227991949e-27,2.094453048402097489e-25,4.325332968842564859e-24,6.172029980280710149e-23,6.311611917631210718e-22,4.793094455650030213e-21,2.797259993840871693e-20,1.296002737175335523e-19,4.914386158346948372e-19,1.568920066738334244e-18,4.327373622613807230e-18,1.055688932835324184e-17,2.326109247730354270e-17,4.716151273601470650e-17,8.943018050697659487e-17,1.608600378790791533e-16,2.778062486046713177e-16,4.654061439781007158e-16,7.629081805322541539e-16,1.232498726883899478e-15,1.973984698491424730e-15,3.149532449683980818e-15,5.025655288749857178e-15,8.045461134845176755e-15,1.295403397356156072e-14,2.101929256157445864e-14,3.442494778934811120e-14,5.697825097551594728e-14,9.540174663277535029e-14,1.617263771562286625e-13,2.777640265916692963e-13,4.835816317192943147e-13,8.537033054656395931e-13,1.528655497642221122e-12,2.777088278455095501e-12,5.119824122144131720e-12,9.581209585657784653e-12,1.820449630762544537e-11,3.512518721837387830e-11,6.883301111000955061e-11,1.370029181147053776e-10,2.769296138773768757e-10,5.682325951938632092e-10,1.182439414514232480e-09,2.490279173717576353e-09,5.287179635947916788e-09,1.123223718642785586e-08,2.355594489101273883e-08,4.766803234840978826e-08,0.000000000000000000e+00,0.000000000000000000e+00,0.000000000000000000e+00,0.000000000000000000e+00,0.000000000000000000e+00,0.000000000000000000e+00
-0.000000000000000000e+00,-0.000000000000000000e+00,-0.000000000000000000e+00,-0.000000000000000000e+00,-0.000000000000000000e+00,-0.000000000000000000e+00,-0.000000000000000000e+00,-0.000000000000000000e+00,-0.000000000000000000e+00,-0.000000000000000000e+00,-0.000000000000000000e+00,-0.000000000000000000e+00,-0.000000000000000000e+00,-0.000000000000000000e+00,-0.000000000000000000e+00,-0.000000000000000000e+00,-0.000000000000000000e+00,-0.000000000000000000e+00,-0.000000000000000000e+00,-0.000000000000000000e+00,-0.000000000000000000e+00,-0.000000000000000000e+00,-0.000000000000000000e+00,-0.000000000000000000e+00,-0.000000000000000000e+00,-0.000000000000000000e+00,-0.000000000000000000e+00,-0.000000000000000000e+00,-0.000000000000000000e+00,-0.000000000000000000e+00,-0.000000000000000000e+00,-0.000000000000000000e+00,-0.000000000000000000e+00,-0.000000000000000000e+00,-0.000000000000000000e+00,-0.000000000000000000e+00,-0.000000000000000000e+00,-0.000000000000000000e+00,-0.000000000000000000e+00,-0.000000000000000000e+00,-0.000000000000000000e+00,-0.000000000000000000e+00,-0.000000000000000000e+00,-0.000000000000000000e+00,-0.000000000000000000e+00,-0.000000000000000000e+00,-0.000000000000000000e+00,-0.000000000000000000e+00,-0.000000000000000000e+00,-0.000000000000000000e+00,-0.000000000000000000e+00,-0.000000000000000000e+00,-0.000000000000000000e+00,-0.000000000000000000e+00,-0.000000000000000000e+00,-0.000000000000000000e+00,-0.000000000000000000e+00,-0.000000000000000000e+00,-0.000000000000000000e+00,4.527833481961521322e-261,3.536848348618969579e-204,2.060507845318656696e-159,1.738628603392114789e-124,1.820797101429903363e-97,9.725422516879969851e-77,5.696891165076018474e-61,4.493344486906185062e-49,3.621615037478992526e-40,1.507520823983685322e-33,1.166327459057027143e-28,4.565543493468801885e-25,1.960231624346793744e-22,1.668216510165217504e-20,4.400135190136852366e-19,5.023494976109874821e-18,3.176700647519564130e-17,1.332154756313681777e-16,4.218464720219493405e-16,1.106565691939073097e-15,2.566602229701668511e-15,5.508403626076322874e-15,1.128645865897574481e-14,2.255199609187305984e-14,4.457797594409522879e-14,8.800075660121156412e-14,1.745748489402699882e-13,3.494077980049676049e-13,7.072589966578348817e-13,1.449628058226724417e-12,3.009087523988995702e-12,6.318834438444300363e-12,1.338333004721146239e-11,2.841618722062780028e-11,5.979328631926578111e-11,1.222305579933409374e-10,0.000000000000000000e+00,0.000000000000000000e+00,0.000000000000000000e+00,0.000000000000000000e+00,0.000000000000000000e+00
-0.000000000000000000e+00,-0.000000000000000000e+00,-0.000000000000000000e+00,-0.000000000000000000e+00,-0.000000000000000000e+00,-0.000000000000000000e+00,-0.000000000000000000e+00,-0.000000000000000000e+00,-0.000000000000000000e+00,-0.000000000000000000e+00,-0.000000000000000000e+00,-0.000000000000000000e+00,-0.000000000000000000e+00,-0.000000000000000000e+00,-0.000000000000000000e+00,-0.000000000000000000e+00,-0.000000000000000000e+00,-0.000000000000000000e+00,-0.000000000000000000e+00,-0.000000000000000000e+00,-0.000000000000000000e+00,-0.000000000000000000e+00,-0.000000000000000000e+00,-0.000000000000000000e+00,-0.000000000000000000e+00,-0.000000000000000000e+00,-0.000000000000000000e+00,-0.000000000000000000e+00,-0.000000000000000000e+00,-0.000000000000000000e+00,-0.000000000000000000e+00,-0.000000000000000000e+00,-0.000000000000000000e+00,-0.000000000000000000e+00,-0.000000000000000000e+00,-0.000000000000000000e+00,-0.000000000000000000e+00,-0.000000000000000000e+00,-0.000000000000000000e+00,-0.000000000000000000e+00,-0.000000000000000000e+00,-0.000000000000000000e+00,-0.000000000000000000e+00,-0.000000000000000000e+00,-0.000000000000000000e+00,-0.000000000000000000e+00,-0.000000000000000000e+00,-0.000000000000000000e+00,-0.000000000000000000e+00,-0.000000000000000000e+00,-0.000000000000000000e+00,-0.000000000000000000e+00,-0.000000000000000000e+00,-0.000000000000000000e+00,-0.000000000000000000e+00,-0.000000000000000000e+00,-0.000000000000000000e+00,-0.000000000000000000e+00,-0.000000000000000000e+00,1.322418438027177938e-285,1.406257734951215133e-224,3.339022782460204630e-176,3.603786759748941885e-138,1.628628665367193960e-108,1.391690461794002656e-85,5.378140187082763362e-68,1.288572627607192584e-54,1.617835289078116812e-44,5.959451044385532358e-37,2.547744369723685854e-31,3.744106667152320977e-27,4.416019018779005669e-24,8.047685299085415981e-22,3.737391664912343920e-20,6.454549342411918137e-19,5.497543706446006469e-18,2.844623781654976979e-17,1.041168063374433572e-16,3.008596816373160415e-16,7.423282057638020507e-16,1.652781255324869269e-15,3.451095962432592572e-15,6.939985620567486211e-15,1.368591006866589653e-14,2.679200815952816968e-14,5.249061093651132834e-14,1.034721989082375049e-13,2.059347693136263627e-13,4.146905154483387456e-13,8.458701064298002777e-13,1.748240102947920936e-12,3.658651448614915543e-12,7.736922820395313863e-12,1.645964815391917466e-11,3.492923663132262325e-11,0.000000000000000000e+00,0.000000000000000000e+00,0.000000000000000000e+00,0.000000000000000000e+00,0.000000000000000000e+00
-0.000000000000000000e+00,-0.000000000000000000e+00,-0.000000000000000000e+00,-0.000000000000000000e+00,-0.000000000000000000e+00,-0.000000000000000000e+00,-0.000000000000000000e+00,-0.000000000000000000e+00,-0.000000000000000000e+00,-0.000000000000000000e+00,-0.000000000000000000e+00,-0.000000000000000000e+00,-0.000000000000000000e+00,-0.000000000000000000e+00,-0.000000000000000000e+00,-0.000000000000000000e+00,-0.000000000000000000e+00,-0.000000000000000000e+00,-0.000000000000000000e+00,-0.000000000000000000e+00,-0.000000000000000000e+00,-0.000000000000000000e+00,-0.000000000000000000e+00,-0.000000000000000000e+00,-0.000000000000000000e+00,-0.000000000000000000e+00,-0.000000000000000000e+00,-0.000000000000000000e+00,-0.000000000000000000e+00,-0.000000000000000000e+00,-0.000000000000000000e+00,-0.000000000000000000e+00,-0.000000000000000000e+00,-0.000000000000000000e+00,-0.000000000000000000e+00,-0.000000000000000000e+00,-0.000000000000000000e+00,-0.000000000000000000e+00,-0.000000000000000000e+00,-0.000000000000000000e+00,-0.000000000000000000e+00,-0.000000000000000000e+00,-0.000000000000000000e+00,-0.000000000000000000e+00,-0.000000000000000000e+00,-0.000000000000000000e+00,-0.000000000000000000e+00,-0.000000000000000000e+00,-0.000000000000000000e+00,-0.000000000000000000e+00,-0.000000000000000000e+00,-0.000000000000000000e+00,-0.000000000000000000e+00,-0.000000000000000000e+00,-0.000000000000000000e+00,-0.000000000000000000e+00,-0.000000000000000000e+00,-0.000000000000000000e+00,-0.000000000000000000e+00,-0.000000000000000000e+00,-0.000000000000000000e+00,-0.000000000000000000e+00,-0.000000000000000000e+00,-0.000000000000000000e+00,-0.000000000000000000e+00,-0.000000000000000000e+00,-0.000000000000000000e+00,-0.000000000000000000e+00,-0.000000000000000000e+00,-0.000000000000000000e+00,-0.000000000000000000e+00,-0.000000000000000000e+00,-0.000000000000000000e+00,-0.000000000000000000e+00,-0.000000000000000000e+00,3.860835102703462925e-270,5.892955020187916487e-209,8.330996236521411511e-167,4.814822635115919414e-138,1.345629702328593967e-118,1.466298535660096006e-105,6.981583102032884889e-97,3.894449331287078372e-91,2.450969102354737607e-87,8.128737411330608469e-85,4.003703593695686597e-83,5.827463428364957362e-82,3.936434340301445195e-81,1.653064885821811685e-80,5.203414204622949781e-80,1.381654943152557718e-79,3.331194628077865876e-79,7.630072787253820499e-79,1.706131574616691251e-78,3.783717406664573293e-78,8.391794721579634030e-78,0.000000000000000000e+00,0.000000000000000000e+00,0.000000000000000000e+00,0.000000000000000000e+00
-0.000000000000000000e+00,-0.000000000000000000e+00,-0.000000000000000000e+00,-0.000000000000000000e+00,-0.000000000000000000e+00,-0.000000000000000000e+00,-0.000000000000000000e+00,-0.000000000000000000e+00,-0.000000000000000000e+00,-0.000000000000000000e+00,-0.000000000000000000e+00,-0.000000000000000000e+00,-0.000000000000000000e+00,-0.000000000000000000e+00,-0.000000000000000000e+00,-0.000000000000000000e+00,-0.000000000000000000e+00,-0.000000000000000000e+00,-0.000000000000000000e+00,-0.000000000000000000e+00,-0.000000000000000000e+00,-0.000000000000000000e+00,-0.000000000000000000e+00,-0.000000000000000000e+00,-0.000000000000000000e+00,-0.000000000000000000e+00,-0.000000000000000000e+00,-0.000000000000000000e+00,-0.000000000000000000e+00,-0.000000000000000000e+00,-0.000000000000000000e+00,-0.000000000000000000e+00,-0.000000000000000000e+00,-0.000000000000000000e+00,-0.000000000000000000e+00,-0.000000000000000000e+00,-0.000000000000000000e+00,-0.000000000000000000e+00,-0.000000000000000000e+00,-0.000000000000000000e+00,-0.000000000000000000e+00,-0.000000000000000000e+00,-0.000000000000000000e+00,-0.000000000000000000e+00,-0.000000000000000000e+00,-0.000000000000000000e+00,-0.000000000000000000e+00,-0.000000000000000000e+00,-0.000000000000000000e+00,-0.000000000000000000e+00,-0.000000000000000000e+00,-0.000000000000000000e+00,-0.000000000000000000e+00,-0.000000000000000000e+00,-0.000000000000000000e+00,-0.000000000000000000e+00,-0.000000000000000000e+00,-0.000000000000000000e+00,-0.000000000000000000e+00,-0.000000000000000000e+00,-0.000000000000000000e+00,-0.000000000000000000e+00,-0.000000000000000000e+00,-0.000000000000000000e+00,-0.000000000000000000e+00,-0.000000000000000000e+00,-0.000000000000000000e+00,-0.000000000000000000e+00,-0.000000000000000000e+00,-0.000000000000000000e+00,-0.000000000000000000e+00,-0.000000000000000000e+00,-0.000000000000000000e+00,-0.000000000000000000e+00,-0.000000000000000000e+00,7.124031360514102170e-319,1.231099803759572310e-244,6.379722150250030437e-193,3.087795466221924755e-157,7.688361578894953161e-133,2.626929373529128943e-116,3.436410193941319817e-105,9.171514281978748316e-98,8.005462495533318423e-93,1.548749164017221774e-89,2.447575448269604992e-87,7.607245284625342970e-86,8.345186194764537519e-85,4.746550518081758031e-84,1.797195108305219973e-83,5.318937760126941308e-83,1.362807026768943974e-82,3.224921719648583131e-82,7.346243403336380917e-82,1.656706416577434590e-81,3.782874142230080559e-81,8.970356522728504406e-81,0.000000000000000000e+00,0.000000000000000000e+00,0.000000000000000000e+00
-0.000000000000000000e+00,-0.000000000000000000e+00,-0.000000000000000000e+00,-0.000000000000000000e+00,-0.000000000000000000e+00,-0.000000000000000000e+00,-0.000000000000000000e+00,-0.000000000000000000e+00,-0.000000000000000000e+00,-0.000000000000000000e+00,-0.000000000000000000e+00,-0.000000000000000000e+00,-0.000000000000000000e+00,-0.000000000000000000e+00,-0.000000000000000000e+00,-0.000000000000000000e+00,-0.000000000000000000e+00,-0.000000000000000000e+00,-0.000000000000000000e+00,-0.000000000000000000e+00,-0.000000000000000000e+00,-0.000000000000000000e+00,-0.000000000000000000e+00,-0.000000000000000000e+00,-0.000000000000000000e+00,-0.000000000000000000e+00,-0.000000000000000000e+00,-0.000000000000000000e+00,-0.000000000000000000e+00,-0.000000000000000000e+00,-0.000000000000000000e+00,-0.000000000000000000e+00,-0.000000000000000000e+00,-0.000000000000000000e+00,-0.000000000000000000e+00,-0.000000000000000000e+00,-0.000000000000000000e+00,-0.000000000000000000e+00,-0.000000000000000000e+00,-0.000000000000000000e+00,-0.000000000000000000e+00,-0.000000000000000000e+00,-0.000000000000000000e+00,-0.000000000000000000e+00,-0.000000000000000000e+00,-0.000000000000000000e+00,-0.000000000000000000e+00,-0.000000000000000000e+00,-0.000000000000000000e+00,-0.000000000000000000e+00,-0.000000000000000000e+00,-0.000000000000000000e+00,-0.000000000000000000e+00,-0.000000000000000000e+00,-0.000000000000000000e+00,-0.000000000000000000e+00,-0.000000000000000000e+00,-0.000000000000000000e+00,-0.000000000000000000e+00,-0.000000000000000000e+00,-0.000000000000000000e+00,-0.000000000000000000e+00,-0.000000000000000000e+00,-0.000000000000000000e+00,-0.000000000000000000e+00,-0.000000000000000000e+00,-0.000000000000000000e+00,-0.000000000000000000e+00,-0.000000000000000000e+00,-0.000000000000000000e+00,-0.000000000000000000e+00,-0.000000000000000000e+00,-0.000000000000000000e+00,-0.000000000000000000e+00,-0.000000000000000000e+00,7.124031360514102170e-319,1.231099803759572310e-244,6.379722150250030437e-193,3.087795466221924755e-157,7.688361578894953161e-133,2.626929373529128943e-116,3.436410193941319817e-105,9.171514281978748316e-98,8.005462495533318423e-93,1.548749164017221774e-89,2.447575448269604992e-87,7.607245284625342970e-86,8.345186194764537519e-85,4.746550518081758031e-84,1.797195108305219973e-83,5.318937760126941308e-83,1.362807026768943974e-82,3.224921719648583131e-82,7.346243403336380917e-82,1.656706416577434590e-81,3.782874142230080559e-81,8.970356522728504406e-81,0.000000000000000000e+00,0.000000000000000000e+00,0.000000000000000000e+00
-0.000000000000000000e+00,-0.000000000000000000e+00,-0.000000000000000000e+00,-0.000000000000000000e+00,-0.000000000000000000e+00,-0.000000000000000000e+00,-0.000000000000000000e+00,-0.000000000000000000e+00,-0.000000000000000000e+00,-0.000000000000000000e+00,-0.000000000000000000e+00,-0.000000000000000000e+00,-0.000000000000000000e+00,-0.000000000000000000e+00,-0.000000000000000000e+00,-0.000000000000000000e+00,-0.000000000000000000e+00,-0.000000000000000000e+00,-0.000000000000000000e+00,-0.000000000000000000e+00,-0.000000000000000000e+00,-0.000000000000000000e+00,-0.000000000000000000e+00,-0.000000000000000000e+00,-0.000000000000000000e+00,-0.000000000000000000e+00,-0.000000000000000000e+00,-0.000000000000000000e+00,-0.000000000000000000e+00,-0.000000000000000000e+00,-0.000000000000000000e+00,-0.000000000000000000e+00,-0.000000000000000000e+00,-0.000000000000000000e+00,-0.000000000000000000e+00,-0.000000000000000000e+00,-0.000000000000000000e+00,-0.000000000000000000e+00,-0.000000000000000000e+00,-0.000000000000000000e+00,-0.000000000000000000e+00,-0.000000000000000000e+00,-0.000000000000000000e+00,-0.000000000000000000e+00,-0.000000000000000000e+00,-0.000000000000000000e+00,-0.000000000000000000e+00,-0.000000000000000000e+00,-0.000000000000000000e+00,-0.000000000000000000e+00,-0.000000000000000000e+00,-0.000000000000000000e+00,-0.000000000000000000e+00,-0.000000000000000000e+00,-0.000000000000000000e+00,-0.000000000000000000e+00,-0.000000000000000000e+00,-0.000000000000000000e+00,-0.000000000000000000e+00,-0.000000000000000000e+00,-0.000000000000000000e+00,-0.000000000000000000e+00,-0.000000000000000000e+00,-0.000000000000000000e+00,-0.000000000000000000e+00,-0.000000000000000000e+00,-0.000000000000000000e+00,-0.000000000000000000e+00,-0.000000000000000000e+00,-0.000000000000000000e+00,-0.000000000000000000e+00,-0.000000000000000000e+00,-0.000000000000000000e+00,-0.000000000000000000e+00,-0.000000000000000000e+00,7.124031360514102170e-319,1.231099803759572310e-244,6.379722150250030437e-193,3.087795466221924755e-157,7.688361578894953161e-133,2.626929373529128943e-116,3.436410193941319817e-105,9.171514281978748316e-98,8.005462495533318423e-93,1.548749164017221774e-89,2.447575448269604992e-87,7.607245284625342970e-86,8.345186194764537519e-85,4.746550518081758031e-84,1.797195108305219973e-83,5.318937760126941308e-83,1.362807026768943974e-82,3.224921719648583131e-82,7.346243403336380917e-82,1.656706416577434590e-81,3.782874142230080559e-81,8.970356522728504406e-81,2.307587641432821747e-80,0.000000000000000000e+00,0.000000000000000000e+00
-0.000000000000000000e+00,-0.000000000000000000e+00,-0.000000000000000000e+00,-0.000000000000000000e+00,-0.000000000000000000e+00,-0.000000000000000000e+00,-0.000000000000000000e+00,-0.000000000000000000e+00,-0.000000000000000000e+00,-0.000000000000000000e+00,-0.000000000000000000e+00,-0.000000000000000000e+00,-0.000000000000000000e+00,-0.000000000000000000e+00,-0.000000000000000000e+00,-0.000000000000000000e+00,-0.000000000000000000e+00,-0.000000000000000000e+00,-0.000000000000000000e+00,-0.000000000000000000e+00,-0.000000000000000000e+00,-0.000000000000000000e+00,-0.000000000000000000e+00,-0.000000000000000000e+00,-0.000000000000000000e+00,-0.000000000000000000e+00,-0.000000000000000000e+00,-0.000000000000000000e+00,-0.000000000000000000e+00,-0.000000000000000000e+00,-0.000000000000000000e+00,-0.000000000000000000e+00,-0.000000000000000000e+00,-0.000000000000000000e+00,-0.000000000000000000e+00,-0.000000000000000000e+00,-0.000000000000000000e+00,-0.000000000000000000e+00,-0.000000000000000000e+00,-0.000000000000000000e+00,-0.000000000000000000e+00,-0.000000000000000000e+00,-0.000000000000000000e+00,-0.000000000000000000e+00,-0.000000000000000000e+00,-0.000000000000000000e+00,-0.000000000000000000e+00,-0.000000000000000000e+00,-0.000000000000000000e+00,-0.000000000000000000e+00,-0.000000000000000000e+00,-0.000000000000000000e+00,-0.000000000000000000e+00,-0.000000000000000000e+00,-0.000000000000000000e+00,-0.000000000000000000e+00,-0.000000000000000000e+00,-0.000000000000000000e+00,-0.000000000000000000e+00,-0.000000000000000000e+00,-0.000000000000000000e+00,-0.000000000000000000e+00,-0.000000000000000000e+00,-0.000000000000000000e+00,-0.000000000000000000e+00,-0.000000000000000000e+00,-0.000000000000000000e+00,-0.000000000000000000e+00,-0.000000000000000000e+00,-0.000000000000000000e+00,-0.000000000000000000e+00,-0.000000000000000000e+00,-0.000000000000000000e+00,-0.000000000000000000e+00,-0.000000000000000000e+00,7.124031360514102170e-319,1.231099803759572310e-244,6.379722150250030437e-193,3.087795466221924755e-157,7.688361578894953161e-133,2.626929373529128943e-116,3.436410193941319817e-105,9.171514281978748316e-98,8.005462495533318423e-93,1.548749164017221774e-89,2.447575448269604992e-87,7.607245284625342970e-86,8.345186194764537519e-85,4.746550518081758031e-84,1.797195108305219973e-83,5.318937760126941308e-83,1.362807026768943974e-82,3.224921719648583131e-82,7.346243403336380917e-82,1.656706416577434590e-81,3.782874142230080559e-81,8.970356522728504406e-81,2.307587641432821747e-80,0.000000000000000000e+00,0.000000000000000000e+00
-0.000000000000000000e+00,-0.000000000000000000e+00,-0.000000000000000000e+00,-0.000000000000000000e+00,-0.000000000000000000e+00,-0.000000000000000000e+00,-0.000000000000000000e+00,-0.000000000000000000e+00,-0.000000000000000000e+00,-0.000000000000000000e+00,-0.000000000000000000e+00,-0.000000000000000000e+00,-0.000000000000000000e+00,-0.000000000000000000e+00,-0.000000000000000000e+00,-0.000000000000000000e+00,-0.000000000000000000e+00,-0.000000000000000000e+00,-0.000000000000000000e+00,-0.000000000000000000e+00,-0.000000000000000000e+00,-0.000000000000000000e+00,-0.000000000000000000e+00,-0.000000000000000000e+00,-0.000000000000000000e+00,-0.000000000000000000e+00,-0.000000000000000000e+00,-0.000000000000000000e+00,-0.000000000000000000e+00,-0.000000000000000000e+00,-0.000000000000000000e+00,-0.000000000000000000e+00,-0.000000000000000000e+00,-0.000000000000000000e+00,-0.000000000000000000e+00,-0.000000000000000000e+00,-0.000000000000000000e+00,-0.000000000000000000e+00,-0.000000000000000000e+00,-0.000000000000000000e+00,-0.000000000000000000e+00,-0.000000000000000000e+00,-0.000000000000000000e+00,-0.000000000000000000e+00,-0.000000000000000000e+00,-0.000000000000000000e+00,-0.000000000000000000e+00,-0.000000000000000000e+00,-0.000000000000000000e+00,-0.000000000000000000e+00,-0.000000000000000000e+00,-0.000000000000000000e+00,-0.000000000000000000e+00,-0.000000000000000000e+00,-0.000000000000000000e+00,-0.000000000000000000e+00,-0.000000000000000000e+00,-0.000000000000000000e+00,-0.000000000000000000e+00,-0.000000000000000000e+00,-0.000000000000000000e+00,-0.000000000000000000e+00,-0.000000000000000000e+00,-0.000000000000000000e+00,-0.000000000000000000e+00,-0.000000000000000000e+00,-0.000000000000000000e+00,-0.000000000000000000e+00,-0.000000000000000000e+00,-0.000000000000000000e+00,-0.000000000000000000e+00,-0.000000000000000000e+00,-0.000000000000000000e+00,-0.000000000000000000e+00,-0.000000000000000000e+00,7.124031360514102170e-319,1.231099803759572310e-244,6.379722150250030437e-193,3.087795466221924755e-157,7.688361578894953161e-133,2.626929373529128943e-116,3.436410193941319817e-105,9.171514281978748316e-98,8.005462495533318423e-93,1.548749164017221774e-89,2.447575448269604992e-87,7.607245284625342970e-86,8.345186194764537519e-85,4.746550518081758031e-84,1.797195108305219973e-83,5.318937760126941308e-83,1.362807026768943974e-82,3.224921719648583131e-82,7.346243403336380917e-82,1.656706416577434590e-81,3.782874142230080559e-81,8.970356522728504406e-81,2.307587641432821747e-80,0.000000000000000000e+00,0.000000000000000000e+00
-0.000000000000000000e+00,-0.000000000000000000e+00,-0.000000000000000000e+00,-0.000000000000000000e+00,-0.000000000000000000e+00,-0.000000000000000000e+00,-0.000000000000000000e+00,-0.000000000000000000e+00,-0.000000000000000000e+00,-0.000000000000000000e+00,-0.000000000000000000e+00,-0.000000000000000000e+00,-0.000000000000000000e+00,-0.000000000000000000e+00,-0.000000000000000000e+00,-0.000000000000000000e+00,-0.000000000000000000e+00,-0.000000000000000000e+00,-0.000000000000000000e+00,-0.000000000000000000e+00,-0.000000000000000000e+00,-0.000000000000000000e+00,-0.000000000000000000e+00,-0.000000000000000000e+00,-0.000000000000000000e+00,-0.000000000000000000e+00,-0.000000000000000000e+00,-0.000000000000000000e+00,-0.000000000000000000e+00,-0.000000000000000000e+00,-0.000000000000000000e+00,-0.000000000000000000e+00,-0.000000000000000000e+00,-0.000000000000000000e+00,-0.000000000000000000e+00,-0.000000000000000000e+00,-0.000000000000000000e+00,-0.000000000000000000e+00,-0.000000000000000000e+00,-0.000000000000000000e+00,-0.000000000000000000e+00,-0.000000000000000000e+00,-0.000000000000000000e+00,-0.000000000000000000e+00,-0.000000000000000000e+00,-0.000000000000000000e+00,-0.000000000000000000e+00,-0.000000000000000000e+00,-0.000000000000000000e+00,-0.000000000000000000e+00,-0.000000000000000000e+00,-0.000000000000000000e+00,-0.000000000000000000e+00,-0.000000000000000000e+00,-0.000000000000000000e+00,-0.000000000000000000e+00,-0.000000000000000000e+00,-0.000000000000000000e+00,-0.000000000000000000e+00,-0.000000000000000000e+00,-0.000000000000000000e+00,-0.000000000000000000e+00,-0.000000000000000000e+00,-0.000000000000000000e+00,-0.000000000000000000e+00,-0.000000000000000000e+00,-0.000000000000000000e+00,-0.000000000000000000e+00,-0.000000000000000000e+00,-0.000000000000000000e+00,-0.000000000000000000e+00,-0.000000000000000000e+00,-0.000000000000000000e+00,-0.000000000000000000e+00,-0.000000000000000000e+00,7.124031360514102170e-319,1.231099803759572310e-244,6.379722150250030437e-193,3.087795466221924755e-157,7.688361578894953161e-133,2.626929373529128943e-116,3.436410193941319817e-105,9.171514281978748316e-98,8.005462495533318423e-93,1.548749164017221774e-89,2.447575448269604992e-87,7.607245284625342970e-86,8.345186194764537519e-85,4.746550518081758031e-84,1.797195108305219973e-83,5.318937760126941308e-83,1.362807026768943974e-82,3.224921719648583131e-82,7.346243403336380917e-82,1.656706416577434590e-81,3.782874142230080559e-81,8.970356522728504406e-81,2.307587641432821747e-80,0.000000000000000000e+00,0.000000000000000000e+00
-0.000000000000000000e+00,-0.000000000000000000e+00,-0.000000000000000000e+00,-0.000000000000000000e+00,-0.000000000000000000e+00,-0.000000000000000000e+00,-0.000000000000000000e+00,-0.000000000000000000e+00,-0.000000000000000000e+00,-0.000000000000000000e+00,-0.000000000000000000e+00,-0.000000000000000000e+00,-0.000000000000000000e+00,-0.000000000000000000e+00,-0.000000000000000000e+00,-0.000000000000000000e+00,-0.000000000000000000e+00,-0.000000000000000000e+00,-0.000000000000000000e+00,-0.000000000000000000e+00,-0.000000000000000000e+00,-0.000000000000000000e+00,-0.000000000000000000e+00,-0.000000000000000000e+00,-0.000000000000000000e+00,-0.000000000000000000e+00,-0.000000000000000000e+00,-0.000000000000000000e+00,-0.000000000000000000e+00,-0.000000000000000000e+00,-0.000000000000000000e+00,-0.000000000000000000e+00,-0.000000000000000000e+00,-0.000000000000000000e+00,-0.000000000000000000e+00,-0.000000000000000000e+00,-0.000000000000000000e+00,-0.000000000000000000e+00,-0.000000000000000000e+00,-0.000000000000000000e+00,-0.000000000000000000e+00,-0.000000000000000000e+00,-0.000000000000000000e+00,-0.000000000000000000e+00,-0.000000000000000000e+00,-0.000000000000000000e+00,-0.000000000000000000e+00,-0.000000000000000000e+00,-0.000000000000000000e+00,-0.000000000000000000e+00,-0.000000000000000000e+00,-0.000000000000000000e+00,-0.000000000000000000e+00,-0.000000000000000000e+00,-0.000000000000000000e+00,-0.000000000000000000e+00,-0.000000000000000000e+00,-0.000000000000000000e+00,-0.000000000000000000e+00,-0.000000000000000000e+00,-0.000000000000000000e+00,-0.000000000000000000e+00,-0.000000000000000000e+00,-0.000000000000000000e+00,-0.000000000000000000e+00,-0.000000000000000000e+00,-0.000000000000000000e+00,-0.000000000000000000e+00,-0.000000000000000000e+00,-0.000000000000000000e+00,-0.000000000000000000e+00,-0.000000000000000000e+00,-0.000000000000000000e+00,-0.000000000000000000e+00,-0.000000000000000000e+00,7.124031360514102170e-319,1.231099803759572310e-244,6.379722150250030437e-193,3.087795466221924755e-157,7.688361578894953161e-133,2.626929373529128943e-116,3.436410193941319817e-105,9.171514281978748316e-98,8.005462495533318423e-93,1.548749164017221774e-89,2.447575448269604992e-87,7.607245284625342970e-86,8.345186194764537519e-85,4.746550518081758031e-84,1.797195108305219973e-83,5.318937760126941308e-83,1.362807026768943974e-82,3.224921719648583131e-82,7.346243403336380917e-82,1.656706416577434590e-81,3.782874142230080559e-81,8.970356522728504406e-81,2.307587641432821747e-80,0.000000000000000000e+00,0.000000000000000000e+00
-0.000000000000000000e+00,-0.000000000000000000e+00,-0.000000000000000000e+00,-0.000000000000000000e+00,-0.000000000000000000e+00,-0.000000000000000000e+00,-0.000000000000000000e+00,-0.000000000000000000e+00,-0.000000000000000000e+00,-0.000000000000000000e+00,-0.000000000000000000e+00,-0.000000000000000000e+00,-0.000000000000000000e+00,-0.000000000000000000e+00,-0.000000000000000000e+00,-0.000000000000000000e+00,-0.000000000000000000e+00,-0.000000000000000000e+00,-0.000000000000000000e+00,-0.000000000000000000e+00,-0.000000000000000000e+00,-0.000000000000000000e+00,-0.000000000000000000e+00,-0.000000000000000000e+00,-0.000000000000000000e+00,-0.000000000000000000e+00,-0.000000000000000000e+00,-0.000000000000000000e+00,-0.000000000000000000e+00,-0.000000000000000000e+00,-0.000000000000000000e+00,-0.000000000000000000e+00,-0.000000000000000000e+00,-0.000000000000000000e+00,-0.000000000000000000e+00,-0.000000000000000000e+00,-0.000000000000000000e+00,-0.000000000000000000e+00,-0.000000000000000000e+00,-0.000000000000000000e+00,-0.000000000000000000e+00,-0.000000000000000000e+00,-0.000000000000000000e+00,-0.000000000000000000e+00,-0.000000000000000000e+00,-0.000000000000000000e+00,-0.000000000000000000e+00,-0.000000000000000000e+00,-0.000000000000000000e+00,-0.000000000000000000e+00,-0.000000000000000000e+00,-0.000000000000000000e+00,-0.000000000000000000e+00,-0.000000000000000000e+00,-0.000000000000000000e+00,-0.000000000000000000e+00,-0.000000000000000000e+00,-0.000000000000000000e+00,-0.000000000000000000e+00,-0.000000000000000000e+00,-0.000000000000000000e+00,-0.000000000000000000e+00,-0.000000000000000000e+00,-0.000000000000000000e+00,-0.000000000000000000e+00,-0.000000000000000000e+00,-0.000000000000000000e+00,-0.000000000000000000e+00,-0.000000000000000000e+00,-0.000000000000000000e+00,-0.000000000000000000e+00,-0.000000000000000000e+00,-0.000000000000000000e+00,-0.000000000000000000e+00,-0.000000000000000000e+00,7.124031360514102170e-319,1.231099803759572310e-244,6.379722150250030437e-193,3.087795466221924755e-157,7.688361578894953161e-133,2.626929373529128943e-116,3.436410193941319817e-105,9.171514281978748316e-98,8.005462495533318423e-93,1.548749164017221774e-89,2.447575448269604992e-87,7.607245284625342970e-86,8.345186194764537519e-85,4.746550518081758031e-84,1.797195108305219973e-83,5.318937760126941308e-83,1.362807026768943974e-82,3.224921719648583131e-82,7.346243403336380917e-82,1.656706416577434590e-81,3.782874142230080559e-81,8.970356522728504406e-81,2.307587641432821747e-80,0.000000000000000000e+00,0.000000000000000000e+00
-0.000000000000000000e+00,-0.000000000000000000e+00,-0.000000000000000000e+00,-0.000000000000000000e+00,-0.000000000000000000e+00,-0.000000000000000000e+00,-0.000000000000000000e+00,-0.000000000000000000e+00,-0.000000000000000000e+00,-0.000000000000000000e+00,-0.000000000000000000e+00,-0.000000000000000000e+00,-0.000000000000000000e+00,-0.000000000000000000e+00,-0.000000000000000000e+00,-0.000000000000000000e+00,-0.000000000000000000e+00,-0.000000000000000000e+00,-0.000000000000000000e+00,-0.000000000000000000e+00,-0.000000000000000000e+00,-0.000000000000000000e+00,-0.000000000000000000e+00,-0.000000000000000000e+00,-0.000000000000000000e+00,-0.000000000000000000e+00,-0.000000000000000000e+00,-0.000000000000000000e+00,-0.000000000000000000e+00,-0.000000000000000000e+00,-0.000000000000000000e+00,-0.000000000000000000e+00,-0.000000000000000000e+00,-0.000000000000000000e+00,-0.000000000000000000e+00,-0.000000000000000000e+00,-0.000000000000000000e+00,-0.000000000000000000e+00,-0.000000000000000000e+00,-0.000000000000000000e+00,-0.000000000000000000e+00,-0.000000000000000000e+00,-0.000000000000000000e+00,-0.000000000000000000e+00,-0.000000000000000000e+00,-0.000000000000000000e+00,-0.000000000000000000e+00,-0.000000000000000000e+00,-0.000000000000000000e+00,-0.000000000000000000e+00,-0.000000000000000000e+00,-0.000000000000000000e+00,-0.000000000000000000e+00,-0.000000000000000000e+00,-0.000000000000000000e+00,-0.000000000000000000e+00,-0.000000000000000000e+00,-0.000000000000000000e+00,-0.000000000000000000e+00,-0.000000000000000000e+00,-0.000000000000000000e+00,-0.000000000000000000e+00,-0.000000000000000000e+00,-0.000000000000000000e+00,-0.000000000000000000e+00,-0.000000000000000000e+00,-0.000000000000000000e+00,-0.000000000000000000e+00,-0.000000000000000000e+00,-0.000000000000000000e+00,-0.000000000000000000e+00,-0.000000000000000000e+00,-0.000000000000000000e+00,-0.000000000000000000e+00,-0.000000000000000000e+00,7.124031360514102170e-319,1.231099803759572310e-244,6.379722150250030437e-193,3.087795466221924755e-157,7.688361578894953161e-133,2.626929373529128943e-116,3.436410193941319817e-105,9.171514281978748316e-98,8.005462495533318423e-93,1.548749164017221774e-89,2.447575448269604992e-87,7.607245284625342970e-86,8.345186194764537519e-85,4.746550518081758031e-84,1.797195108305219973e-83,5.318937760126941308e-83,1.362807026768943974e-82,3.224921719648583131e-82,7.346243403336380917e-82,1.656706416577434590e-81,3.782874142230080559e-81,8.970356522728504406e-81,2.307587641432821747e-80,0.000000000000000000e+00,0.000000000000000000e+00
-0.000000000000000000e+00,-0.000000000000000000e+00,-0.000000000000000000e+00,-0.000000000000000000e+00,-0.000000000000000000e+00,-0.000000000000000000e+00,-0.000000000000000000e+00,-0.000000000000000000e+00,-0.000000000000000000e+00,-0.000000000000000000e+00,-0.000000000000000000e+00,-0.000000000000000000e+00,-0.000000000000000000e+00,-0.000000000000000000e+00,-0.000000000000000000e+00,-0.000000000000000000e+00,-0.000000000000000000e+00,-0.000000000000000000e+00,-0.000000000000000000e+00,-0.000000000000000000e+00,-0.000000000000000000e+00,-0.000000000000000000e+00,-0.000000000000000000e+00,-0.000000000000000000e+00,-0.000000000000000000e+00,-0.000000000000000000e+00,-0.000000000000000000e+00,-0.000000000000000000e+00,-0.000000000000000000e+00,-0.000000000000000000e+00,-0.000000000000000000e+00,-0.000000000000000000e+00,-0.000000000000000000e+00,-0.000000000000000000e+00,-0.000000000000000000e+00,-0.000000000000000000e+00,-0.000000000000000000e+00,-0.000000000000000000e+00,-0.000000000000000000e+00,-0.000000000000000000e+00,-0.000000000000000000e+00,-0.000000000000000000e+00,-0.000000000000000000e+00,-0.000000000000000000e+00,-0.000000000000000000e+00,-0.000000000000000000e+00,-0.000000000000000000e+00,-0.000000000000000000e+00,-0.000000000000000000e+00,-0.000000000000000000e+00,-0.000000000000000000e+00,-0.000000000000000000e+00,-0.000000000000000000e+00,-0.000000000000000000e+00,-0.000000000000000000e+00,-0.000000000000000000e+00,-0.000000000000000000e+00,-0.000000000000000000e+00,-0.000000000000000000e+00,-0.000000000000000000e+00,-0.000000000000000000e+00,-0.000000000000000000e+00,-0.000000000000000000e+00,-0.000000000000000000e+00,-0.000000000000000000e+00,-0.000000000000000000e+00,-0.000000000000000000e+00,-0.000000000000000000e+00,-0.000000000000000000e+00,-0.000000000000000000e+00,-0.000000000000000000e+00,-0.000000000000000000e+00,-0.000000000000000000e+00,-0.000000000000000000e+00,-0.000000000000000000e+00,7.124031360514102170e-319,1.231099803759572310e-244,6.379722150250030437e-193,3.087795466221924755e-157,7.688361578894953161e-133,2.626929373529128943e-116,3.436410193941319817e-105,9.171514281978748316e-98,8.005462495533318423e-93,1.548749164017221774e-89,2.447575448269604992e-87,7.607245284625342970e-86,8.345186194764537519e-85,4.746550518081758031e-84,1.797195108305219973e-83,5.318937760126941308e-83,1.362807026768943974e-82,3.224921719648583131e-82,7.346243403336380917e-82,1.656706416577434590e-81,3.782874142230080559e-81,8.970356522728504406e-81,2.307587641432821747e-80,0.000000000000000000e+00,0.000000000000000000e+00
-0.000000000000000000e+00,-0.000000000000000000e+00,-0.000000000000000000e+00,-0.000000000000000000e+00,-0.000000000000000000e+00,-0.000000000000000000e+00,-0.000000000000000000e+00,-0.000000000000000000e+00,-0.000000000000000000e+00,-0.000000000000000000e+00,-0.000000000000000000e+00,-0.000000000000000000e+00,-0.000000000000000000e+00,-0.000000000000000000e+00,-0.000000000000000000e+00,-0.000000000000000000e+00,-0.000000000000000000e+00,-0.000000000000000000e+00,-0.000000000000000000e+00,-0.000000000000000000e+00,-0.000000000000000000e+00,-0.000000000000000000e+00,-0.000000000000000000e+00,-0.000000000000000000e+00,-0.000000000000000000e+00,-0.000000000000000000e+00,-0.000000000000000000e+00,-0.000000000000000000e+00,-0.000000000000000000e+00,-0.000000000000000000e+00,-0.000000000000000000e+00,-0.000000000000000000e+00,-0.000000000000000000e+00,-0.000000000000000000e+00,-0.000000000000000000e+00,-0.000000000000000000e+00,-0.000000000000000000e+00,-0.000000000000000000e+00,-0.000000000000000000e+00,-0.000000000000000000e+00,-0.000000000000000000e+00,-0.000000000000000000e+00,-0.000000000000000000e+00,-0.000000000000000000e+00,-0.000000000000000000e+00,-0.000000000000000000e+00,-0.000000000000000000e+00,-0.000000000000000000e+00,-0.000000000000000000e+00,-0.000000000000000000e+00,-0.000000000000000000e+00,-0.000000000000000000e+00,-0.000000000000000000e+00,-0.000000000000000000e+00,-0.000000000000000000e+00,-0.000000000000000000e+00,-0.000000000000000000e+00,-0.000000000000000000e+00,-0.000000000000000000e+00,-0.000000000000000000e+00,-0.000000000000000000e+00,-0.000000000000000000e+00,-0.000000000000000000e+00,-0.000000000000000000e+00,-0.000000000000000000e+00,-0.000000000000000000e+00,-0.000000000000000000e+00,-0.000000000000000000e+00,-0.000000000000000000e+00,-0.000000000000000000e+00,-0.000000000000000000e+00,-0.000000000000000000e+00,-0.000000000000000000e+00,-0.000000000000000000e+00,-0.000000000000000000e+00,7.124031360514102170e-319,1.231099803759572310e-244,6.379722150250030437e-193,3.087795466221924755e-157,7.688361578894953161e-133,2.626929373529128943e-116,3.436410193941319817e-105,9.171514281978748316e-98,8.005462495533318423e-93,1.548749164017221774e-89,2.447575448269604992e-87,7.607245284625342970e-86,8.345186194764537519e-85,4.746550518081758031e-84,1.797195108305219973e-83,5.318937760126941308e-83,1.362807026768943974e-82,3.224921719648583131e-82,7.346243403336380917e-82,1.656706416577434590e-81,3.782874142230080559e-81,8.970356522728504406e-81,2.307587641432821747e-80,0.000000000000000000e+00,0.000000000000000000e+00
-0.000000000000000000e+00,-0.000000000000000000e+00,-0.000000000000000000e+00,-0.000000000000000000e+00,-0.000000000000000000e+00,-0.000000000000000000e+00,-0.000000000000000000e+00,-0.000000000000000000e+00,-0.000000000000000000e+00,-0.000000000000000000e+00,-0.000000000000000000e+00,-0.000000000000000000e+00,-0.000000000000000000e+00,-0.000000000000000000e+00,-0.000000000000000000e+00,-0.000000000000000000e+00,-0.000000000000000000e+00,-0.000000000000000000e+00,-0.000000000000000000e+00,-0.000000000000000000e+00,-0.000000000000000000e+00,-0.000000000000000000e+00,-0.000000000000000000e+00,-0.000000000000000000e+00,-0.000000000000000000e+00,-0.000000000000000000e+00,-0.000000000000000000e+00,-0.000000000000000000e+00,-0.000000000000000000e+00,-0.000000000000000000e+00,-0.000000000000000000e+00,-0.000000000000000000e+00,-0.000000000000000000e+00,-0.000000000000000000e+00,-0.000000000000000000e+00,-0.000000000000000000e+00,-0.000000000000000000e+00,-0.000000000000000000e+00,-0.000000000000000000e+00,-0.000000000000000000e+00,-0.000000000000000000e+00,-0.000000000000000000e+00,-0.000000000000000000e+00,-0.000000000000000000e+00,-0.000000000000000000e+00,-0.000000000000000000e+00,-0.000000000000000000e+00,-0.000000000000000000e+00,-0.000000000000000000e+00,-0.000000000000000000e+00,-0.000000000000000000e+00,-0.000000000000000000e+00,-0.000000000000000000e+00,-0.000000000000000000e+00,-0.000000000000000000e+00,-0.000000000000000000e+00,-0.000000000000000000e+00,-0.000000000000000000e+00,-0.000000000000000000e+00,-0.000000000000000000e+00,-0.000000000000000000e+00,-0.000000000000000000e+00,-0.000000000000000000e+00,-0.000000000000000000e+00,-0.000000000000000000e+00,-0.000000000000000000e+00,-0.000000000000000000e+00,-0.000000000000000000e+00,-0.000000000000000000e+00,-0.000000000000000000e+00,-0.000000000000000000e+00,-0.000000000000000000e+00,-0.000000000000000000e+00,-0.000000000000000000e+00,-0.000000000000000000e+00,7.124031360514102170e-319,1.231099803759572310e-244,6.379722150250030437e-193,3.087795466221924755e-157,7.688361578894953161e-133,2.626929373529128943e-116,3.436410193941319817e-105,9.171514281978748316e-98,8.005462495533318423e-93,1.548749164017221774e-89,2.447575448269604992e-87,7.607245284625342970e-86,8.345186194764537519e-85,4.746550518081758031e-84,1.797195108305219973e-83,5.318937760126941308e-83,1.362807026768943974e-82,3.224921719648583131e-82,7.346243403336380917e-82,1.656706416577434590e-81,3.782874142230080559e-81,8.970356522728504406e-81,2.307587641432821747e-80,0.000000000000000000e+00,0.000000000000000000e+00
-0.000000000000000000e+00,-0.000000000000000000e+00,-0.000000000000000000e+00,-0.000000000000000000e+00,-0.000000000000000000e+00,-0.000000000000000000e+00,-0.000000000000000000e+00,-0.000000000000000000e+00,-0.000000000000000000e+00,-0.000000000000000000e+00,-0.000000000000000000e+00,-0.000000000000000000e+00,-0.000000000000000000e+00,-0.000000000000000000e+00,-0.000000000000000000e+00,-0.000000000000000000e+00,-0.000000000000000000e+00,-0.000000000000000000e+00,-0.000000000000000000e+00,-0.000000000000000000e+00,-0.000000000000000000e+00,-0.000000000000000000e+00,-0.000000000000000000e+00,-0.000000000000000000e+00,-0.000000000000000000e+00,-0.000000000000000000e+00,-0.000000000000000000e+00,-0.000000000000000000e+00,-0.000000000000000000e+00,-0.000000000000000000e+00,-0.000000000000000000e+00,-0.000000000000000000e+00,-0.000000000000000000e+00,-0.000000000000000000e+00,-0.000000000000000000e+00,-0.000000000000000000e+00,-0.000000000000000000e+00,-0.000000000000000000e+00,-0.000000000000000000e+00,-0.000000000000000000e+00,-0.000000000000000000e+00,-0.000000000000000000e+00,-0.000000000000000000e+00,-0.000000000000000000e+00,-0.000000000000000000e+00,-0.000000000000000000e+00,-0.000000000000000000e+00,-0.000000000000000000e+00,-0.000000000000000000e+00,-0.000000000000000000e+00,-0.000000000000000000e+00,-0.000000000000000000e+00,-0.000000000000000000e+00,-0.000000000000000000e+00,-0.000000000000000000e+00,-0.000000000000000000e+00,-0.000000000000000000e+00,-0.000000000000000000e+00,-0.000000000000000000e+00,-0.000000000000000000e+00,-0.000000000000000000e+00,-0.000000000000000000e+00,-0.000000000000000000e+00,-0.000000000000000000e+00,-0.000000000000000000e+00,-0.000000000000000000e+00,-0.000000000000000000e+00,-0.000000000000000000e+00,-0.000000000000000000e+00,-0.000000000000000000e+00,-0.000000000000000000e+00,-0.000000000000000000e+00,-0.000000000000000000e+00,-0.000000000000000000e+00,-0.000000000000000000e+00,7.124031360514102170e-319,1.231099803759572310e-244,6.379722150250030437e-193,3.087795466221924755e-157,7.688361578894953161e-133,2.626929373529128943e-116,3.436410193941319817e-105,9.171514281978748316e-98,8.005462495533318423e-93,1.548749164017221774e-89,2.447575448269604992e-87,7.607245284625342970e-86,8.345186194764537519e-85,4.746550518081758031e-84,1.797195108305219973e-83,5.318937760126941308e-83,1.362807026768943974e-82,3.224921719648583131e-82,7.346243403336380917e-82,1.656706416577434590e-81,3.782874142230080559e-81,8.970356522728504406e-81,2.307587641432821747e-80,0.000000000000000000e+00,0.000000000000000000e+00
-0.000000000000000000e+00,-0.000000000000000000e+00,-0.000000000000000000e+00,-0.000000000000000000e+00,-0.000000000000000000e+00,-0.000000000000000000e+00,-0.000000000000000000e+00,-0.000000000000000000e+00,-0.000000000000000000e+00,-0.000000000000000000e+00,-0.000000000000000000e+00,-0.000000000000000000e+00,-0.000000000000000000e+00,-0.000000000000000000e+00,-0.000000000000000000e+00,-0.000000000000000000e+00,-0.000000000000000000e+00,-0.000000000000000000e+00,-0.000000000000000000e+00,-0.000000000000000000e+00,-0.000000000000000000e+00,-0.000000000000000000e+00,-0.000000000000000000e+00,-0.000000000000000000e+00,-0.000000000000000000e+00,-0.000000000000000000e+00,-0.000000000000000000e+00,-0.000000000000000000e+00,-0.000000000000000000e+00,-0.000000000000000000e+00,-0.000000000000000000e+00,-0.000000000000000000e+00,-0.000000000000000000e+00,-0.000000000000000000e+00,-0.000000000000000000e+00,-0.000000000000000000e+00,-0.000000000000000000e+00,-0.000000000000000000e+00,-0.000000000000000000e+00,-0.000000000000000000e+00,-0.000000000000000000e+00,-0.000000000000000000e+00,-0.000000000000000000e+00,-0.000000000000000000e+00,-0.000000000000000000e+00,-0.000000000000000000e+00,-0.000000000000000000e+00,-0.000000000000000000e+00,-0.000000000000000000e+00,-0.000000000000000000e+00,-0.000000000000000000e+00,-0.000000000000000000e+00,-0.000000000000000000e+00,-0.000000000000000000e+00,-0.000000000000000000e+00,-0.000000000000000000e+00,-0.000000000000000000e+00,-0.000000000000000000e+00,-0.000000000000000000e+00,-0.000000000000000000e+00,-0.000000000000000000e+00,-0.000000000000000000e+00,-0.000000000000000000e+00,-0.000000000000000000e+00,-0.000000000000000000e+00,-0.000000000000000000e+00,-0.000000000000000000e+00,-0.000000000000000000e+00,-0.000000000000000000e+00,-0.000000000000000000e+00,-0.000000000000000000e+00,-0.000000000000000000e+00,-0.000000000000000000e+00,-0.000000000000000000e+00,-0.000000000000000000e+00,7.124031360514102170e-319,1.231099803759572310e-244,6.379722150250030437e-193,3.087795466221924755e-157,7.688361578894953161e-133,2.626929373529128943e-116,3.436410193941319817e-105,9.171514281978748316e-98,8.005462495533318423e-93,1.548749164017221774e-89,2.447575448269604992e-87,7.607245284625342970e-86,8.345186194764537519e-85,4.746550518081758031e-84,1.797195108305219973e-83,5.318937760126941308e-83,1.362807026768943974e-82,3.224921719648583131e-82,7.346243403336380917e-82,1.656706416577434590e-81,3.782874142230080559e-81,8.970356522728504406e-81,2.307587641432821747e-80,0.000000000000000000e+00,0.000000000000000000e+00
-0.000000000000000000e+00,-0.000000000000000000e+00,-0.000000000000000000e+00,-0.000000000000000000e+00,-0.000000000000000000e+00,-0.000000000000000000e+00,-0.000000000000000000e+00,-0.000000000000000000e+00,-0.000000000000000000e+00,-0.000000000000000000e+00,-0.000000000000000000e+00,-0.000000000000000000e+00,-0.000000000000000000e+00,-0.000000000000000000e+00,-0.000000000000000000e+00,-0.000000000000000000e+00,-0.000000000000000000e+00,-0.000000000000000000e+00,-0.000000000000000000e+00,-0.000000000000000000e+00,-0.000000000000000000e+00,-0.000000000000000000e+00,-0.000000000000000000e+00,-0.000000000000000000e+00,-0.000000000000000000e+00,-0.000000000000000000e+00,-0.000000000000000000e+00,-0.000000000000000000e+00,-0.000000000000000000e+00,-0.000000000000000000e+00,-0.000000000000000000e+00,-0.000000000000000000e+00,-0.000000000000000000e+00,-0.000000000000000000e+00,-0.000000000000000000e+00,-0.000000000000000000e+00,-0.000000000000000000e+00,-0.000000000000000000e+00,-0.000000000000000000e+00,-0.000000000000000000e+00,-0.000000000000000000e+00,-0.000000000000000000e+00,-0.000000000000000000e+00,-0.000000000000000000e+00,-0.000000000000000000e+00,-0.000000000000000000e+00,-0.000000000000000000e+00,-0.000000000000000000e+00,-0.000000000000000000e+00,-0.000000000000000000e+00,-0.000000000000000000e+00,-0.000000000000000000e+00,-0.000000000000000000e+00,-0.000000000000000000e+00,-0.000000000000000000e+00,-0.000000000000000000e+00,-0.000000000000000000e+00,-0.000000000000000000e+00,-0.000000000000000000e+00,-0.000000000000000000e+00,-0.000000000000000000e+00,-0.000000000000000000e+00,-0.000000000000000000e+00,-0.000000000000000000e+00,-0.000000000000000000e+00,-0.000000000000000000e+00,-0.000000000000000000e+00,-0.000000000000000000e+00,-0.000000000000000000e+00,-0.000000000000000000e+00,-0.000000000000000000e+00,-0.000000000000000000e+00,-0.000000000000000000e+00,-0.000000000000000000e+00,-0.000000000000000000e+00,7.124031360514102170e-319,1.231099803759572310e-244,6.379722150250030437e-193,3.087795466221924755e-157,7.688361578894953161e-133,2.626929373529128943e-116,3.436410193941319817e-105,9.171514281978748316e-98,8.005462495533318423e-93,1.548749164017221774e-89,2.447575448269604992e-87,7.607245284625342970e-86,8.345186194764537519e-85,4.746550518081758031e-84,1.797195108305219973e-83,5.318937760126941308e-83,1.362807026768943974e-82,3.224921719648583131e-82,7.346243403336380917e-82,1.656706416577434590e-81,3.782874142230080559e-81,8.970356522728504406e-81,2.307587641432821747e-80,0.000000000000000000e+00,0.000000000000000000e+00
-0.000000000000000000e+00,-0.000000000000000000e+00,-0.000000000000000000e+00,-0.000000000000000000e+00,-0.000000000000000000e+00,-0.000000000000000000e+00,-0.000000000000000000e+00,-0.000000000000000000e+00,-0.000000000000000000e+00,-0.000000000000000000e+00,-0.000000000000000000e+00,-0.000000000000000000e+00,-0.000000000000000000e+00,-0.000000000000000000e+00,-0.000000000000000000e+00,-0.000000000000000000e+00,-0.000000000000000000e+00,-0.000000000000000000e+00,-0.000000000000000000e+00,-0.000000000000000000e+00,-0.000000000000000000e+00,-0.000000000000000000e+00,-0.000000000000000000e+00,-0.000000000000000000e+00,-0.000000000000000000e+00,-0.000000000000000000e+00,-0.000000000000000000e+00,-0.000000000000000000e+00,-0.000000000000000000e+00,-0.000000000000000000e+00,-0.000000000000000000e+00,-0.000000000000000000e+00,-0.000000000000000000e+00,-0.000000000000000000e+00,-0.000000000000000000e+00,-0.000000000000000000e+00,-0.000000000000000000e+00,-0.000000000000000000e+00,-0.000000000000000000e+00,-0.000000000000000000e+00,-0.000000000000000000e+00,-0.000000000000000000e+00,-0.000000000000000000e+00,-0.000000000000000000e+00,-0.000000000000000000e+00,-0.000000000000000000e+00,-0.000000000000000000e+00,-0.000000000000000000e+00,-0.000000000000000000e+00,-0.000000000000000000e+00,-0.000000000000000000e+00,-0.000000000000000000e+00,-0.000000000000000000e+00,-0.000000000000000000e+00,-0.000000000000000000e+00,-0.000000000000000000e+00,-0.000000000000000000e+00,-0.000000000000000000e+00,-0.000000000000000000e+00,-0.000000000000000000e+00,-0.000000000000000000e+00,-0.000000000000000000e+00,-0.000000000000000000e+00,-0.000000000000000000e+00,-0.000000000000000000e+00,-0.000000000000000000e+00,-0.000000000000000000e+00,-0.000000000000000000e+00,-0.000000000000000000e+00,-0.000000000000000000e+00,-0.000000000000000000e+00,-0.000000000000000000e+00,-0.000000000000000000e+00,-0.000000000000000000e+00,-0.000000000000000000e+00,7.124031360514102170e-319,1.231099803759572310e-244,6.379722150250030437e-193,3.087795466221924755e-157,7.688361578894953161e-133,2.626929373529128943e-116,3.436410193941319817e-105,9.171514281978748316e-98,8.005462495533318423e-93,1.548749164017221774e-89,2.447575448269604992e-87,7.607245284625342970e-86,8.345186194764537519e-85,4.746550518081758031e-84,1.797195108305219973e-83,5.318937760126941308e-83,1.362807026768943974e-82,3.224921719648583131e-82,7.346243403336380917e-82,1.656706416577434590e-81,3.782874142230080559e-81,8.970356522728504406e-81,2.307587641432821747e-80,0.000000000000000000e+00,0.000000000000000000e+00
-0.000000000000000000e+00,-0.000000000000000000e+00,-0.000000000000000000e+00,-0.000000000000000000e+00,-0.000000000000000000e+00,-0.000000000000000000e+00,-0.000000000000000000e+00,-0.000000000000000000e+00,-0.000000000000000000e+00,-0.000000000000000000e+00,-0.000000000000000000e+00,-0.000000000000000000e+00,-0.000000000000000000e+00,-0.000000000000000000e+00,-0.000000000000000000e+00,-0.000000000000000000e+00,-0.000000000000000000e+00,-0.000000000000000000e+00,-0.000000000000000000e+00,-0.000000000000000000e+00,-0.000000000000000000e+00,-0.000000000000000000e+00,-0.000000000000000000e+00,-0.000000000000000000e+00,-0.000000000000000000e+00,-0.000000000000000000e+00,-0.000000000000000000e+00,-0.000000000000000000e+00,-0.000000000000000000e+00,-0.000000000000000000e+00,-0.000000000000000000e+00,-0.000000000000000000e+00,-0.000000000000000000e+00,-0.000000000000000000e+00,-0.000000000000000000e+00,-0.000000000000000000e+00,-0.000000000000000000e+00,-0.000000000000000000e+00,-0.000000000000000000e+00,-0.000000000000000000e+00,-0.000000000000000000e+00,-0.000000000000000000e+00,-0.000000000000000000e+00,-0.000000000000000000e+00,-0.000000000000000000e+00,-0.000000000000000000e+00,-0.000000000000000000e+00,-0.000000000000000000e+00,-0.000000000000000000e+00,-0.000000000000000000e+00,-0.000000000000000000e+00,-0.000000000000000000e+00,-0.000000000000000000e+00,-0.000000000000000000e+00,-0.000000000000000000e+00,-0.000000000000000000e+00,-0.000000000000000000e+00,-0.000000000000000000e+00,-0.000000000000000000e+00,-0.000000000000000000e+00,-0.000000000000000000e+00,-0.000000000000000000e+00,-0.000000000000000000e+00,-0.000000000000000000e+00,-0.000000000000000000e+00,-0.000000000000000000e+00,-0.000000000000000000e+00,-0.000000000000000000e+00,-0.000000000000000000e+00,-0.000000000000000000e+00,-0.000000000000000000e+00,-0.000000000000000000e+00,-0.000000000000000000e+00,-0.000000000000000000e+00,-0.000000000000000000e+00,7.124031360514102170e-319,1.231099803759572310e-244,6.379722150250030437e-193,3.087795466221924755e-157,7.688361578894953161e-133,2.626929373529128943e-116,3.436410193941319817e-105,9.171514281978748316e-98,8.005462495533318423e-93,1.548749164017221774e-89,2.447575448269604992e-87,7.607245284625342970e-86,8.345186194764537519e-85,4.746550518081758031e-84,1.797195108305219973e-83,5.318937760126941308e-83,1.362807026768943974e-82,3.224921719648583131e-82,7.346243403336380917e-82,1.656706416577434590e-81,3.782874142230080559e-81,8.970356522728504406e-81,2.307587641432821747e-80,0.000000000000000000e+00,0.000000000000000000e+00
-0.000000000000000000e+00,-0.000000000000000000e+00,-0.000000000000000000e+00,-0.000000000000000000e+00,-0.000000000000000000e+00,-0.000000000000000000e+00,-0.000000000000000000e+00,-0.000000000000000000e+00,-0.000000000000000000e+00,-0.000000000000000000e+00,-0.000000000000000000e+00,-0.000000000000000000e+00,-0.000000000000000000e+00,-0.000000000000000000e+00,-0.000000000000000000e+00,-0.000000000000000000e+00,-0.000000000000000000e+00,-0.000000000000000000e+00,-0.000000000000000000e+00,-0.000000000000000000e+00,-0.000000000000000000e+00,-0.000000000000000000e+00,-0.000000000000000000e+00,-0.000000000000000000e+00,-0.000000000000000000e+00,-0.000000000000000000e+00,-0.000000000000000000e+00,-0.000000000000000000e+00,-0.000000000000000000e+00,-0.000000000000000000e+00,-0.000000000000000000e+00,-0.000000000000000000e+00,-0.000000000000000000e+00,-0.000000000000000000e+00,-0.000000000000000000e+00,-0.000000000000000000e+00,-0.000000000000000000e+00,-0.000000000000000000e+00,-0.000000000000000000e+00,-0.000000000000000000e+00,-0.000000000000000000e+00,-0.000000000000000000e+00,-0.000000000000000000e+00,-0.000000000000000000e+00,-0.000000000000000000e+00,-0.000000000000000000e+00,-0.000000000000000000e+00,-0.000000000000000000e+00,-0.000000000000000000e+00,-0.000000000000000000e+00,-0.000000000000000000e+00,-0.000000000000000000e+00,-0.000000000000000000e+00,-0.000000000000000000e+00,-0.000000000000000000e+00,-0.000000000000000000e+00,-0.000000000000000000e+00,-0.000000000000000000e+00,-0.000000000000000000e+00,-0.000000000000000000e+00,-0.000000000000000000e+00,-0.000000000000000000e+00,-0.000000000000000000e+00,-0.000000000000000000e+00,-0.000000000000000000e+00,-0.000000000000000000e+00,-0.000000000000000000e+00,-0.000000000000000000e+00,-0.000000000000000000e+00,-0.000000000000000000e+00,-0.000000000000000000e+00,-0.000000000000000000e+00,-0.000000000000000000e+00,-0.000000000000000000e+00,-0.000000000000000000e+00,7.124031360514102170e-319,1.231099803759572310e-244,6.379722150250030437e-193,3.087795466221924755e-157,7.688361578894953161e-133,2.626929373529128943e-116,3.436410193941319817e-105,9.171514281978748316e-98,8.005462495533318423e-93,1.548749164017221774e-89,2.447575448269604992e-87,7.607245284625342970e-86,8.345186194764537519e-85,4.746550518081758031e-84,1.797195108305219973e-83,5.318937760126941308e-83,1.362807026768943974e-82,3.224921719648583131e-82,7.346243403336380917e-82,1.656706416577434590e-81,3.782874142230080559e-81,8.970356522728504406e-81,2.307587641432821747e-80,0.000000000000000000e+00,0.000000000000000000e+00
-0.000000000000000000e+00,-0.000000000000000000e+00,-0.000000000000000000e+00,-0.000000000000000000e+00,-0.000000000000000000e+00,-0.000000000000000000e+00,-0.000000000000000000e+00,-0.000000000000000000e+00,-0.000000000000000000e+00,-0.000000000000000000e+00,-0.000000000000000000e+00,-0.000000000000000000e+00,-0.000000000000000000e+00,-0.000000000000000000e+00,-0.000000000000000000e+00,-0.000000000000000000e+00,-0.000000000000000000e+00,-0.000000000000000000e+00,-0.000000000000000000e+00,-0.000000000000000000e+00,-0.000000000000000000e+00,-0.000000000000000000e+00,-0.000000000000000000e+00,-0.000000000000000000e+00,-0.000000000000000000e+00,-0.000000000000000000e+00,-0.000000000000000000e+00,-0.000000000000000000e+00,-0.000000000000000000e+00,-0.000000000000000000e+00,-0.000000000000000000e+00,-0.000000000000000000e+00,-0.000000000000000000e+00,-0.000000000000000000e+00,-0.000000000000000000e+00,-0.000000000000000000e+00,-0.000000000000000000e+00,-0.000000000000000000e+00,-0.000000000000000000e+00,-0.000000000000000000e+00,-0.000000000000000000e+00,-0.000000000000000000e+00,-0.000000000000000000e+00,-0.000000000000000000e+00,-0.000000000000000000e+00,-0.000000000000000000e+00,-0.000000000000000000e+00,-0.000000000000000000e+00,-0.000000000000000000e+00,-0.000000000000000000e+00,-0.000000000000000000e+00,-0.000000000000000000e+00,-0.000000000000000000e+00,-0.000000000000000000e+00,-0.000000000000000000e+00,-0.000000000000000000e+00,-0.000000000000000000e+00,-0.000000000000000000e+00,-0.000000000000000000e+00,-0.000000000000000000e+00,-0.000000000000000000e+00,-0.000000000000000000e+00,-0.000000000000000000e+00,-0.000000000000000000e+00,-0.000000000000000000e+00,-0.000000000000000000e+00,-0.000000000000000000e+00,-0.000000000000000000e+00,-0.000000000000000000e+00,-0.000000000000000000e+00,-0.000000000000000000e+00,-0.000000000000000000e+00,-0.000000000000000000e+00,-0.000000000000000000e+00,-0.000000000000000000e+00,7.124031360514102170e-319,1.231099803759572310e-244,6.379722150250030437e-193,3.087795466221924755e-157,7.688361578894953161e-133,2.626929373529128943e-116,3.436410193941319817e-105,9.171514281978748316e-98,8.005462495533318423e-93,1.548749164017221774e-89,2.447575448269604992e-87,7.607245284625342970e-86,8.345186194764537519e-85,4.746550518081758031e-84,1.797195108305219973e-83,5.318937760126941308e-83,1.362807026768943974e-82,3.224921719648583131e-82,7.346243403336380917e-82,1.656706416577434590e-81,3.782874142230080559e-81,8.970356522728504406e-81,2.307587641432821747e-80,0.000000000000000000e+00,0.000000000000000000e+00
-0.000000000000000000e+00,-0.000000000000000000e+00,-0.000000000000000000e+00,-0.000000000000000000e+00,-0.000000000000000000e+00,-0.000000000000000000e+00,-0.000000000000000000e+00,-0.000000000000000000e+00,-0.000000000000000000e+00,-0.000000000000000000e+00,-0.000000000000000000e+00,-0.000000000000000000e+00,-0.000000000000000000e+00,-0.000000000000000000e+00,-0.000000000000000000e+00,-0.000000000000000000e+00,-0.000000000000000000e+00,-0.000000000000000000e+00,-0.000000000000000000e+00,-0.000000000000000000e+00,-0.000000000000000000e+00,-0.000000000000000000e+00,-0.000000000000000000e+00,-0.000000000000000000e+00,-0.000000000000000000e+00,-0.000000000000000000e+00,-0.000000000000000000e+00,-0.000000000000000000e+00,-0.000000000000000000e+00,-0.000000000000000000e+00,-0.000000000000000000e+00,-0.000000000000000000e+00,-0.000000000000000000e+00,-0.000000000000000000e+00,-0.000000000000000000e+00,-0.000000000000000000e+00,-0.000000000000000000e+00,-0.000000000000000000e+00,-0.000000000000000000e+00,-0.000000000000000000e+00,-0.000000000000000000e+00,-0.000000000000000000e+00,-0.000000000000000000e+00,-0.000000000000000000e+00,-0.000000000000000000e+00,-0.000000000000000000e+00,-0.000000000000000000e+00,-0.000000000000000000e+00,-0.000000000000000000e+00,-0.000000000000000000e+00,-0.000000000000000000e+00,-0.000000000000000000e+00,-0.000000000000000000e+00,-0.000000000000000000e+00,-0.000000000000000000e+00,-0.000000000000000000e+00,-0.000000000000000000e+00,-0.000000000000000000e+00,-0.000000000000000000e+00,-0.000000000000000000e+00,-0.000000000000000000e+00,-0.000000000000000000e+00,-0.000000000000000000e+00,-0.000000000000000000e+00,-0.000000000000000000e+00,-0.000000000000000000e+00,-0.000000000000000000e+00,-0.000000000000000000e+00,-0.000000000000000000e+00,-0.000000000000000000e+00,-0.000000000000000000e+00,-0.000000000000000000e+00,-0.000000000000000000e+00,-0.000000000000000000e+00,-0.000000000000000000e+00,7.124031360514102170e-319,1.231099803759572310e-244,6.379722150250030437e-193,3.087795466221924755e-157,7.688361578894953161e-133,2.626929373529128943e-116,3.436410193941319817e-105,9.171514281978748316e-98,8.005462495533318423e-93,1.548749164017221774e-89,2.447575448269604992e-87,7.607245284625342970e-86,8.345186194764537519e-85,4.746550518081758031e-84,1.797195108305219973e-83,5.318937760126941308e-83,1.362807026768943974e-82,3.224921719648583131e-82,7.346243403336380917e-82,1.656706416577434590e-81,3.782874142230080559e-81,8.970356522728504406e-81,2.307587641432821747e-80,0.000000000000000000e+00,0.000000000000000000e+00
-0.000000000000000000e+00,-0.000000000000000000e+00,-0.000000000000000000e+00,-0.000000000000000000e+00,-0.000000000000000000e+00,-0.000000000000000000e+00,-0.000000000000000000e+00,-0.000000000000000000e+00,-0.000000000000000000e+00,-0.000000000000000000e+00,-0.000000000000000000e+00,-0.000000000000000000e+00,-0.000000000000000000e+00,-0.000000000000000000e+00,-0.000000000000000000e+00,-0.000000000000000000e+00,-0.000000000000000000e+00,-0.000000000000000000e+00,-0.000000000000000000e+00,-0.000000000000000000e+00,-0.000000000000000000e+00,-0.000000000000000000e+00,-0.000000000000000000e+00,-0.000000000000000000e+00,-0.000000000000000000e+00,-0.000000000000000000e+00,-0.000000000000000000e+00,-0.000000000000000000e+00,-0.000000000000000000e+00,-0.000000000000000000e+00,-0.000000000000000000e+00,-0.000000000000000000e+00,-0.000000000000000000e+00,-0.000000000000000000e+00,-0.000000000000000000e+00,-0.000000000000000000e+00,-0.000000000000000000e+00,-0.000000000000000000e+00,-0.000000000000000000e+00,-0.000000000000000000e+00,-0.000000000000000000e+00,-0.000000000000000000e+00,-0.000000000000000000e+00,-0.000000000000000000e+00,-0.000000000000000000e+00,-0.000000000000000000e+00,-0.000000000000000000e+00,-0.000000000000000000e+00,-0.000000000000000000e+00,-0.000000000000000000e+00,-0.000000000000000000e+00,-0.000000000000000000e+00,-0.000000000000000000e+00,-0.000000000000000000e+00,-0.000000000000000000e+00,-0.000000000000000000e+00,-0.000000000000000000e+00,-0.000000000000000000e+00,-0.000000000000000000e+00,-0.000000000000000000e+00,-0.000000000000000000e+00,-0.000000000000000000e+00,-0.000000000000000000e+00,-0.000000000000000000e+00,-0.000000000000000000e+00,-0.000000000000000000e+00,-0.000000000000000000e+00,-0.000000000000000000e+00,-0.000000000000000000e+00,-0.000000000000000000e+00,-0.000000000000000000e+00,-0.000000000000000000e+00,-0.000000000000000000e+00,-0.000000000000000000e+00,-0.000000000000000000e+00,7.124031360514102170e-319,1.231099803759572310e-244,6.379722150250030437e-193,3.087795466221924755e-157,7.688361578894953161e-133,2.626929373529128943e-116,3.436410193941319817e-105,9.171514281978748316e-98,8.005462495533318423e-93,1.548749164017221774e-89,2.447575448269604992e-87,7.607245284625342970e-86,8.345186194764537519e-85,4.746550518081758031e-84,1.797195108305219973e-83,5.318937760126941308e-83,1.362807026768943974e-82,3.224921719648583131e-82,7.346243403336380917e-82,1.656706416577434590e-81,3.782874142230080559e-81,8.970356522728504406e-81,2.307587641432821747e-80,0.000000000000000000e+00,0.000000000000000000e+00
-0.000000000000000000e+00,-0.000000000000000000e+00,-0.000000000000000000e+00,-0.000000000000000000e+00,-0.000000000000000000e+00,-0.000000000000000000e+00,-0.000000000000000000e+00,-0.000000000000000000e+00,-0.000000000000000000e+00,-0.000000000000000000e+00,-0.000000000000000000e+00,-0.000000000000000000e+00,-0.000000000000000000e+00,-0.000000000000000000e+00,-0.000000000000000000e+00,-0.000000000000000000e+00,-0.000000000000000000e+00,-0.000000000000000000e+00,-0.000000000000000000e+00,-0.000000000000000000e+00,-0.000000000000000000e+00,-0.000000000000000000e+00,-0.000000000000000000e+00,-0.000000000000000000e+00,-0.000000000000000000e+00,-0.000000000000000000e+00,-0.000000000000000000e+00,-0.000000000000000000e+00,-0.000000000000000000e+00,-0.000000000000000000e+00,-0.000000000000000000e+00,-0.000000000000000000e+00,-0.000000000000000000e+00,-0.000000000000000000e+00,-0.000000000000000000e+00,-0.000000000000000000e+00,-0.000000000000000000e+00,-0.000000000000000000e+00,-0.000000000000000000e+00,-0.000000000000000000e+00,-0.000000000000000000e+00,-0.000000000000000000e+00,-0.000000000000000000e+00,-0.000000000000000000e+00,-0.000000000000000000e+00,-0.000000000000000000e+00,-0.000000000000000000e+00,-0.000000000000000000e+00,-0.000000000000000000e+00,-0.000000000000000000e+00,-0.000000000000000000e+00,-0.000000000000000000e+00,-0.000000000000000000e+00,-0.000000000000000000e+00,-0.000000000000000000e+00,-0.000000000000000000e+00,-0.000000000000000000e+00,-0.000000000000000000e+00,-0.000000000000000000e+00,-0.000000000000000000e+00,-0.000000000000000000e+00,-0.000000000000000000e+00,-0.000000000000000000e+00,-0.000000000000000000e+00,-0.000000000000000000e+00,-0.000000000000000000e+00,-0.000000000000000000e+00,-0.000000000000000000e+00,-0.000000000000000000e+00,-0.000000000000000000e+00,-0.000000000000000000e+00,-0.000000000000000000e+00,-0.000000000000000000e+00,-0.000000000000000000e+00,-0.000000000000000000e+00,7.124031360514102170e-319,1.231099803759572310e-244,6.379722150250030437e-193,3.087795466221924755e-157,7.688361578894953161e-133,2.626929373529128943e-116,3.436410193941319817e-105,9.171514281978748316e-98,8.005462495533318423e-93,1.548749164017221774e-89,2.447575448269604992e-87,7.607245284625342970e-86,8.345186194764537519e-85,4.746550518081758031e-84,1.797195108305219973e-83,5.318937760126941308e-83,1.362807026768943974e-82,3.224921719648583131e-82,7.346243403336380917e-82,1.656706416577434590e-81,3.782874142230080559e-81,8.970356522728504406e-81,2.307587641432821747e-80,0.000000000000000000e+00,0.000000000000000000e+00
-0.000000000000000000e+00,-0.000000000000000000e+00,-0.000000000000000000e+00,-0.000000000000000000e+00,-0.000000000000000000e+00,-0.000000000000000000e+00,-0.000000000000000000e+00,-0.000000000000000000e+00,-0.000000000000000000e+00,-0.000000000000000000e+00,-0.000000000000000000e+00,-0.000000000000000000e+00,-0.000000000000000000e+00,-0.000000000000000000e+00,-0.000000000000000000e+00,-0.000000000000000000e+00,-0.000000000000000000e+00,-0.000000000000000000e+00,-0.000000000000000000e+00,-0.000000000000000000e+00,-0.000000000000000000e+00,-0.000000000000000000e+00,-0.000000000000000000e+00,-0.000000000000000000e+00,-0.000000000000000000e+00,-0.000000000000000000e+00,-0.000000000000000000e+00,-0.000000000000000000e+00,-0.000000000000000000e+00,-0.000000000000000000e+00,-0.000000000000000000e+00,-0.000000000000000000e+00,-0.000000000000000000e+00,-0.000000000000000000e+00,-0.000000000000000000e+00,-0.000000000000000000e+00,-0.000000000000000000e+00,-0.000000000000000000e+00,-0.000000000000000000e+00,-0.000000000000000000e+00,-0.000000000000000000e+00,-0.000000000000000000e+00,-0.000000000000000000e+00,-0.000000000000000000e+00,-0.000000000000000000e+00,-0.000000000000000000e+00,-0.000000000000000000e+00,-0.000000000000000000e+00,-0.000000000000000000e+00,-0.000000000000000000e+00,-0.000000000000000000e+00,-0.000000000000000000e+00,-0.000000000000000000e+00,-0.000000000000000000e+00,-0.000000000000000000e+00,-0.000000000000000000e+00,-0.000000000000000000e+00,-0.000000000000000000e+00,-0.000000000000000000e+00,-0.000000000000000000e+00,-0.000000000000000000e+00,-0.000000000000000000e+00,-0.000000000000000000e+00,-0.000000000000000000e+00,-0.000000000000000000e+00,-0.000000000000000000e+00,-0.000000000000000000e+00,-0.000000000000000000e+00,-0.000000000000000000e+00,-0.000000000000000000e+00,-0.000000000000000000e+00,-0.000000000000000000e+00,-0.000000000000000000e+00,-0.000000000000000000e+00,-0.000000000000000000e+00,7.124031360514102170e-319,1.231099803759572310e-244,6.379722150250030437e-193,3.087795466221924755e-157,7.688361578894953161e-133,2.626929373529128943e-116,3.436410193941319817e-105,9.171514281978748316e-98,8.005462495533318423e-93,1.548749164017221774e-89,2.447575448269604992e-87,7.607245284625342970e-86,8.345186194764537519e-85,4.746550518081758031e-84,1.797195108305219973e-83,5.318937760126941308e-83,1.362807026768943974e-82,3.224921719648583131e-82,7.346243403336380917e-82,1.656706416577434590e-81,3.782874142230080559e-81,8.970356522728504406e-81,2.307587641432821747e-80,0.000000000000000000e+00,0.000000000000000000e+00
-0.000000000000000000e+00,-0.000000000000000000e+00,-0.000000000000000000e+00,-0.000000000000000000e+00,-0.000000000000000000e+00,-0.000000000000000000e+00,-0.000000000000000000e+00,-0.000000000000000000e+00,-0.000000000000000000e+00,-0.000000000000000000e+00,-0.000000000000000000e+00,-0.000000000000000000e+00,-0.000000000000000000e+00,-0.000000000000000000e+00,-0.000000000000000000e+00,-0.000000000000000000e+00,-0.000000000000000000e+00,-0.000000000000000000e+00,-0.000000000000000000e+00,-0.000000000000000000e+00,-0.000000000000000000e+00,-0.000000000000000000e+00,-0.000000000000000000e+00,-0.000000000000000000e+00,-0.000000000000000000e+00,-0.000000000000000000e+00,-0.000000000000000000e+00,-0.000000000000000000e+00,-0.000000000000000000e+00,-0.000000000000000000e+00,-0.000000000000000000e+00,-0.000000000000000000e+00,-0.000000000000000000e+00,-0.000000000000000000e+00,-0.000000000000000000e+00,-0.000000000000000000e+00,-0.000000000000000000e+00,-0.000000000000000000e+00,-0.000000000000000000e+00,-0.000000000000000000e+00,-0.000000000000000000e+00,-0.000000000000000000e+00,-0.000000000000000000e+00,-0.000000000000000000e+00,-0.000000000000000000e+00,-0.000000000000000000e+00,-0.000000000000000000e+00,-0.000000000000000000e+00,-0.000000000000000000e+00,-0.000000000000000000e+00,-0.000000000000000000e+00,-0.000000000000000000e+00,-0.000000000000000000e+00,-0.000000000000000000e+00,-0.000000000000000000e+00,-0.000000000000000000e+00,-0.000000000000000000e+00,-0.000000000000000000e+00,-0.000000000000000000e+00,-0.000000000000000000e+00,-0.000000000000000000e+00,-0.000000000000000000e+00,-0.000000000000000000e+00,-0.000000000000000000e+00,-0.000000000000000000e+00,-0.000000000000000000e+00,-0.000000000000000000e+00,-0.000000000000000000e+00,-0.000000000000000000e+00,-0.000000000000000000e+00,-0.000000000000000000e+00,-0.000000000000000000e+00,-0.000000000000000000e+00,-0.000000000000000000e+00,-0.000000000000000000e+00,7.124031360514102170e-319,1.231099803759572310e-244,6.379722150250030437e-193,3.087795466221924755e-157,7.688361578894953161e-133,2.626929373529128943e-116,3.436410193941319817e-105,9.171514281978748316e-98,8.005462495533318423e-93,1.548749164017221774e-89,2.447575448269604992e-87,7.607245284625342970e-86,8.345186194764537519e-85,4.746550518081758031e-84,1.797195108305219973e-83,5.318937760126941308e-83,1.362807026768943974e-82,3.224921719648583131e-82,7.346243403336380917e-82,1.656706416577434590e-81,3.782874142230080559e-81,8.970356522728504406e-81,2.307587641432821747e-80,0.000000000000000000e+00,0.000000000000000000e+00
-0.000000000000000000e+00,-0.000000000000000000e+00,-0.000000000000000000e+00,-0.000000000000000000e+00,-0.000000000000000000e+00,-0.000000000000000000e+00,-0.000000000000000000e+00,-0.000000000000000000e+00,-0.000000000000000000e+00,-0.000000000000000000e+00,-0.000000000000000000e+00,-0.000000000000000000e+00,-0.000000000000000000e+00,-0.000000000000000000e+00,-0.000000000000000000e+00,-0.000000000000000000e+00,-0.000000000000000000e+00,-0.000000000000000000e+00,-0.000000000000000000e+00,-0.000000000000000000e+00,-0.000000000000000000e+00,-0.000000000000000000e+00,-0.000000000000000000e+00,-0.000000000000000000e+00,-0.000000000000000000e+00,-0.000000000000000000e+00,-0.000000000000000000e+00,-0.000000000000000000e+00,-0.000000000000000000e+00,-0.000000000000000000e+00,-0.000000000000000000e+00,-0.000000000000000000e+00,-0.000000000000000000e+00,-0.000000000000000000e+00,-0.000000000000000000e+00,-0.000000000000000000e+00,-0.000000000000000000e+00,-0.000000000000000000e+00,-0.000000000000000000e+00,-0.000000000000000000e+00,-0.000000000000000000e+00,-0.000000000000000000e+00,-0.000000000000000000e+00,-0.000000000000000000e+00,-0.000000000000000000e+00,-0.000000000000000000e+00,-0.000000000000000000e+00,-0.000000000000000000e+00,-0.000000000000000000e+00,-0.000000000000000000e+00,-0.000000000000000000e+00,-0.000000000000000000e+00,-0.000000000000000000e+00,-0.000000000000000000e+00,-0.000000000000000000e+00,-0.000000000000000000e+00,-0.000000000000000000e+00,-0.000000000000000000e+00,-0.000000000000000000e+00,-0.000000000000000000e+00,-0.000000000000000000e+00,-0.000000000000000000e+00,-0.000000000000000000e+00,-0.000000000000000000e+00,-0.000000000000000000e+00,-0.000000000000000000e+00,-0.000000000000000000e+00,-0.000000000000000000e+00,-0.000000000000000000e+00,-0.000000000000000000e+00,-0.000000000000000000e+00,-0.000000000000000000e+00,-0.000000000000000000e+00,-0.000000000000000000e+00,-0.000000000000000000e+00,7.124031360514102170e-319,1.231099803759572310e-244,6.379722150250030437e-193,3.087795466221924755e-157,7.688361578894953161e-133,2.626929373529128943e-116,3.436410193941319817e-105,9.171514281978748316e-98,8.005462495533318423e-93,1.548749164017221774e-89,2.447575448269604992e-87,7.607245284625342970e-86,8.345186194764537519e-85,4.746550518081758031e-84,1.797195108305219973e-83,5.318937760126941308e-83,1.362807026768943974e-82,3.224921719648583131e-82,7.346243403336380917e-82,1.656706416577434590e-81,3.782874142230080559e-81,8.970356522728504406e-81,2.307587641432821747e-80,0.000000000000000000e+00,0.000000000000000000e+00
-0.000000000000000000e+00,-0.000000000000000000e+00,-0.000000000000000000e+00,-0.000000000000000000e+00,-0.000000000000000000e+00,-0.000000000000000000e+00,-0.000000000000000000e+00,-0.000000000000000000e+00,-0.000000000000000000e+00,-0.000000000000000000e+00,-0.000000000000000000e+00,-0.000000000000000000e+00,-0.000000000000000000e+00,-0.000000000000000000e+00,-0.000000000000000000e+00,-0.000000000000000000e+00,-0.000000000000000000e+00,-0.000000000000000000e+00,-0.000000000000000000e+00,-0.000000000000000000e+00,-0.000000000000000000e+00,-0.000000000000000000e+00,-0.000000000000000000e+00,-0.000000000000000000e+00,-0.000000000000000000e+00,-0.000000000000000000e+00,-0.000000000000000000e+00,-0.000000000000000000e+00,-0.000000000000000000e+00,-0.000000000000000000e+00,-0.000000000000000000e+00,-0.000000000000000000e+00,-0.000000000000000000e+00,-0.000000000000000000e+00,-0.000000000000000000e+00,-0.000000000000000000e+00,-0.000000000000000000e+00,-0.000000000000000000e+00,-0.000000000000000000e+00,-0.000000000000000000e+00,-0.000000000000000000e+00,-0.000000000000000000e+00,-0.000000000000000000e+00,-0.000000000000000000e+00,-0.000000000000000000e+00,-0.000000000000000000e+00,-0.000000000000000000e+00,-0.000000000000000000e+00,-0.000000000000000000e+00,-0.000000000000000000e+00,-0.000000000000000000e+00,-0.000000000000000000e+00,-0.000000000000000000e+00,-0.000000000000000000e+00,-0.000000000000000000e+00,-0.000000000000000000e+00,-0.000000000000000000e+00,-0.000000000000000000e+00,-0.000000000000000000e+00,-0.000000000000000000e+00,-0.000000000000000000e+00,-0.000000000000000000e+00,-0.000000000000000000e+00,-0.000000000000000000e+00,-0.000000000000000000e+00,-0.000000000000000000e+00,-0.000000000000000000e+00,-0.000000000000000000e+00,-0.000000000000000000e+00,-0.000000000000000000e+00,-0.000000000000000000e+00,-0.000000000000000000e+00,-0.000000000000000000e+00,-0.000000000000000000e+00,-0.000000000000000000e+00,7.124031360514102170e-319,1.231099803759572310e-244,6.379722150250030437e-193,3.087795466221924755e-157,7.688361578894953161e-133,2.626929373529128943e-116,3.436410193941319817e-105,9.171514281978748316e-98,8.005462495533318423e-93,1.548749164017221774e-89,2.447575448269604992e-87,7.607245284625342970e-86,8.345186194764537519e-85,4.746550518081758031e-84,1.797195108305219973e-83,5.318937760126941308e-83,1.362807026768943974e-82,3.224921719648583131e-82,7.346243403336380917e-82,1.656706416577434590e-81,3.782874142230080559e-81,8.970356522728504406e-81,2.307587641432821747e-80,0.000000000000000000e+00,0.000000000000000000e+00
-0.000000000000000000e+00,-0.000000000000000000e+00,-0.000000000000000000e+00,-0.000000000000000000e+00,-0.000000000000000000e+00,-0.000000000000000000e+00,-0.000000000000000000e+00,-0.000000000000000000e+00,-0.000000000000000000e+00,-0.000000000000000000e+00,-0.000000000000000000e+00,-0.000000000000000000e+00,-0.000000000000000000e+00,-0.000000000000000000e+00,-0.000000000000000000e+00,-0.000000000000000000e+00,-0.000000000000000000e+00,-0.000000000000000000e+00,-0.000000000000000000e+00,-0.000000000000000000e+00,-0.000000000000000000e+00,-0.000000000000000000e+00,-0.000000000000000000e+00,-0.000000000000000000e+00,-0.000000000000000000e+00,-0.000000000000000000e+00,-0.000000000000000000e+00,-0.000000000000000000e+00,-0.000000000000000000e+00,-0.000000000000000000e+00,-0.000000000000000000e+00,-0.000000000000000000e+00,-0.000000000000000000e+00,-0.000000000000000000e+00,-0.000000000000000000e+00,-0.000000000000000000e+00,-0.000000000000000000e+00,-0.000000000000000000e+00,-0.000000000000000000e+00,-0.000000000000000000e+00,-0.000000000000000000e+00,-0.000000000000000000e+00,-0.000000000000000000e+00,-0.000000000000000000e+00,-0.000000000000000000e+00,-0.000000000000000000e+00,-0.000000000000000000e+00,-0.000000000000000000e+00,-0.000000000000000000e+00,-0.000000000000000000e+00,-0.000000000000000000e+00,-0.000000000000000000e+00,-0.000000000000000000e+00,-0.000000000000000000e+00,-0.000000000000000000e+00,-0.000000000000000000e+00,-0.000000000000000000e+00,-0.000000000000000000e+00,-0.000000000000000000e+00,-0.000000000000000000e+00,-0.000000000000000000e+00,-0.000000000000000000e+00,-0.000000000000000000e+00,-0.000000000000000000e+00,-0.000000000000000000e+00,-0.000000000000000000e+00,-0.000000000000000000e+00,-0.000000000000000000e+00,-0.000000000000000000e+00,-0.000000000000000000e+00,-0.000000000000000000e+00,-0.000000000000000000e+00,-0.000000000000000000e+00,-0.000000000000000000e+00,-0.000000000000000000e+00,7.124031360514102170e-319,1.231099803759572310e-244,6.379722150250030437e-193,3.087795466221924755e-157,7.688361578894953161e-133,2.626929373529128943e-116,3.436410193941319817e-105,9.171514281978748316e-98,8.005462495533318423e-93,1.548749164017221774e-89,2.447575448269604992e-87,7.607245284625342970e-86,8.345186194764537519e-85,4.746550518081758031e-84,1.797195108305219973e-83,5.318937760126941308e-83,1.362807026768943974e-82,3.224921719648583131e-82,7.346243403336380917e-82,1.656706416577434590e-81,3.782874142230080559e-81,8.970356522728504406e-81,2.307587641432821747e-80,0.000000000000000000e+00,0.000000000000000000e+00
-0.000000000000000000e+00,-0.000000000000000000e+00,-0.000000000000000000e+00,-0.000000000000000000e+00,-0.000000000000000000e+00,-0.000000000000000000e+00,-0.000000000000000000e+00,-0.000000000000000000e+00,-0.000000000000000000e+00,-0.000000000000000000e+00,-0.000000000000000000e+00,-0.000000000000000000e+00,-0.000000000000000000e+00,-0.000000000000000000e+00,-0.000000000000000000e+00,-0.000000000000000000e+00,-0.000000000000000000e+00,-0.000000000000000000e+00,-0.000000000000000000e+00,-0.000000000000000000e+00,-0.000000000000000000e+00,-0.000000000000000000e+00,-0.000000000000000000e+00,-0.000000000000000000e+00,-0.000000000000000000e+00,-0.000000000000000000e+00,-0.000000000000000000e+00,-0.000000000000000000e+00,-0.000000000000000000e+00,-0.000000000000000000e+00,-0.000000000000000000e+00,-0.000000000000000000e+00,-0.000000000000000000e+00,-0.000000000000000000e+00,-0.000000000000000000e+00,-0.000000000000000000e+00,-0.000000000000000000e+00,-0.000000000000000000e+00,-0.000000000000000000e+00,-0.000000000000000000e+00,-0.000000000000000000e+00,-0.000000000000000000e+00,-0.000000000000000000e+00,-0.000000000000000000e+00,-0.000000000000000000e+00,-0.000000000000000000e+00,-0.000000000000000000e+00,-0.000000000000000000e+00,-0.000000000000000000e+00,-0.000000000000000000e+00,-0.000000000000000000e+00,-0.000000000000000000e+00,-0.000000000000000000e+00,-0.000000000000000000e+00,-0.000000000000000000e+00,-0.000000000000000000e+00,-0.000000000000000000e+00,-0.000000000000000000e+00,-0.000000000000000000e+00,-0.000000000000000000e+00,-0.000000000000000000e+00,-0.000000000000000000e+00,-0.000000000000000000e+00,-0.000000000000000000e+00,-0.000000000000000000e+00,-0.000000000000000000e+00,-0.000000000000000000e+00,-0.000000000000000000e+00,-0.000000000000000000e+00,-0.000000000000000000e+00,-0.000000000000000000e+00,-0.000000000000000000e+00,-0.000000000000000000e+00,-0.000000000000000000e+00,-0.000000000000000000e+00,7.124031360514102170e-319,1.231099803759572310e-244,6.379722150250030437e-193,3.087795466221924755e-157,7.688361578894953161e-133,2.626929373529128943e-116,3.436410193941319817e-105,9.171514281978748316e-98,8.005462495533318423e-93,1.548749164017221774e-89,2.447575448269604992e-87,7.607245284625342970e-86,8.345186194764537519e-85,4.746550518081758031e-84,1.797195108305219973e-83,5.318937760126941308e-83,1.362807026768943974e-82,3.224921719648583131e-82,7.346243403336380917e-82,1.656706416577434590e-81,3.782874142230080559e-81,8.970356522728504406e-81,2.307587641432821747e-80,0.000000000000000000e+00,0.000000000000000000e+00
-0.000000000000000000e+00,-0.000000000000000000e+00,-0.000000000000000000e+00,-0.000000000000000000e+00,-0.000000000000000000e+00,-0.000000000000000000e+00,-0.000000000000000000e+00,-0.000000000000000000e+00,-0.000000000000000000e+00,-0.000000000000000000e+00,-0.000000000000000000e+00,-0.000000000000000000e+00,-0.000000000000000000e+00,-0.000000000000000000e+00,-0.000000000000000000e+00,-0.000000000000000000e+00,-0.000000000000000000e+00,-0.000000000000000000e+00,-0.000000000000000000e+00,-0.000000000000000000e+00,-0.000000000000000000e+00,-0.000000000000000000e+00,-0.000000000000000000e+00,-0.000000000000000000e+00,-0.000000000000000000e+00,-0.000000000000000000e+00,-0.000000000000000000e+00,-0.000000000000000000e+00,-0.000000000000000000e+00,-0.000000000000000000e+00,-0.000000000000000000e+00,-0.000000000000000000e+00,-0.000000000000000000e+00,-0.000000000000000000e+00,-0.000000000000000000e+00,-0.000000000000000000e+00,-0.000000000000000000e+00,-0.000000000000000000e+00,-0.000000000000000000e+00,-0.000000000000000000e+00,-0.000000000000000000e+00,-0.000000000000000000e+00,-0.000000000000000000e+00,-0.000000000000000000e+00,-0.000000000000000000e+00,-0.000000000000000000e+00,-0.000000000000000000e+00,-0.000000000000000000e+00,-0.000000000000000000e+00,-0.000000000000000000e+00,-0.000000000000000000e+00,-0.000000000000000000e+00,-0.000000000000000000e+00,-0.000000000000000000e+00,-0.000000000000000000e+00,-0.000000000000000000e+00,-0.000000000000000000e+00,-0.000000000000000000e+00,-0.000000000000000000e+00,-0.000000000000000000e+00,-0.000000000000000000e+00,-0.000000000000000000e+00,-0.000000000000000000e+00,-0.000000000000000000e+00,-0.000000000000000000e+00,-0.000000000000000000e+00,-0.000000000000000000e+00,-0.000000000000000000e+00,-0.000000000000000000e+00,-0.000000000000000000e+00,-0.000000000000000000e+00,-0.000000000000000000e+00,-0.000000000000000000e+00,-0.000000000000000000e+00,-0.000000000000000000e+00,7.124031360514102170e-319,1.231099803759572310e-244,6.379722150250030437e-193,3.087795466221924755e-157,7.688361578894953161e-133,2.626929373529128943e-116,3.436410193941319817e-105,9.171514281978748316e-98,8.005462495533318423e-93,1.548749164017221774e-89,2.447575448269604992e-87,7.607245284625342970e-86,8.345186194764537519e-85,4.746550518081758031e-84,1.797195108305219973e-83,5.318937760126941308e-83,1.362807026768943974e-82,3.224921719648583131e-82,7.346243403336380917e-82,1.656706416577434590e-81,3.782874142230080559e-81,8.970356522728504406e-81,2.307587641432821747e-80,0.000000000000000000e+00,0.000000000000000000e+00
-0.000000000000000000e+00,-0.000000000000000000e+00,-0.000000000000000000e+00,-0.000000000000000000e+00,-0.000000000000000000e+00,-0.000000000000000000e+00,-0.000000000000000000e+00,-0.000000000000000000e+00,-0.000000000000000000e+00,-0.000000000000000000e+00,-0.000000000000000000e+00,-0.000000000000000000e+00,-0.000000000000000000e+00,-0.000000000000000000e+00,-0.000000000000000000e+00,-0.000000000000000000e+00,-0.000000000000000000e+00,-0.000000000000000000e+00,-0.000000000000000000e+00,-0.000000000000000000e+00,-0.000000000000000000e+00,-0.000000000000000000e+00,-0.000000000000000000e+00,-0.000000000000000000e+00,-0.000000000000000000e+00,-0.000000000000000000e+00,-0.000000000000000000e+00,-0.000000000000000000e+00,-0.000000000000000000e+00,-0.000000000000000000e+00,-0.000000000000000000e+00,-0.000000000000000000e+00,-0.000000000000000000e+00,-0.000000000000000000e+00,-0.000000000000000000e+00,-0.000000000000000000e+00,-0.000000000000000000e+00,-0.000000000000000000e+00,-0.000000000000000000e+00,-0.000000000000000000e+00,-0.000000000000000000e+00,-0.000000000000000000e+00,-0.000000000000000000e+00,-0.000000000000000000e+00,-0.000000000000000000e+00,-0.000000000000000000e+00,-0.000000000000000000e+00,-0.000000000000000000e+00,-0.000000000000000000e+00,-0.000000000000000000e+00,-0.000000000000000000e+00,-0.000000000000000000e+00,-0.000000000000000000e+00,-0.000000000000000000e+00,-0.000000000000000000e+00,-0.000000000000000000e+00,-0.000000000000000000e+00,-0.000000000000000000e+00,-0.000000000000000000e+00,-0.000000000000000000e+00,-0.000000000000000000e+00,-0.000000000000000000e+00,-0.000000000000000000e+00,-0.000000000000000000e+00,-0.000000000000000000e+00,-0.000000000000000000e+00,-0.000000000000000000e+00,-0.000000000000000000e+00,-0.000000000000000000e+00,-0.000000000000000000e+00,-0.000000000000000000e+00,-0.000000000000000000e+00,-0.000000000000000000e+00,-0.000000000000000000e+00,-0.000000000000000000e+00,7.124031360514102170e-319,1.231099803759572310e-244,6.379722150250030437e-193,3.087795466221924755e-157,7.688361578894953161e-133,2.626929373529128943e-116,3.436410193941319817e-105,9.171514281978748316e-98,8.005462495533318423e-93,1.548749164017221774e-89,2.447575448269604992e-87,7.607245284625342970e-86,8.345186194764537519e-85,4.746550518081758031e-84,1.797195108305219973e-83,5.318937760126941308e-83,1.362807026768943974e-82,3.224921719648583131e-82,7.346243403336380917e-82,1.656706416577434590e-81,3.782874142230080559e-81,8.970356522728504406e-81,2.307587641432821747e-80,0.000000000000000000e+00,0.000000000000000000e+00
-0.000000000000000000e+00,-0.000000000000000000e+00,-0.000000000000000000e+00,-0.000000000000000000e+00,-0.000000000000000000e+00,-0.000000000000000000e+00,-0.000000000000000000e+00,-0.000000000000000000e+00,-0.000000000000000000e+00,-0.000000000000000000e+00,-0.000000000000000000e+00,-0.000000000000000000e+00,-0.000000000000000000e+00,-0.000000000000000000e+00,-0.000000000000000000e+00,-0.000000000000000000e+00,-0.000000000000000000e+00,-0.000000000000000000e+00,-0.000000000000000000e+00,-0.000000000000000000e+00,-0.000000000000000000e+00,-0.000000000000000000e+00,-0.000000000000000000e+00,-0.000000000000000000e+00,-0.000000000000000000e+00,-0.000000000000000000e+00,-0.000000000000000000e+00,-0.000000000000000000e+00,-0.000000000000000000e+00,-0.000000000000000000e+00,-0.000000000000000000e+00,-0.000000000000000000e+00,-0.000000000000000000e+00,-0.000000000000000000e+00,-0.000000000000000000e+00,-0.000000000000000000e+00,-0.000000000000000000e+00,-0.000000000000000000e+00,-0.000000000000000000e+00,-0.000000000000000000e+00,-0.000000000000000000e+00,-0.000000000000000000e+00,-0.000000000000000000e+00,-0.000000000000000000e+00,-0.000000000000000000e+00,-0.000000000000000000e+00,-0.000000000000000000e+00,-0.000000000000000000e+00,-0.000000000000000000e+00,-0.000000000000000000e+00,-0.000000000000000000e+00,-0.000000000000000000e+00,-0.000000000000000000e+00,-0.000000000000000000e+00,-0.000000000000000000e+00,-0.000000000000000000e+00,-0.000000000000000000e+00,-0.000000000000000000e+00,-0.000000000000000000e+00,-0.000000000000000000e+00,-0.000000000000000000e+00,-0.000000000000000000e+00,-0.000000000000000000e+00,-0.000000000000000000e+00,-0.000000000000000000e+00,-0.000000000000000000e+00,-0.000000000000000000e+00,-0.000000000000000000e+00,-0.000000000000000000e+00,-0.000000000000000000e+00,-0.000000000000000000e+00,-0.000000000000000000e+00,-0.000000000000000000e+00,-0.000000000000000000e+00,-0.000000000000000000e+00,7.124031360514102170e-319,1.231099803759572310e-244,6.379722150250030437e-193,3.087795466221924755e-157,7.688361578894953161e-133,2.626929373529128943e-116,3.436410193941319817e-105,9.171514281978748316e-98,8.005462495533318423e-93,1.548749164017221774e-89,2.447575448269604992e-87,7.607245284625342970e-86,8.345186194764537519e-85,4.746550518081758031e-84,1.797195108305219973e-83,5.318937760126941308e-83,1.362807026768943974e-82,3.224921719648583131e-82,7.346243403336380917e-82,1.656706416577434590e-81,3.782874142230080559e-81,8.970356522728504406e-81,2.307587641432821747e-80,0.000000000000000000e+00,0.000000000000000000e+00
-0.000000000000000000e+00,-0.000000000000000000e+00,-0.000000000000000000e+00,-0.000000000000000000e+00,-0.000000000000000000e+00,-0.000000000000000000e+00,-0.000000000000000000e+00,-0.000000000000000000e+00,-0.000000000000000000e+00,-0.000000000000000000e+00,-0.000000000000000000e+00,-0.000000000000000000e+00,-0.000000000000000000e+00,-0.000000000000000000e+00,-0.000000000000000000e+00,-0.000000000000000000e+00,-0.000000000000000000e+00,-0.000000000000000000e+00,-0.000000000000000000e+00,-0.000000000000000000e+00,-0.000000000000000000e+00,-0.000000000000000000e+00,-0.000000000000000000e+00,-0.000000000000000000e+00,-0.000000000000000000e+00,-0.000000000000000000e+00,-0.000000000000000000e+00,-0.000000000000000000e+00,-0.000000000000000000e+00,-0.000000000000000000e+00,-0.000000000000000000e+00,-0.000000000000000000e+00,-0.000000000000000000e+00,-0.000000000000000000e+00,-0.000000000000000000e+00,-0.000000000000000000e+00,-0.000000000000000000e+00,-0.000000000000000000e+00,-0.000000000000000000e+00,-0.000000000000000000e+00,-0.000000000000000000e+00,-0.000000000000000000e+00,-0.000000000000000000e+00,-0.000000000000000000e+00,-0.000000000000000000e+00,-0.000000000000000000e+00,-0.000000000000000000e+00,-0.000000000000000000e+00,-0.000000000000000000e+00,-0.000000000000000000e+00,-0.000000000000000000e+00,-0.000000000000000000e+00,-0.000000000000000000e+00,-0.000000000000000000e+00,-0.000000000000000000e+00,-0.000000000000000000e+00,-0.000000000000000000e+00,-0.000000000000000000e+00,-0.000000000000000000e+00,-0.000000000000000000e+00,-0.000000000000000000e+00,-0.000000000000000000e+00,-0.000000000000000000e+00,-0.000000000000000000e+00,-0.000000000000000000e+00,-0.000000000000000000e+00,-0.000000000000000000e+00,-0.000000000000000000e+00,-0.000000000000000000e+00,-0.000000000000000000e+00,-0.000000000000000000e+00,-0.000000000000000000e+00,-0.000000000000000000e+00,-0.000000000000000000e+00,-0.000000000000000000e+00,7.124031360514102170e-319,1.231099803759572310e-244,6.379722150250030437e-193,3.087795466221924755e-157,7.688361578894953161e-133,2.626929373529128943e-116,3.436410193941319817e-105,9.171514281978748316e-98,8.005462495533318423e-93,1.548749164017221774e-89,2.447575448269604992e-87,7.607245284625342970e-86,8.345186194764537519e-85,4.746550518081758031e-84,1.797195108305219973e-83,5.318937760126941308e-83,1.362807026768943974e-82,3.224921719648583131e-82,7.346243403336380917e-82,1.656706416577434590e-81,3.782874142230080559e-81,8.970356522728504406e-81,2.307587641432821747e-80,0.000000000000000000e+00,0.000000000000000000e+00
-0.000000000000000000e+00,-0.000000000000000000e+00,-0.000000000000000000e+00,-0.000000000000000000e+00,-0.000000000000000000e+00,-0.000000000000000000e+00,-0.000000000000000000e+00,-0.000000000000000000e+00,-0.000000000000000000e+00,-0.000000000000000000e+00,-0.000000000000000000e+00,-0.000000000000000000e+00,-0.000000000000000000e+00,-0.000000000000000000e+00,-0.000000000000000000e+00,-0.000000000000000000e+00,-0.000000000000000000e+00,-0.000000000000000000e+00,-0.000000000000000000e+00,-0.000000000000000000e+00,-0.000000000000000000e+00,-0.000000000000000000e+00,-0.000000000000000000e+00,-0.000000000000000000e+00,-0.000000000000000000e+00,-0.000000000000000000e+00,-0.000000000000000000e+00,-0.000000000000000000e+00,-0.000000000000000000e+00,-0.000000000000000000e+00,-0.000000000000000000e+00,-0.000000000000000000e+00,-0.000000000000000000e+00,-0.000000000000000000e+00,-0.000000000000000000e+00,-0.000000000000000000e+00,-0.000000000000000000e+00,-0.000000000000000000e+00,-0.000000000000000000e+00,-0.000000000000000000e+00,-0.000000000000000000e+00,-0.000000000000000000e+00,-0.000000000000000000e+00,-0.000000000000000000e+00,-0.000000000000000000e+00,-0.000000000000000000e+00,-0.000000000000000000e+00,-0.000000000000000000e+00,-0.000000000000000000e+00,-0.000000000000000000e+00,-0.000000000000000000e+00,-0.000000000000000000e+00,-0.000000000000000000e+00,-0.000000000000000000e+00,-0.000000000000000000e+00,-0.000000000000000000e+00,-0.000000000000000000e+00,-0.000000000000000000e+00,-0.000000000000000000e+00,-0.000000000000000000e+00,-0.000000000000000000e+00,-0.000000000000000000e+00,-0.000000000000000000e+00,-0.000000000000000000e+00,-0.000000000000000000e+00,-0.000000000000000000e+00,-0.000000000000000000e+00,-0.000000000000000000e+00,-0.000000000000000000e+00,-0.000000000000000000e+00,-0.000000000000000000e+00,-0.000000000000000000e+00,-0.000000000000000000e+00,-0.000000000000000000e+00,-0.000000000000000000e+00,7.124031360514102170e-319,1.231099803759572310e-244,6.379722150250030437e-193,3.087795466221924755e-157,7.688361578894953161e-133,2.626929373529128943e-116,3.436410193941319817e-105,9.171514281978748316e-98,8.005462495533318423e-93,1.548749164017221774e-89,2.447575448269604992e-87,7.607245284625342970e-86,8.345186194764537519e-85,4.746550518081758031e-84,1.797195108305219973e-83,5.318937760126941308e-83,1.362807026768943974e-82,3.224921719648583131e-82,7.346243403336380917e-82,1.656706416577434590e-81,3.782874142230080559e-81,8.970356522728504406e-81,2.307587641432821747e-80,0.000000000000000000e+00,0.000000000000000000e+00
-0.000000000000000000e+00,-0.000000000000000000e+00,-0.000000000000000000e+00,-0.000000000000000000e+00,-0.000000000000000000e+00,-0.000000000000000000e+00,-0.000000000000000000e+00,-0.000000000000000000e+00,-0.000000000000000000e+00,-0.000000000000000000e+00,-0.000000000000000000e+00,-0.000000000000000000e+00,-0.000000000000000000e+00,-0.000000000000000000e+00,-0.000000000000000000e+00,-0.000000000000000000e+00,-0.000000000000000000e+00,-0.000000000000000000e+00,-0.000000000000000000e+00,-0.000000000000000000e+00,-0.000000000000000000e+00,-0.000000000000000000e+00,-0.000000000000000000e+00,-0.000000000000000000e+00,-0.000000000000000000e+00,-0.000000000000000000e+00,-0.000000000000000000e+00,-0.000000000000000000e+00,-0.000000000000000000e+00,-0.000000000000000000e+00,-0.000000000000000000e+00,-0.000000000000000000e+00,-0.000000000000000000e+00,-0.000000000000000000e+00,-0.000000000000000000e+00,-0.000000000000000000e+00,-0.000000000000000000e+00,-0.000000000000000000e+00,-0.000000000000000000e+00,-0.000000000000000000e+00,-0.000000000000000000e+00,-0.000000000000000000e+00,-0.000000000000000000e+00,-0.000000000000000000e+00,-0.000000000000000000e+00,-0.000000000000000000e+00,-0.000000000000000000e+00,-0.000000000000000000e+00,-0.000000000000000000e+00,-0.000000000000000000e+00,-0.000000000000000000e+00,-0.000000000000000000e+00,-0.000000000000000000e+00,-0.000000000000000000e+00,-0.000000000000000000e+00,-0.000000000000000000e+00,-0.000000000000000000e+00,-0.000000000000000000e+00,-0.000000000000000000e+00,-0.000000000000000000e+00,-0.000000000000000000e+00,-0.000000000000000000e+00,-0.000000000000000000e+00,-0.000000000000000000e+00,-0.000000000000000000e+00,-0.000000000000000000e+00,-0.000000000000000000e+00,-0.000000000000000000e+00,-0.000000000000000000e+00,-0.000000000000000000e+00,-0.000000000000000000e+00,-0.000000000000000000e+00,-0.000000000000000000e+00,-0.000000000000000000e+00,-0.000000000000000000e+00,7.124031360514102170e-319,1.231099803759572310e-244,6.379722150250030437e-193,3.087795466221924755e-157,7.688361578894953161e-133,2.626929373529128943e-116,3.436410193941319817e-105,9.171514281978748316e-98,8.005462495533318423e-93,1.548749164017221774e-89,2.447575448269604992e-87,7.607245284625342970e-86,8.345186194764537519e-85,4.746550518081758031e-84,1.797195108305219973e-83,5.318937760126941308e-83,1.362807026768943974e-82,3.224921719648583131e-82,7.346243403336380917e-82,1.656706416577434590e-81,3.782874142230080559e-81,8.970356522728504406e-81,2.307587641432821747e-80,0.000000000000000000e+00,0.000000000000000000e+00
-0.000000000000000000e+00,-0.000000000000000000e+00,-0.000000000000000000e+00,-0.000000000000000000e+00,-0.000000000000000000e+00,-0.000000000000000000e+00,-0.000000000000000000e+00,-0.000000000000000000e+00,-0.000000000000000000e+00,-0.000000000000000000e+00,-0.000000000000000000e+00,-0.000000000000000000e+00,-0.000000000000000000e+00,-0.000000000000000000e+00,-0.000000000000000000e+00,-0.000000000000000000e+00,-0.000000000000000000e+00,-0.000000000000000000e+00,-0.000000000000000000e+00,-0.000000000000000000e+00,-0.000000000000000000e+00,-0.000000000000000000e+00,-0.000000000000000000e+00,-0.000000000000000000e+00,-0.000000000000000000e+00,-0.000000000000000000e+00,-0.000000000000000000e+00,-0.000000000000000000e+00,-0.000000000000000000e+00,-0.000000000000000000e+00,-0.000000000000000000e+00,-0.000000000000000000e+00,-0.000000000000000000e+00,-0.000000000000000000e+00,-0.000000000000000000e+00,-0.000000000000000000e+00,-0.000000000000000000e+00,-0.000000000000000000e+00,-0.000000000000000000e+00,-0.000000000000000000e+00,-0.000000000000000000e+00,-0.000000000000000000e+00,-0.000000000000000000e+00,-0.000000000000000000e+00,-0.000000000000000000e+00,-0.000000000000000000e+00,-0.000000000000000000e+00,-0.000000000000000000e+00,-0.000000000000000000e+00,-0.000000000000000000e+00,-0.000000000000000000e+00,-0.000000000000000000e+00,-0.000000000000000000e+00,-0.000000000000000000e+00,-0.000000000000000000e+00,-0.000000000000000000e+00,-0.000000000000000000e+00,-0.000000000000000000e+00,-0.000000000000000000e+00,-0.000000000000000000e+00,-0.000000000000000000e+00,-0.000000000000000000e+00,-0.000000000000000000e+00,-0.000000000000000000e+00,-0.000000000000000000e+00,-0.000000000000000000e+00,-0.000000000000000000e+00,-0.000000000000000000e+00,-0.000000000000000000e+00,-0.000000000000000000e+00,-0.000000000000000000e+00,-0.000000000000000000e+00,-0.000000000000000000e+00,-0.000000000000000000e+00,-0.000000000000000000e+00,7.124031360514102170e-319,1.231099803759572310e-244,6.379722150250030437e-193,3.087795466221924755e-157,7.688361578894953161e-133,2.626929373529128943e-116,3.436410193941319817e-105,9.171514281978748316e-98,8.005462495533318423e-93,1.548749164017221774e-89,2.447575448269604992e-87,7.607245284625342970e-86,8.345186194764537519e-85,4.746550518081758031e-84,1.797195108305219973e-83,5.318937760126941308e-83,1.362807026768943974e-82,3.224921719648583131e-82,7.346243403336380917e-82,1.656706416577434590e-81,3.782874142230080559e-81,8.970356522728504406e-81,2.307587641432821747e-80,0.000000000000000000e+00,0.000000000000000000e+00
-0.000000000000000000e+00,-0.000000000000000000e+00,-0.000000000000000000e+00,-0.000000000000000000e+00,-0.000000000000000000e+00,-0.000000000000000000e+00,-0.000000000000000000e+00,-0.000000000000000000e+00,-0.000000000000000000e+00,-0.000000000000000000e+00,-0.000000000000000000e+00,-0.000000000000000000e+00,-0.000000000000000000e+00,-0.000000000000000000e+00,-0.000000000000000000e+00,-0.000000000000000000e+00,-0.000000000000000000e+00,-0.000000000000000000e+00,-0.000000000000000000e+00,-0.000000000000000000e+00,-0.000000000000000000e+00,-0.000000000000000000e+00,-0.000000000000000000e+00,-0.000000000000000000e+00,-0.000000000000000000e+00,-0.000000000000000000e+00,-0.000000000000000000e+00,-0.000000000000000000e+00,-0.000000000000000000e+00,-0.000000000000000000e+00,-0.000000000000000000e+00,-0.000000000000000000e+00,-0.000000000000000000e+00,-0.000000000000000000e+00,-0.000000000000000000e+00,-0.000000000000000000e+00,-0.000000000000000000e+00,-0.000000000000000000e+00,-0.000000000000000000e+00,-0.000000000000000000e+00,-0.000000000000000000e+00,-0.000000000000000000e+00,-0.000000000000000000e+00,-0.000000000000000000e+00,-0.000000000000000000e+00,-0.000000000000000000e+00,-0.000000000000000000e+00,-0.000000000000000000e+00,-0.000000000000000000e+00,-0.000000000000000000e+00,-0.000000000000000000e+00,-0.000000000000000000e+00,-0.000000000000000000e+00,-0.000000000000000000e+00,-0.000000000000000000e+00,-0.000000000000000000e+00,-0.000000000000000000e+00,-0.000000000000000000e+00,-0.000000000000000000e+00,-0.000000000000000000e+00,-0.000000000000000000e+00,-0.000000000000000000e+00,-0.000000000000000000e+00,-0.000000000000000000e+00,-0.000000000000000000e+00,-0.000000000000000000e+00,-0.000000000000000000e+00,-0.000000000000000000e+00,-0.000000000000000000e+00,-0.000000000000000000e+00,-0.000000000000000000e+00,-0.000000000000000000e+00,-0.000000000000000000e+00,-0.000000000000000000e+00,-0.000000000000000000e+00,7.124031360514102170e-319,1.231099803759572310e-244,6.379722150250030437e-193,3.087795466221924755e-157,7.688361578894953161e-133,2.626929373529128943e-116,3.436410193941319817e-105,9.171514281978748316e-98,8.005462495533318423e-93,1.548749164017221774e-89,2.447575448269604992e-87,7.607245284625342970e-86,8.345186194764537519e-85,4.746550518081758031e-84,1.797195108305219973e-83,5.318937760126941308e-83,1.362807026768943974e-82,3.224921719648583131e-82,7.346243403336380917e-82,1.656706416577434590e-81,3.782874142230080559e-81,8.970356522728504406e-81,2.307587641432821747e-80,0.000000000000000000e+00,0.000000000000000000e+00
-0.000000000000000000e+00,-0.000000000000000000e+00,-0.000000000000000000e+00,-0.000000000000000000e+00,-0.000000000000000000e+00,-0.000000000000000000e+00,-0.000000000000000000e+00,-0.000000000000000000e+00,-0.000000000000000000e+00,-0.000000000000000000e+00,-0.000000000000000000e+00,-0.000000000000000000e+00,-0.000000000000000000e+00,-0.000000000000000000e+00,-0.000000000000000000e+00,-0.000000000000000000e+00,-0.000000000000000000e+00,-0.000000000000000000e+00,-0.000000000000000000e+00,-0.000000000000000000e+00,-0.000000000000000000e+00,-0.000000000000000000e+00,-0.000000000000000000e+00,-0.000000000000000000e+00,-0.000000000000000000e+00,-0.000000000000000000e+00,-0.000000000000000000e+00,-0.000000000000000000e+00,-0.000000000000000000e+00,-0.000000000000000000e+00,-0.000000000000000000e+00,-0.000000000000000000e+00,-0.000000000000000000e+00,-0.000000000000000000e+00,-0.000000000000000000e+00,-0.000000000000000000e+00,-0.000000000000000000e+00,-0.000000000000000000e+00,-0.000000000000000000e+00,-0.000000000000000000e+00,-0.000000000000000000e+00,-0.000000000000000000e+00,-0.000000000000000000e+00,-0.000000000000000000e+00,-0.000000000000000000e+00,-0.000000000000000000e+00,-0.000000000000000000e+00,-0.000000000000000000e+00,-0.000000000000000000e+00,-0.000000000000000000e+00,-0.000000000000000000e+00,-0.000000000000000000e+00,-0.000000000000000000e+00,-0.000000000000000000e+00,-0.000000000000000000e+00,-0.000000000000000000e+00,-0.000000000000000000e+00,-0.000000000000000000e+00,-0.000000000000000000e+00,-0.000000000000000000e+00,-0.000000000000000000e+00,-0.000000000000000000e+00,-0.000000000000000000e+00,-0.000000000000000000e+00,-0.000000000000000000e+00,-0.000000000000000000e+00,-0.000000000000000000e+00,-0.000000000000000000e+00,-0.000000000000000000e+00,-0.000000000000000000e+00,-0.000000000000000000e+00,-0.000000000000000000e+00,-0.000000000000000000e+00,-0.000000000000000000e+00,-0.000000000000000000e+00,7.124031360514102170e-319,1.231099803759572310e-244,6.379722150250030437e-193,3.087795466221924755e-157,7.688361578894953161e-133,2.626929373529128943e-116,3.436410193941319817e-105,9.171514281978748316e-98,8.005462495533318423e-93,1.548749164017221774e-89,2.447575448269604992e-87,7.607245284625342970e-86,8.345186194764537519e-85,4.746550518081758031e-84,1.797195108305219973e-83,5.318937760126941308e-83,1.362807026768943974e-82,3.224921719648583131e-82,7.346243403336380917e-82,1.656706416577434590e-81,3.782874142230080559e-81,8.970356522728504406e-81,2.307587641432821747e-80,0.000000000000000000e+00,0.000000000000000000e+00
-0.000000000000000000e+00,-0.000000000000000000e+00,-0.000000000000000000e+00,-0.000000000000000000e+00,-0.000000000000000000e+00,-0.000000000000000000e+00,-0.000000000000000000e+00,-0.000000000000000000e+00,-0.000000000000000000e+00,-0.000000000000000000e+00,-0.000000000000000000e+00,-0.000000000000000000e+00,-0.000000000000000000e+00,-0.000000000000000000e+00,-0.000000000000000000e+00,-0.000000000000000000e+00,-0.000000000000000000e+00,-0.000000000000000000e+00,-0.000000000000000000e+00,-0.000000000000000000e+00,-0.000000000000000000e+00,-0.000000000000000000e+00,-0.000000000000000000e+00,-0.000000000000000000e+00,-0.000000000000000000e+00,-0.000000000000000000e+00,-0.000000000000000000e+00,-0.000000000000000000e+00,-0.000000000000000000e+00,-0.000000000000000000e+00,-0.000000000000000000e+00,-0.000000000000000000e+00,-0.000000000000000000e+00,-0.000000000000000000e+00,-0.000000000000000000e+00,-0.000000000000000000e+00,-0.000000000000000000e+00,-0.000000000000000000e+00,-0.000000000000000000e+00,-0.000000000000000000e+00,-0.000000000000000000e+00,-0.000000000000000000e+00,-0.000000000000000000e+00,-0.000000000000000000e+00,-0.000000000000000000e+00,-0.000000000000000000e+00,-0.000000000000000000e+00,-0.000000000000000000e+00,-0.000000000000000000e+00,-0.000000000000000000e+00,-0.000000000000000000e+00,-0.000000000000000000e+00,-0.000000000000000000e+00,-0.000000000000000000e+00,-0.000000000000000000e+00,-0.000000000000000000e+00,-0.000000000000000000e+00,-0.000000000000000000e+00,-0.000000000000000000e+00,-0.000000000000000000e+00,-0.000000000000000000e+00,-0.000000000000000000e+00,-0.000000000000000000e+00,-0.000000000000000000e+00,-0.000000000000000000e+00,-0.000000000000000000e+00,-0.000000000000000000e+00,-0.000000000000000000e+00,-0.000000000000000000e+00,-0.000000000000000000e+00,-0.000000000000000000e+00,-0.000000000000000000e+00,-0.000000000000000000e+00,-0.000000000000000000e+00,-0.000000000000000000e+00,7.124031360514102170e-319,1.231099803759572310e-244,6.379722150250030437e-193,3.087795466221924755e-157,7.688361578894953161e-133,2.626929373529128943e-116,3.436410193941319817e-105,9.171514281978748316e-98,8.005462495533318423e-93,1.548749164017221774e-89,2.447575448269604992e-87,7.607245284625342970e-86,8.345186194764537519e-85,4.746550518081758031e-84,1.797195108305219973e-83,5.318937760126941308e-83,1.362807026768943974e-82,3.224921719648583131e-82,7.346243403336380917e-82,1.656706416577434590e-81,3.782874142230080559e-81,8.970356522728504406e-81,2.307587641432821747e-80,0.000000000000000000e+00,0.000000000000000000e+00
-0.000000000000000000e+00,-0.000000000000000000e+00,-0.000000000000000000e+00,-0.000000000000000000e+00,-0.000000000000000000e+00,-0.000000000000000000e+00,-0.000000000000000000e+00,-0.000000000000000000e+00,-0.000000000000000000e+00,-0.000000000000000000e+00,-0.000000000000000000e+00,-0.000000000000000000e+00,-0.000000000000000000e+00,-0.000000000000000000e+00,-0.000000000000000000e+00,-0.000000000000000000e+00,-0.000000000000000000e+00,-0.000000000000000000e+00,-0.000000000000000000e+00,-0.000000000000000000e+00,-0.000000000000000000e+00,-0.000000000000000000e+00,-0.000000000000000000e+00,-0.000000000000000000e+00,-0.000000000000000000e+00,-0.000000000000000000e+00,-0.000000000000000000e+00,-0.000000000000000000e+00,-0.000000000000000000e+00,-0.000000000000000000e+00,-0.000000000000000000e+00,-0.000000000000000000e+00,-0.000000000000000000e+00,-0.000000000000000000e+00,-0.000000000000000000e+00,-0.000000000000000000e+00,-0.000000000000000000e+00,-0.000000000000000000e+00,-0.000000000000000000e+00,-0.000000000000000000e+00,-0.000000000000000000e+00,-0.000000000000000000e+00,-0.000000000000000000e+00,-0.000000000000000000e+00,-0.000000000000000000e+00,-0.000000000000000000e+00,-0.000000000000000000e+00,-0.000000000000000000e+00,-0.000000000000000000e+00,-0.000000000000000000e+00,-0.000000000000000000e+00,-0.000000000000000000e+00,-0.000000000000000000e+00,-0.000000000000000000e+00,-0.000000000000000000e+00,-0.000000000000000000e+00,-0.000000000000000000e+00,-0.000000000000000000e+00,-0.000000000000000000e+00,-0.000000000000000000e+00,-0.000000000000000000e+00,-0.000000000000000000e+00,-0.000000000000000000e+00,-0.000000000000000000e+00,-0.000000000000000000e+00,-0.000000000000000000e+00,-0.000000000000000000e+00,-0.000000000000000000e+00,-0.000000000000000000e+00,-0.000000000000000000e+00,-0.000000000000000000e+00,-0.000000000000000000e+00,-0.000000000000000000e+00,-0.000000000000000000e+00,-0.000000000000000000e+00,7.124031360514102170e-319,1.231099803759572310e-244,6.379722150250030437e-193,3.087795466221924755e-157,7.688361578894953161e-133,2.626929373529128943e-116,3.436410193941319817e-105,9.171514281978748316e-98,8.005462495533318423e-93,1.548749164017221774e-89,2.447575448269604992e-87,7.607245284625342970e-86,8.345186194764537519e-85,4.746550518081758031e-84,1.797195108305219973e-83,5.318937760126941308e-83,1.362807026768943974e-82,3.224921719648583131e-82,7.346243403336380917e-82,1.656706416577434590e-81,3.782874142230080559e-81,8.970356522728504406e-81,2.307587641432821747e-80,0.000000000000000000e+00,0.000000000000000000e+00
